idx,dist_to_deck_m,velocity_mm_yr,sigma_v,height_dh_m,sigma_dh,thermal_mm_per_C,sigma_thermal,temporal_coherence,asi,is_ps
0,354.9,2.946,0.393,20.09,7.41,0.1392,0.0852,0.5633,,1
1,337.1,1.677,0.401,20.44,7.57,0.1034,0.0871,0.5355,,1
2,418.3,0.784,0.385,-16.8,7.27,-0.3359,0.0836,0.5412,,1
3,396.3,1.86,0.541,-25.91,10.2,-0.3413,0.1174,0.6278,,1
4,407.3,1.814,0.498,-18.99,9.4,-0.3499,0.1081,0.6289,,1
5,348.0,1.898,0.394,20.33,7.44,0.0632,0.0856,0.5438,,1
6,422.4,1.134,0.526,-16.37,9.93,-0.2615,0.1142,0.6249,,1
7,415.6,0.464,0.488,-20.36,9.2,-0.3024,0.1058,0.5877,,1
8,330.2,1.59,0.437,21.14,8.24,0.2214,0.0948,0.4611,,1
9,385.4,2.167,0.56,-22.31,10.57,-0.386,0.1216,0.3261,,0
10,869.0,2.208,0.933,0.91,17.59,0.3239,0.2024,0.1356,,0
11,411.4,0.991,0.498,-17.49,9.4,-0.2688,0.1082,0.6026,,1
12,860.5,2.124,0.981,17.53,18.5,0.5168,0.2128,0.082,,0
13,400.5,0.771,0.493,-19.88,9.3,-0.2476,0.107,0.5391,,1
14,840.2,3.043,0.921,1.89,17.38,0.6408,0.1999,0.0971,,0
15,341.2,1.829,0.427,20.59,8.05,0.124,0.0926,0.4973,,1
16,837.9,1.974,0.978,7.56,18.45,0.3314,0.2122,0.1034,,0
17,241.5,0.439,0.344,-40.67,6.48,-0.4546,0.0745,0.5304,,1
18,866.9,2.224,0.984,3.23,18.56,0.6803,0.2135,0.0202,,0
19,359.0,1.786,0.407,22.13,7.68,-0.016,0.0884,0.545,,1
20,404.6,0.63,0.478,-20.47,9.02,-0.2857,0.1037,0.5793,,1
21,862.3,2.573,1.003,6.34,18.93,0.7146,0.2177,0.0857,,0
22,849.1,2.259,0.918,13.1,17.32,0.6465,0.1992,0.0482,,0
23,398.2,1.85,0.473,-31.39,8.92,-0.4775,0.1027,0.5147,,1
24,858.0,2.382,0.957,-2.09,18.06,0.5649,0.2077,0.0444,,0
25,343.9,2.711,0.436,17.79,8.22,0.1137,0.0946,0.4561,,1
26,433.3,0.851,0.483,-13.91,9.12,-0.3039,0.1049,0.5695,,1
27,404.7,0.745,0.733,5.99,13.82,0.2913,0.1589,0.1716,,0
28,393.6,0.237,0.455,-27.11,8.58,-0.2529,0.0987,0.5242,,1
29,426.5,0.968,0.465,-23.0,8.77,-0.2392,0.1009,0.5459,,1
30,871.9,2.051,1.064,9.51,20.07,0.5875,0.2309,0.169,,0
31,851.2,1.848,1.033,2.07,19.48,0.6703,0.2241,0.0234,,0
32,1118.0,1.379,0.658,30.52,12.4,1.2119,0.1427,0.0555,,0
33,365.8,2.615,0.536,25.35,10.1,0.1103,0.1162,0.4085,,1
34,855.6,2.395,0.934,10.85,17.62,0.6601,0.2027,0.1837,,0
35,386.7,2.056,0.398,-30.04,7.51,-0.4133,0.0863,0.6415,,1
36,214.8,0.914,1.126,-2.32,21.24,-0.408,0.2443,0.0922,,0
37,347.3,2.174,0.558,16.29,10.53,0.2694,0.1211,0.1802,,0
38,380.5,1.426,0.496,-28.42,9.35,-0.4112,0.1076,0.5305,,1
39,844.5,2.171,0.945,12.63,17.82,0.5822,0.205,0.1163,,0
40,374.3,1.467,0.399,-30.83,7.52,-0.3541,0.0865,0.5998,,1
41,878.2,1.824,1.018,5.9,19.2,0.5885,0.2208,0.2108,,0
42,230.9,0.005,0.292,-41.84,5.5,-0.3902,0.0633,0.619,,1
43,369.0,1.759,0.452,-28.11,8.53,-0.5012,0.0982,0.528,,1
44,392.0,1.425,0.415,-27.84,7.83,-0.4097,0.0901,0.5986,,1
45,435.3,-0.67,0.567,-29.28,10.7,-0.5576,0.1231,0.5522,,1
46,75.1,-0.871,0.755,-50.69,14.24,-0.4446,0.1638,0.2074,,0
47,375.2,2.002,0.4,-29.27,7.55,-0.4281,0.0869,0.6305,,1
48,418.3,0.296,0.497,-35.1,9.37,-0.6076,0.1078,0.2517,,0
49,880.0,2.684,0.865,-12.85,16.31,0.3059,0.1876,0.1445,,0
50,820.1,1.534,0.958,14.79,18.08,0.4034,0.208,0.0472,,0
51,414.4,0.322,0.513,-18.68,9.67,-0.3479,0.1112,0.4206,,1
52,64.4,-0.343,0.352,-42.78,6.64,-0.4282,0.0764,0.6901,,1
53,381.4,2.3,0.494,-29.04,9.32,-0.5244,0.1072,0.4667,,1
54,319.3,1.921,0.592,39.28,11.16,0.1058,0.1284,0.1572,,0
55,440.2,1.023,0.407,-17.91,7.67,-0.2438,0.0883,0.63,,1
56,429.2,1.023,0.407,-17.91,7.67,-0.2439,0.0882,0.6304,,1
57,80.4,-0.696,0.415,-32.41,7.83,-0.2354,0.09,0.6084,,1
58,391.8,1.228,0.63,13.13,11.88,0.4129,0.1367,0.1191,,0
59,389.5,0.885,0.457,-29.42,8.61,-0.2848,0.0991,0.5191,,1
60,431.3,-0.081,0.384,-22.62,7.24,-0.3682,0.0833,0.7199,,1
61,422.5,-0.863,0.554,-32.65,10.45,-0.5739,0.1202,0.4926,,1
62,226.4,1.085,1.209,-9.09,22.81,-0.3206,0.2624,0.0069,,0
63,873.4,1.815,0.974,-1.06,18.38,0.723,0.2114,0.0703,,0
64,203.1,-0.078,1.156,11.69,21.81,-0.4853,0.2508,0.0602,,0
65,362.8,1.492,0.46,-25.09,8.68,-0.434,0.0998,0.5096,,1
66,1106.3,1.521,0.647,29.54,12.2,1.1196,0.1404,0.0527,,0
67,331.0,2.171,0.574,37.37,10.82,0.3892,0.1245,0.1997,,0
68,812.5,0.243,0.495,-9.3,9.34,-0.0148,0.1075,0.508,,1
69,332.9,2.728,0.479,25.35,9.04,0.1468,0.104,0.3018,,0
70,266.4,-0.111,0.666,-17.02,12.57,-0.5597,0.1446,0.1995,,0
71,82.0,2.128,0.75,-55.98,14.14,-0.5274,0.1626,0.1351,,0
72,1111.9,1.336,0.638,27.5,12.04,1.1453,0.1385,0.0671,,0
73,58.8,0.95,0.518,-25.92,9.77,-0.4135,0.1124,0.4981,,1
74,326.1,2.312,0.632,28.59,11.93,0.1515,0.1372,0.1942,,0
75,784.5,0.883,0.883,66.04,16.67,0.1688,0.1917,0.1713,,0
76,796.1,0.7,0.894,64.28,16.86,0.1631,0.1939,0.1655,,0
77,833.4,2.035,0.952,9.09,17.96,0.6495,0.2066,0.0088,,0
78,9.2,0.25,0.527,-1.26,9.93,-0.2066,0.1143,0.3992,,1
79,826.7,2.95,0.993,7.35,18.73,0.6191,0.2155,0.0688,,0
80,404.5,2.526,0.557,-42.4,10.51,-0.2139,0.1209,0.1607,,0
81,824.1,0.371,0.56,-11.91,10.55,0.0452,0.1214,0.4309,,1
82,252.2,0.621,0.351,-31.36,6.62,-0.5067,0.0762,0.5375,,1
83,392.9,2.704,0.627,-52.23,11.82,-0.4129,0.1359,0.1834,,0
84,790.0,0.473,0.965,88.82,18.21,0.4242,0.2095,0.1033,,0
85,70.2,-0.801,0.478,-40.19,9.02,-0.5587,0.1037,0.7327,,1
86,529.7,0.841,0.32,-67.3,6.03,-0.39,0.0693,0.5458,,1
87,409.7,1.639,0.523,-38.45,9.87,-0.4019,0.1135,0.4608,,1
88,255.8,0.897,0.298,-35.59,5.62,-0.5493,0.0646,0.6853,,1
89,46.6,-0.418,0.358,-37.53,6.74,-0.4352,0.0776,0.6838,,1
90,383.5,1.584,0.706,12.07,13.32,0.4641,0.1533,0.0478,,0
91,70.1,-0.377,0.403,-35.01,7.61,-0.2558,0.0876,0.6224,,1
92,28.8,-0.327,0.372,-27.32,7.02,-0.3887,0.0808,0.6852,,1
93,617.4,1.121,1.179,-51.23,22.23,0.0424,0.2558,0.1927,,0
94,403.2,1.19,0.587,-14.27,11.08,-0.0864,0.1274,0.3223,,0
95,511.9,0.799,0.293,-63.02,5.54,-0.4934,0.0637,0.6147,,1
96,36.0,-0.505,0.381,-32.17,7.19,-0.4418,0.0827,0.5779,,1
97,37.7,0.247,0.521,-5.69,9.83,-0.2609,0.1131,0.3874,,1
98,720.7,-2.078,1.188,11.67,22.42,0.3939,0.2579,0.1653,,0
99,357.5,1.426,0.572,-28.51,10.79,-0.3397,0.1241,0.4216,,1
100,27.0,0.227,0.53,-6.03,9.99,-0.2547,0.1149,0.3772,,1
101,522.6,0.396,0.333,-47.4,6.29,-0.5276,0.0723,0.5561,,1
102,447.0,1.335,0.648,-17.47,12.22,-0.4643,0.1406,0.5645,,1
103,86.8,0.61,0.406,-39.3,7.66,-0.3058,0.0881,0.5229,,1
104,351.2,1.771,0.701,-42.91,13.23,-0.4763,0.1522,0.1848,,0
105,778.4,1.244,0.95,74.09,17.91,0.0684,0.2061,0.1506,,0
106,64.4,0.616,0.448,-40.71,8.46,-0.4333,0.0973,0.431,,1
107,536.8,-0.886,0.506,-55.69,9.54,-0.4865,0.1097,0.2738,,0
108,801.7,0.316,0.925,91.49,17.45,0.3071,0.2008,0.1506,,0
109,382.7,0.28,0.448,-26.12,8.46,-0.2821,0.0973,0.5362,,1
110,1078.0,1.058,0.665,15.87,12.55,1.1059,0.1443,0.0814,,0
111,38.9,-0.138,0.384,-27.55,7.24,-0.378,0.0833,0.683,,1
112,802.2,0.947,0.892,58.1,16.83,0.1627,0.1936,0.1857,,0
113,79.2,0.357,0.293,-39.29,5.53,-0.3211,0.0636,0.6466,,1
114,1112.4,1.048,0.653,30.77,12.32,0.9765,0.1417,0.0855,,0
115,519.0,0.78,0.305,-58.92,5.75,-0.4599,0.0662,0.5812,,1
116,491.0,1.473,0.406,-30.76,7.65,-0.1311,0.088,0.5731,,1
117,427.0,0.738,0.488,-37.48,9.21,-0.3322,0.106,0.5051,,1
118,96.8,0.135,0.432,-40.65,8.15,-0.3395,0.0938,0.4834,,1
119,248.7,0.062,0.188,-39.13,3.55,-0.5942,0.0408,0.8274,,1
120,77.6,-0.195,0.447,-35.18,8.43,-0.3065,0.0969,0.4855,,1
121,48.7,0.112,0.417,-32.01,7.87,-0.455,0.0905,0.6334,,1
122,193.4,1.2,0.339,-46.26,6.39,-0.6191,0.0735,0.5833,,1
123,62.6,0.31,0.621,-39.48,11.71,-0.4079,0.1347,0.2694,,0
124,807.8,0.97,0.899,59.21,16.96,0.1834,0.1951,0.1509,,0
125,52.4,-0.69,0.363,-25.97,6.85,-0.3013,0.0788,0.6712,,1
126,27.2,-0.834,0.512,2.64,9.67,-0.2272,0.1112,0.4388,,1
127,540.4,0.784,0.306,-61.86,5.77,-0.4343,0.0663,0.6051,,1
128,205.2,0.259,0.994,6.46,18.74,0.0001,0.2156,0.2296,,0
129,448.3,1.563,0.673,-29.99,12.7,-0.3085,0.1461,0.323,,0
130,813.8,1.183,0.874,59.63,16.49,0.1584,0.1896,0.1981,,0
131,526.2,-0.049,0.305,-51.05,5.75,-0.4932,0.0662,0.6932,,1
132,1100.3,1.379,0.656,25.47,12.37,1.1639,0.1422,0.0791,,0
133,790.5,1.507,0.908,65.74,17.14,0.1337,0.1971,0.0432,,0
134,1095.7,1.153,0.7,19.17,13.21,1.193,0.1519,0.0457,,0
135,259.3,0.546,0.416,-37.26,7.85,-0.5383,0.0903,0.6993,,1
136,73.3,0.16,0.573,-32.5,10.82,-0.2703,0.1244,0.4077,,1
137,52.5,-0.027,0.587,-29.78,11.08,-0.4617,0.1275,0.1515,,0
138,445.7,1.193,0.368,-23.24,6.95,-0.0514,0.0799,0.6571,,1
139,212.6,-0.106,0.367,-42.92,6.93,-0.2499,0.0797,0.4444,,1
140,438.9,1.128,0.577,-35.93,10.89,-0.2465,0.1253,0.2813,,0
141,69.0,0.028,0.313,-42.41,5.9,-0.3559,0.0678,0.6889,,1
142,91.1,-0.553,0.533,-42.47,10.06,-0.1863,0.1158,0.4959,,1
143,61.5,-0.096,0.375,-32.74,7.08,-0.4188,0.0815,0.4591,,1
144,56.6,-0.305,0.362,-35.19,6.83,-0.3751,0.0786,0.6781,,1
145,245.1,0.42,0.308,-33.98,5.82,-0.5007,0.0669,0.5899,,1
146,727.5,-1.596,1.264,17.24,23.85,0.3659,0.2743,0.0494,,0
147,363.7,2.616,0.479,-24.96,9.03,-0.3032,0.1039,0.4362,,1
148,501.2,1.262,0.322,-59.31,6.07,-0.4699,0.0698,0.563,,1
149,828.7,-0.303,0.68,19.12,12.83,-0.2206,0.1476,0.0447,,0
150,70.4,-0.81,0.527,-35.6,9.94,-0.4312,0.1144,0.4701,,1
151,17.1,0.141,0.545,-4.63,10.28,-0.215,0.1183,0.3281,,0
152,547.5,-0.746,0.492,-58.11,9.29,-0.6313,0.1068,0.4492,,1
153,273.5,-0.878,0.552,-18.8,10.41,-0.6397,0.1198,0.2219,,0
154,458.0,1.305,0.657,-16.18,12.39,-0.4478,0.1425,0.5679,,1
155,840.3,-0.395,0.552,10.58,10.42,0.1275,0.1198,0.394,,1
156,533.3,0.312,0.368,-41.29,6.94,-0.3843,0.0798,0.5685,,1
157,90.9,-1.141,0.572,-47.57,10.8,-0.6397,0.1242,0.4563,,1
158,74.7,-0.223,0.749,-37.19,14.14,-0.5597,0.1626,0.4529,,1
159,238.0,0.154,0.19,-38.9,3.58,-0.5643,0.0412,0.8252,,1
160,76.5,0.104,0.229,-45.58,4.32,-0.6763,0.0497,0.8022,,1
161,447.1,1.179,0.474,-30.41,8.94,-0.0409,0.1029,0.4093,,1
162,852.0,-0.199,0.454,5.93,8.57,0.1649,0.0986,0.4917,,1
163,88.9,-1.11,0.57,-22.37,10.75,-0.414,0.1237,0.344,,0
164,25.3,-0.504,0.379,-20.13,7.15,-0.288,0.0823,0.4915,,1
165,1094.7,1.279,0.661,29.26,12.46,1.1276,0.1433,0.0664,,0
166,839.8,-0.194,0.49,-9.27,9.25,0.2439,0.1064,0.4997,,1
167,104.6,-0.221,0.376,-26.43,7.09,-0.4102,0.0815,0.5292,,1
168,262.9,0.734,0.379,-27.87,7.15,-0.546,0.0822,0.4686,,1
169,46.8,-0.456,0.27,-55.51,5.1,-0.7739,0.0587,0.7126,,1
170,74.2,-0.082,0.373,-42.01,7.03,-0.4525,0.0809,0.6979,,1
171,401.4,-0.344,0.503,-24.92,9.48,-0.4863,0.1091,0.4007,,1
172,173.8,0.632,1.236,25.42,23.31,-0.4,0.2682,0.0882,,0
173,770.9,0.779,0.552,-24.2,10.42,0.3072,0.1198,0.4669,,1
174,504.8,0.379,0.342,-57.56,6.45,-0.3973,0.0742,0.5631,,1
175,515.5,0.315,0.412,-51.55,7.78,-0.2814,0.0894,0.3993,,1
176,184.1,-0.765,0.198,-17.98,3.73,-0.3482,0.0429,0.8202,,1
177,451.1,1.032,0.473,-22.27,8.93,-0.2455,0.1027,0.542,,1
178,328.0,0.922,0.271,8.72,5.11,-0.1687,0.0588,0.6981,,1
179,389.3,-0.972,1.032,-5.74,19.48,-0.5822,0.224,0.039,,0
180,190.3,0.116,0.195,-4.42,3.69,-0.1748,0.0424,0.8164,,1
181,53.7,-0.403,0.38,-48.01,7.17,-0.4521,0.0825,0.6486,,1
182,836.3,0.522,0.495,-9.75,9.34,-0.0339,0.1074,0.5448,,1
183,409.7,-0.044,0.766,-29.55,14.45,-0.4587,0.1662,0.1481,,0
184,830.2,0.386,0.492,-10.75,9.28,-0.1031,0.1068,0.5377,,1
185,819.4,0.918,0.901,57.36,17.0,0.3223,0.1956,0.0386,,0
186,818.6,0.269,0.506,-7.09,9.55,-0.1265,0.1099,0.5133,,1
187,53.3,2.779,0.653,-30.79,12.33,-0.1931,0.1418,0.3634,,1
188,222.4,0.211,0.188,-30.35,3.55,-0.3793,0.0408,0.8211,,1
189,866.2,0.662,0.719,11.11,13.57,0.1773,0.1561,0.0723,,0
190,367.6,0.884,0.528,-5.91,9.97,-0.2234,0.1147,0.2995,,0
191,462.1,0.719,0.579,-16.08,10.92,-0.4119,0.1257,0.4923,,1
192,1107.3,1.498,0.703,24.32,13.27,1.3489,0.1526,0.1016,,0
193,41.0,-0.1,0.439,-28.27,8.28,-0.4078,0.0953,0.6543,,1
194,196.5,0.385,0.581,-5.65,10.96,0.0323,0.1261,0.1002,,0
195,369.9,2.48,0.475,24.43,8.96,-0.03,0.103,0.4772,,1
196,724.8,-1.645,1.137,-1.19,21.45,0.3486,0.2467,0.0632,,0
197,961.8,0.491,0.852,-19.95,16.08,0.386,0.1849,0.1895,,0
198,138.7,0.116,0.57,34.32,10.76,0.2731,0.1237,0.1619,,0
199,58.9,-1.369,0.442,-41.78,8.34,-0.7396,0.0959,0.335,,0
200,104.3,1.177,0.922,-65.8,17.4,-0.4561,0.2001,0.2444,,0
201,825.5,1.156,0.921,62.03,17.38,0.1518,0.1999,0.138,,0
202,824.8,0.526,0.491,-7.46,9.26,-0.0261,0.1065,0.54,,1
203,61.1,0.14,0.728,-24.2,13.73,-0.3627,0.158,0.7229,,1
204,405.4,0.234,0.589,-23.53,11.11,-0.6052,0.1278,0.3578,,1
205,76.1,-0.145,0.283,-31.95,5.34,-0.4485,0.0614,0.7618,,1
206,187.3,0.943,0.25,-44.82,4.72,-0.7376,0.0543,0.756,,1
207,738.8,0.243,0.444,3.15,8.38,0.2051,0.0964,0.5645,,1
208,339.0,1.175,0.263,7.41,4.95,-0.1236,0.057,0.7124,,1
209,731.7,-2.321,1.24,13.97,23.39,0.1454,0.269,0.1562,,0
210,321.2,0.534,0.29,7.28,5.47,-0.2729,0.0629,0.6354,,1
211,31.0,-0.251,0.376,-19.4,7.1,-0.3043,0.0817,0.6714,,1
212,59.1,0.636,0.569,-26.92,10.72,-0.3358,0.1234,0.6211,,1
213,393.3,1.16,0.577,19.21,10.89,0.3496,0.1252,0.2457,,0
214,381.1,2.501,0.736,16.78,13.88,0.3243,0.1596,0.1305,,0
215,459.1,0.86,0.443,-1.67,8.36,-0.4039,0.0961,0.4815,,1
216,88.0,2.394,0.541,-62.86,10.21,-0.7716,0.1175,0.255,,0
217,813.3,0.926,0.969,86.07,18.28,0.3496,0.2102,0.1262,,0
218,396.2,0.692,0.672,2.28,12.68,0.4962,0.1458,0.1182,,0
219,85.7,-0.598,0.865,-38.15,16.31,-0.4059,0.1876,0.4841,,1
220,82.1,-0.261,0.408,-62.79,7.7,-0.6584,0.0886,0.5935,,1
221,356.5,1.644,0.64,-29.01,12.06,-0.3952,0.1388,0.1573,,0
222,70.9,-0.509,0.426,-43.28,8.03,-0.7803,0.0923,0.3994,,1
223,344.8,3.116,0.633,15.92,11.94,0.3265,0.1374,0.1935,,0
224,400.8,1.371,0.68,-9.7,12.83,0.5048,0.1476,0.1963,,0
225,1084.1,1.187,0.721,28.32,13.6,1.2084,0.1565,0.0515,,0
226,332.1,1.134,0.404,3.28,7.63,-0.1788,0.0877,0.4674,,1
227,196.6,1.497,1.28,1.18,24.15,-0.3256,0.2777,0.0215,,0
228,378.6,0.61,0.455,-19.15,8.59,-0.1991,0.0988,0.4479,,1
229,8.5,0.139,0.661,-2.81,12.46,-0.3496,0.1434,0.3879,,1
230,197.0,0.398,1.246,2.21,23.5,-0.3833,0.2704,0.1346,,0
231,185.4,0.399,1.243,2.21,23.45,-0.3834,0.2697,0.1316,,0
232,486.8,0.72,0.617,-48.85,11.64,-0.3878,0.1339,0.0869,,0
233,103.5,0.343,0.705,-55.17,13.3,-0.7231,0.153,0.3602,,1
234,32.9,-0.473,0.482,-4.78,9.08,-0.2025,0.1045,0.5296,,1
235,819.9,1.63,0.969,58.98,18.28,0.2317,0.2103,0.0793,,0
236,43.1,0.091,0.498,-57.55,9.4,-0.8061,0.1081,0.4486,,1
237,444.3,0.647,0.412,-25.44,7.78,-0.4352,0.0894,0.5095,,1
238,379.0,0.797,0.729,9.12,13.76,0.417,0.1583,0.1326,,0
239,64.7,-0.285,0.296,-37.2,5.58,-0.546,0.0642,0.8258,,1
240,66.3,0.324,0.505,-44.51,9.52,-0.4793,0.1096,0.417,,1
241,529.6,-0.661,0.553,-12.2,10.43,0.1516,0.12,0.2265,,0
242,709.7,-1.317,1.269,9.19,23.94,0.4159,0.2754,0.0929,,0
243,897.4,0.379,1.024,1.35,19.31,0.6168,0.2221,0.2281,,0
244,111.7,0.492,0.409,-33.41,7.71,-0.5249,0.0887,0.6036,,1
245,727.4,0.237,0.451,10.84,8.51,0.2446,0.0979,0.5605,,1
246,453.8,1.32,0.565,1.43,10.66,-0.4406,0.1226,0.3426,,0
247,427.9,0.395,0.541,-45.23,10.21,-0.1183,0.1175,0.1605,,0
248,107.5,-0.077,0.67,-19.23,12.63,-0.5108,0.1453,0.1445,,0
249,969.5,-0.207,0.908,14.05,17.13,-0.2543,0.197,0.2081,,0
250,464.8,0.555,0.606,12.59,11.43,-0.4616,0.1314,0.2748,,0
251,163.5,-1.122,0.605,-24.5,11.41,0.0802,0.1312,0.4118,,1
252,508.4,-0.538,0.395,-25.92,7.45,-0.3117,0.0857,0.5103,,1
253,356.8,1.131,0.321,-22.67,6.06,-0.2093,0.0697,0.5679,,1
254,197.3,0.512,0.777,24.39,14.65,-0.1402,0.1685,0.3171,,0
255,404.1,3.086,0.745,-4.76,14.06,0.216,0.1618,0.0843,,0
256,423.9,3.087,0.748,-4.72,14.11,0.2156,0.1624,0.0861,,0
257,437.6,3.087,0.749,-4.7,14.13,0.2154,0.1626,0.0864,,0
258,430.8,3.087,0.749,-4.71,14.12,0.2155,0.1625,0.0863,,0
259,436.1,1.275,0.598,-16.31,11.29,-0.4441,0.1298,0.5202,,1
260,831.5,0.423,0.916,71.75,17.28,0.3827,0.1988,0.0976,,0
261,84.0,0.424,0.785,-50.59,14.82,-0.4974,0.1704,0.2834,,0
262,73.8,-0.484,0.559,-8.43,10.55,-0.1724,0.1213,0.3912,,1
263,71.5,-0.432,0.358,-55.02,6.75,-0.6103,0.0776,0.6917,,1
264,722.1,0.094,0.505,-0.7,9.53,0.12,0.1096,0.4522,,1
265,431.5,0.007,0.449,-23.89,8.47,-0.4042,0.0975,0.6243,,1
266,909.5,1.218,1.294,-27.17,24.41,0.8431,0.2808,0.1279,,0
267,56.9,-0.478,0.554,-6.63,10.44,-0.2031,0.1201,0.3849,,1
268,738.5,-1.885,1.37,3.94,25.84,0.4388,0.2972,0.1944,,0
269,234.5,0.09,0.225,-33.57,4.25,-0.5261,0.0489,0.761,,1
270,903.5,1.082,1.096,-14.24,20.67,0.7562,0.2377,0.1933,,0
271,214.3,1.14,1.039,-11.34,19.6,-0.3622,0.2255,0.2721,,0
272,227.3,0.383,0.207,-35.46,3.9,-0.5346,0.0449,0.8001,,1
273,220.3,-0.018,1.065,10.2,20.09,-0.3955,0.231,0.1244,,0
274,352.2,2.156,0.421,19.08,7.95,0.1047,0.0914,0.5032,,1
275,831.0,1.59,0.9,90.3,16.97,0.3072,0.1952,0.1652,,0
276,42.6,-0.223,0.417,-14.14,7.87,-0.1828,0.0906,0.5551,,1
277,58.4,-0.254,0.574,-39.85,10.84,-0.4101,0.1246,0.5178,,1
278,501.9,1.219,0.469,-44.16,8.84,-0.4163,0.1017,0.3837,,1
279,60.3,-1.282,0.414,-27.03,7.82,-0.4021,0.0899,0.5926,,1
280,414.1,1.568,0.649,-13.0,12.24,-0.0649,0.1408,0.3655,,1
281,426.2,0.04,0.363,-31.03,6.84,-0.3452,0.0787,0.7206,,1
282,420.8,0.514,0.428,-28.52,8.07,-0.2745,0.0928,0.6938,,1
283,149.6,0.973,0.528,36.28,9.96,0.2266,0.1146,0.1668,,0
284,927.3,0.659,1.298,-27.43,24.48,0.817,0.2816,0.0654,,0
285,724.7,-0.777,1.16,59.0,21.88,0.338,0.2517,0.1094,,0
286,184.9,1.189,1.164,9.39,21.96,-0.3895,0.2526,0.0467,,0
287,713.9,-1.664,1.178,-13.04,22.21,0.1228,0.2555,0.1993,,0
288,208.7,0.04,1.084,7.43,20.45,-0.3799,0.2353,0.1136,,0
289,494.1,0.032,0.336,-49.52,6.34,-0.3393,0.073,0.6361,,1
290,202.6,1.277,1.11,-3.36,20.93,-0.2104,0.2408,0.0628,,0
291,715.9,0.297,0.483,14.43,9.11,0.269,0.1048,0.5416,,1
292,32.4,0.023,0.591,-39.88,11.15,-0.7746,0.1283,0.2385,,0
293,60.9,-0.463,0.365,-53.57,6.88,-0.5187,0.0791,0.6526,,1
294,480.0,1.158,0.544,-29.94,10.27,-0.0876,0.1181,0.4881,,1
295,398.2,1.508,0.606,-15.86,11.42,0.1885,0.1314,0.2557,,0
296,486.8,0.445,0.441,-39.62,8.33,-0.6283,0.0958,0.7524,,1
297,220.2,-0.319,0.429,-29.74,8.09,-0.5098,0.093,0.5303,,1
298,475.9,1.297,0.411,-36.41,7.75,-0.1477,0.0891,0.5691,,1
299,247.8,0.214,0.541,-32.24,10.2,-0.4364,0.1174,0.2345,,0
300,837.1,0.976,0.847,60.22,15.98,0.265,0.1838,0.1169,,0
301,523.4,-0.566,0.489,-14.22,9.22,0.0474,0.1061,0.333,,0
302,78.6,-0.681,0.364,-61.03,6.87,-0.5027,0.0791,0.6342,,1
303,491.4,-0.303,0.539,-20.08,10.18,-0.499,0.1171,0.5668,,1
304,317.5,2.217,0.601,31.03,11.33,0.1289,0.1304,0.1141,,0
305,456.7,1.414,0.345,-31.23,6.5,0.0094,0.0748,0.6375,,1
306,191.0,0.17,1.081,11.58,20.39,-0.4021,0.2346,0.1204,,0
307,398.6,2.144,0.608,10.45,11.46,0.1668,0.1318,0.11,,0
308,704.4,-0.356,0.488,0.33,9.21,0.0838,0.1059,0.5202,,1
309,478.8,-0.816,0.546,-17.51,10.3,-0.5491,0.1185,0.4981,,1
310,392.2,2.37,0.656,-15.74,12.37,0.0853,0.1423,0.1286,,0
311,399.4,2.371,0.659,-15.71,12.43,0.0851,0.1429,0.1317,,0
312,50.2,-0.845,0.42,-50.1,7.92,-0.5053,0.0911,0.6693,,1
313,417.2,2.218,0.708,-11.89,13.35,0.0039,0.1536,0.0754,,0
314,409.9,2.217,0.705,-11.92,13.3,0.0042,0.153,0.0734,,0
315,199.7,1.042,0.568,-47.22,10.72,-0.7004,0.1233,0.2148,,0
316,94.0,-0.633,0.502,-44.41,9.47,-0.6131,0.109,0.4856,,1
317,40.8,0.057,0.389,-20.38,7.33,-0.2507,0.0844,0.6317,,1
318,68.0,-0.971,0.612,-47.71,11.54,-0.7055,0.1327,0.3153,,0
319,409.3,0.278,0.369,-22.12,6.96,-0.407,0.0801,0.6588,,1
320,1101.8,1.688,0.696,15.47,13.12,1.2848,0.1509,0.1041,,0
321,89.3,-0.535,0.357,-60.84,6.73,-0.6243,0.0774,0.6849,,1
322,96.9,1.799,1.006,18.36,18.99,-0.4449,0.2184,0.1871,,0
323,44.8,0.135,0.469,-12.01,8.86,-0.2671,0.1019,0.4195,,1
324,120.7,0.261,0.58,-33.66,10.94,-0.6323,0.1259,0.1434,,0
325,43.8,-0.614,0.544,-5.65,10.26,-0.2468,0.118,0.4096,,1
326,921.2,1.19,1.099,-24.65,20.74,0.7903,0.2385,0.2348,,0
327,39.5,0.047,0.587,-55.0,11.07,-0.3677,0.1273,0.3063,,0
328,78.6,-0.251,0.62,-11.4,11.69,-0.2607,0.1345,0.2064,,0
329,357.8,3.006,0.642,14.75,12.1,0.3394,0.1392,0.1349,,0
330,363.6,1.013,0.326,-12.84,6.15,-0.3682,0.0707,0.6116,,1
331,484.1,1.089,0.597,-18.64,11.26,0.0102,0.1296,0.107,,0
332,57.3,-1.724,0.775,-46.89,14.61,-0.4634,0.1681,0.3847,,1
333,829.2,0.311,0.504,-7.38,9.51,-0.0049,0.1094,0.4105,,1
334,155.2,0.45,0.672,35.08,12.68,-0.0066,0.1459,0.1777,,0
335,733.7,0.242,0.435,7.05,8.21,0.1673,0.0944,0.5815,,1
336,117.8,0.741,0.522,-56.25,9.84,-0.4954,0.1132,0.6139,,1
337,841.8,0.492,0.552,-14.98,10.42,0.0009,0.1198,0.5281,,1
338,185.4,1.564,0.345,-24.0,6.5,-0.4177,0.0748,0.6183,,1
339,333.9,1.635,0.568,16.2,10.71,0.1865,0.1232,0.1883,,0
340,437.5,1.523,0.492,-11.1,9.27,-0.221,0.1067,0.5275,,1
341,349.9,2.739,0.379,-28.68,7.15,-0.1528,0.0822,0.501,,1
342,180.1,1.923,0.453,-19.54,8.55,-0.4166,0.0984,0.6005,,1
343,845.9,0.161,0.402,4.38,7.58,0.2943,0.0872,0.5428,,1
344,437.7,0.318,0.419,-22.94,7.91,-0.6361,0.091,0.4543,,1
345,495.1,1.379,0.459,-19.38,8.66,-0.0098,0.0996,0.4619,,1
346,1079.0,1.229,0.716,19.82,13.5,0.8417,0.1553,0.045,,0
347,134.0,-0.145,0.655,-32.34,12.35,-0.4501,0.1421,0.3765,,1
348,173.9,1.68,0.419,-32.54,7.9,-0.3772,0.0909,0.5361,,1
349,71.3,-1.737,0.582,-28.28,10.98,-0.4769,0.1263,0.2295,,0
350,96.4,-0.986,0.612,-42.9,11.54,-0.4472,0.1328,0.3168,,0
351,429.8,-0.108,0.265,-27.64,5.0,-0.3657,0.0575,0.6683,,1
352,713.0,-1.148,1.334,69.51,25.17,0.4003,0.2895,0.164,,0
353,1096.7,3.265,0.753,24.33,14.2,0.953,0.1634,0.0458,,0
354,345.8,1.684,0.391,-41.53,7.38,-0.1931,0.0848,0.5784,,1
355,51.2,1.448,0.365,-34.63,6.89,-0.2833,0.0793,0.7143,,1
356,55.5,0.177,0.685,-9.6,12.92,-0.2926,0.1486,0.2843,,0
357,127.7,-0.024,0.552,31.62,10.42,0.2715,0.1198,0.1938,,0
358,474.1,0.5,0.437,-40.9,8.24,-0.6212,0.0948,0.7553,,1
359,950.2,0.349,0.751,-21.72,14.16,0.3343,0.1629,0.1837,,0
360,105.3,0.274,0.328,-29.98,6.19,-0.2611,0.0712,0.7254,,1
361,745.1,0.374,0.434,6.43,8.19,0.1676,0.0942,0.5839,,1
362,840.8,0.126,0.424,-12.05,8.0,-0.0127,0.0921,0.4829,,1
363,23.1,-0.003,0.616,-16.73,11.62,-0.268,0.1337,0.3583,,1
364,453.7,0.69,0.354,-28.58,6.68,-0.1976,0.0768,0.6181,,1
365,1113.4,0.935,0.814,30.16,15.35,1.4066,0.1766,0.0982,,0
366,66.2,0.154,0.775,-13.55,14.62,-0.2595,0.1682,0.3599,,1
367,464.9,1.131,0.459,-34.83,8.65,-0.1511,0.0995,0.4531,,1
368,1090.6,1.926,0.708,13.36,13.36,1.0785,0.1537,0.1301,,0
369,88.3,0.073,0.497,-27.04,9.38,-0.557,0.1079,0.3508,,1
370,150.5,0.52,1.314,2.67,24.79,-0.5684,0.2852,0.2689,,0
371,374.7,1.704,0.665,5.98,12.54,0.3206,0.1443,0.0474,,0
372,915.1,0.907,1.053,-0.65,19.87,0.6708,0.2286,0.1085,,0
373,46.3,-0.575,0.64,-36.05,12.08,-0.3497,0.1389,0.1176,,0
374,710.6,0.449,0.434,-3.54,8.2,0.1357,0.0943,0.5738,,1
375,367.7,1.073,0.311,-22.46,5.88,-0.2081,0.0676,0.6031,,1
376,71.0,0.964,0.657,-37.77,12.39,-0.5287,0.1425,0.6199,,1
377,1127.5,0.627,1.29,3.09,24.34,0.1524,0.28,0.1607,,0
378,759.3,-0.576,0.641,-17.44,12.09,0.0572,0.1391,0.472,,1
379,173.3,0.833,1.124,11.55,21.21,-0.4058,0.2439,0.068,,0
380,203.9,1.073,0.645,36.41,12.17,-0.176,0.14,0.3485,,0
381,374.6,1.311,0.294,-22.99,5.55,-0.2853,0.0639,0.6205,,1
382,126.8,-0.787,0.193,-28.68,3.64,-0.2528,0.0418,0.815,,1
383,470.6,-0.4,0.345,-12.66,6.51,-0.1438,0.0749,0.6548,,1
384,210.2,1.635,0.704,28.34,13.29,-0.0524,0.1529,0.2225,,0
385,179.3,0.09,1.147,12.47,21.63,-0.3686,0.2489,0.1823,,0
386,511.9,-0.148,0.415,-2.46,7.83,0.2313,0.0901,0.5941,,1
387,1115.4,1.909,1.044,25.93,19.69,0.7174,0.2265,0.0186,,0
388,186.1,1.147,0.86,35.34,16.23,-0.1453,0.1867,0.2314,,0
389,463.5,2.424,0.569,-26.51,10.73,0.0967,0.1234,0.3477,,0
390,949.3,-0.094,0.825,23.6,15.56,0.4291,0.179,0.1066,,0
391,736.3,-0.966,1.159,61.28,21.86,0.3848,0.2514,0.0517,,0
392,1078.5,1.466,0.682,24.4,12.86,1.2515,0.1479,0.0778,,0
393,499.7,0.208,0.379,-3.76,7.16,0.1383,0.0823,0.6109,,1
394,232.2,0.671,0.194,-27.74,3.67,-0.3764,0.0422,0.8177,,1
395,113.1,-0.769,0.189,-27.48,3.57,-0.2631,0.0411,0.8223,,1
396,34.7,0.149,0.449,-9.75,8.47,-0.2427,0.0974,0.4566,,1
397,18.2,-0.571,0.373,-34.49,7.04,-0.5199,0.081,0.6407,,1
398,443.0,1.825,0.487,-52.5,9.18,-0.4083,0.1056,0.4016,,1
399,345.2,1.258,0.728,28.12,13.73,-0.1723,0.158,0.2536,,0
400,370.9,1.234,0.749,12.55,14.14,0.326,0.1626,0.1827,,0
401,834.8,-0.307,0.434,-0.84,8.19,-0.0079,0.0942,0.5568,,1
402,400.5,1.583,0.535,-35.72,10.08,-0.422,0.116,0.4771,,1
403,325.3,0.734,0.387,19.87,7.31,0.0612,0.0841,0.5792,,1
404,504.0,-0.338,0.761,-29.47,14.35,-0.6345,0.1651,0.4986,,1
405,517.3,-0.041,0.378,-14.0,7.14,-0.3382,0.0821,0.6867,,1
406,34.8,-1.419,0.672,-19.7,12.68,-0.5475,0.1459,0.1143,,0
407,34.9,-0.91,0.573,-35.09,10.81,-0.4721,0.1243,0.1499,,0
408,897.9,1.025,1.355,-19.45,25.55,0.8974,0.2939,0.1436,,0
409,406.1,2.51,0.621,-14.19,11.71,0.1536,0.1347,0.1492,,0
410,369.9,2.124,0.568,-37.35,10.72,-0.3674,0.1233,0.3774,,1
411,846.4,-0.225,0.403,-4.17,7.6,0.0778,0.0874,0.5466,,1
412,505.7,-0.106,0.422,0.42,7.96,0.1544,0.0916,0.5293,,1
413,338.5,3.437,0.568,3.6,10.72,-0.1947,0.1233,0.2029,,0
414,488.9,-0.446,0.564,-22.85,10.63,-0.5694,0.1223,0.6105,,1
415,343.1,2.401,0.352,-10.9,6.65,-0.0975,0.0764,0.517,,1
416,1121.5,0.569,1.173,6.97,22.13,0.3962,0.2545,0.1011,,0
417,496.2,-0.485,0.586,-23.84,11.05,-0.6469,0.1271,0.6967,,1
418,356.3,2.396,0.489,26.16,9.23,-0.0324,0.1062,0.5055,,1
419,349.4,4.164,0.805,-5.16,15.18,-0.1211,0.1747,0.2498,,0
420,61.1,-0.503,0.562,-13.36,10.59,-0.3428,0.1219,0.3131,,0
421,517.4,0.678,0.452,-8.94,8.53,0.2108,0.0981,0.3852,,1
422,41.3,-0.203,0.231,-56.49,4.36,-0.6182,0.0501,0.7752,,1
423,497.8,1.965,0.367,-35.44,6.93,-0.308,0.0797,0.5617,,1
424,858.1,-0.035,0.399,-6.21,7.52,0.1223,0.0865,0.5607,,1
425,0.6,-0.403,0.699,1.23,13.19,-0.2857,0.1517,0.0606,,0
426,399.0,-0.878,1.032,-8.8,19.47,-0.5947,0.224,0.1408,,0
427,518.2,-0.313,0.521,-14.87,9.83,0.0504,0.1131,0.3955,,1
428,1088.6,1.304,0.66,30.09,12.45,1.0588,0.1432,0.0843,,0
429,21.7,0.513,0.519,-44.7,9.8,-0.7141,0.1127,0.4093,,1
430,444.3,1.251,0.734,-39.33,13.84,-0.2439,0.1592,0.1363,,0
431,692.9,-1.186,0.503,-6.88,9.5,0.072,0.1092,0.4433,,1
432,144.2,0.384,0.667,32.67,12.58,0.0656,0.1447,0.1969,,0
433,386.5,2.17,0.604,6.06,11.4,0.1776,0.1311,0.1259,,0
434,466.4,2.001,1.115,9.67,21.03,-0.0133,0.2418,0.1353,,0
435,434.8,2.075,0.399,-34.54,7.53,-0.0734,0.0867,0.6795,,1
436,260.6,0.849,0.37,-45.19,6.98,-0.5286,0.0803,0.6396,,1
437,417.5,-0.434,0.185,-34.67,3.5,-0.4267,0.0402,0.8253,,1
438,885.8,0.177,1.137,1.12,21.45,0.7582,0.2467,0.2143,,0
439,28.5,-0.414,0.66,-39.39,12.46,-0.4348,0.1433,0.1855,,0
440,53.8,1.298,0.54,24.48,10.19,-0.1722,0.1172,0.3089,,0
441,718.6,-1.243,1.144,70.06,21.58,0.3924,0.2482,0.0641,,0
442,310.2,0.75,0.278,5.99,5.25,-0.1469,0.0604,0.6605,,1
443,419.7,0.993,0.435,-25.3,8.21,-0.2748,0.0945,0.5217,,1
444,166.4,-0.067,0.25,-7.87,4.72,-0.2225,0.0543,0.7258,,1
445,751.4,0.241,0.688,4.61,12.98,0.1889,0.1493,0.1619,,0
446,712.5,-2.856,1.207,76.35,22.77,0.3983,0.2619,0.1235,,0
447,499.5,0.412,0.445,-39.36,8.39,-0.6594,0.0965,0.728,,1
448,314.4,0.912,0.322,18.15,6.07,-0.074,0.0699,0.6091,,1
449,201.9,0.484,0.254,-10.0,4.79,-0.2586,0.0551,0.7747,,1
450,721.0,0.06,0.45,6.07,8.49,0.2249,0.0977,0.5254,,1
451,823.1,1.082,0.746,11.22,14.08,0.191,0.1619,0.2063,,0
452,473.1,0.098,0.619,-17.14,11.67,-0.4176,0.1343,0.3766,,1
453,501.2,0.871,0.548,-26.82,10.34,-0.7389,0.119,0.3603,,1
454,599.6,0.881,1.159,-29.8,21.86,0.1691,0.2515,0.23,,0
455,420.0,0.185,0.35,-22.75,6.6,-0.411,0.0759,0.7204,,1
456,249.8,0.919,0.508,-51.99,9.58,-0.2321,0.1102,0.3178,,0
457,432.4,1.06,0.429,-26.68,8.08,-0.219,0.093,0.6097,,1
458,991.8,0.502,0.83,9.32,15.65,-0.0011,0.18,0.2643,,0
459,88.5,0.18,0.269,-46.83,5.08,-0.7365,0.0584,0.7217,,1
460,419.8,1.874,0.614,2.88,11.57,0.3888,0.1331,0.0584,,0
461,426.6,1.874,0.614,2.89,11.58,0.3888,0.1332,0.059,,0
462,413.0,1.873,0.613,2.88,11.56,0.3889,0.133,0.0578,,0
463,458.1,1.528,0.474,-20.82,8.93,-0.003,0.1027,0.3288,,0
464,466.1,-0.313,0.391,-17.16,7.37,-0.489,0.0848,0.5591,,1
465,1145.2,0.314,1.073,34.02,20.24,0.4915,0.2328,0.1924,,0
466,232.0,0.172,1.086,9.79,20.49,-0.3409,0.2357,0.1512,,0
467,1072.9,1.936,0.693,20.06,13.07,1.0769,0.1503,0.0545,,0
468,1105.9,1.173,0.729,8.89,13.74,1.2069,0.1581,0.1449,,0
469,709.6,0.276,0.437,7.78,8.24,0.2754,0.0948,0.5885,,1
470,847.9,0.709,0.503,-12.4,9.48,-0.0519,0.1091,0.5315,,1
471,224.3,0.02,0.214,-33.61,4.04,-0.5131,0.0465,0.7832,,1
472,990.3,0.066,0.703,13.5,13.25,0.4935,0.1524,0.1042,,0
473,835.8,0.111,0.422,-10.11,7.97,0.0614,0.0916,0.5948,,1
474,242.8,0.547,0.27,-37.59,5.09,-0.5316,0.0586,0.7096,,1
475,478.0,1.703,1.129,7.37,21.29,0.0599,0.2449,0.0451,,0
476,706.9,-1.34,1.145,71.92,21.59,0.3573,0.2484,0.0549,,0
477,468.9,1.419,0.709,-6.56,13.38,-0.4286,0.1539,0.5562,,1
478,411.6,1.206,0.552,-57.13,10.41,-0.17,0.1197,0.4039,,1
479,145.7,-0.416,0.654,-9.3,12.33,0.0042,0.1418,0.3491,,0
480,1090.1,1.444,0.701,20.46,13.22,1.2997,0.152,0.0676,,0
481,593.2,1.386,1.003,-46.29,18.93,0.1452,0.2177,0.1418,,0
482,85.6,-0.312,0.525,-27.43,9.9,-0.3693,0.1139,0.3359,,0
483,860.6,0.155,0.79,19.71,14.9,-0.0669,0.1714,0.0356,,0
484,29.2,-0.372,0.402,-59.1,7.59,-0.7599,0.0873,0.5647,,1
485,214.3,1.017,0.643,36.09,12.14,-0.1857,0.1396,0.34,,0
486,465.3,0.114,0.391,-34.52,7.37,-0.2105,0.0848,0.556,,1
487,739.9,0.392,0.488,-10.72,9.2,0.143,0.1058,0.513,,1
488,1002.0,0.037,0.69,14.84,13.01,0.637,0.1497,0.1312,,0
489,181.9,0.792,0.267,-40.07,5.04,-0.7277,0.058,0.716,,1
490,477.3,0.976,0.518,-8.18,9.77,-0.02,0.1124,0.3366,,0
491,703.3,0.201,0.451,5.83,8.52,0.3255,0.098,0.5286,,1
492,369.0,2.467,0.705,21.81,13.29,0.1647,0.1529,0.1726,,0
493,1127.0,1.558,1.026,27.75,19.35,0.7881,0.2225,0.2037,,0
494,984.2,0.531,0.702,23.83,13.24,0.5381,0.1523,0.0908,,0
495,517.4,-1.059,0.523,6.67,9.87,-0.1593,0.1135,0.5921,,1
496,891.8,1.032,1.098,-10.06,20.72,0.7402,0.2383,0.1521,,0
497,157.3,0.899,0.725,-31.04,13.68,-0.2124,0.1573,0.4023,,1
498,162.1,-0.143,1.171,9.25,22.1,-0.3486,0.2542,0.0787,,0
499,93.9,0.029,0.361,-21.41,6.81,-0.2496,0.0784,0.6041,,1
500,216.8,0.307,0.22,-32.17,4.16,-0.5021,0.0478,0.7757,,1
501,356.2,1.115,0.779,44.53,14.69,-0.0456,0.169,0.1574,,0
502,579.4,-0.219,1.316,5.57,24.83,0.1315,0.2856,0.0313,,0
503,371.7,0.292,0.455,-21.5,8.58,-0.284,0.0987,0.5397,,1
504,724.2,-2.633,1.186,59.05,22.38,0.3242,0.2574,0.0886,,0
505,405.9,-0.185,0.188,-37.12,3.54,-0.4572,0.0407,0.8204,,1
506,249.3,0.722,0.48,-37.39,9.05,-0.6711,0.1041,0.321,,0
507,606.2,1.317,1.245,-35.24,23.49,0.2547,0.2702,0.1579,,0
508,835.3,-0.574,0.436,0.07,8.23,0.1284,0.0947,0.5852,,1
509,68.2,-0.893,0.499,-17.64,9.42,-0.3716,0.1084,0.4486,,1
510,49.1,-0.441,0.566,-13.3,10.67,-0.3445,0.1227,0.2603,,0
511,151.9,-0.968,0.582,-21.17,10.98,0.0649,0.1263,0.2847,,0
512,884.9,0.545,0.563,0.04,10.62,0.1859,0.1221,0.4518,,1
513,706.2,-0.671,0.762,-35.47,14.37,-0.6533,0.1653,0.4911,,1
514,416.0,1.282,0.462,-21.8,8.72,-0.4423,0.1003,0.568,,1
515,221.6,2.115,0.688,27.5,12.98,-0.2487,0.1493,0.2364,,0
516,99.8,-0.836,0.365,-56.54,6.88,-0.5952,0.0792,0.6291,,1
517,42.9,0.741,0.584,28.11,11.02,-0.1103,0.1268,0.2353,,0
518,960.0,0.078,0.726,27.2,13.7,0.1954,0.1576,0.2056,,0
519,1096.2,1.612,0.696,20.81,13.14,1.119,0.1511,0.0566,,0
520,852.5,-0.014,0.404,-10.31,7.62,0.0492,0.0877,0.5645,,1
521,438.6,0.489,0.503,-38.42,9.49,-0.4549,0.1091,0.3827,,1
522,413.8,1.605,0.688,23.38,12.98,0.2187,0.1494,0.2488,,0
523,1144.7,1.185,1.046,28.38,19.73,0.6329,0.2269,0.2157,,0
524,963.4,-0.192,0.841,26.57,15.87,-0.2348,0.1825,0.191,,0
525,110.8,-0.378,0.189,-30.59,3.56,-0.3195,0.041,0.8226,,1
526,714.7,-1.033,0.832,-5.01,15.69,-0.0622,0.1805,0.264,,0
527,86.8,-0.763,0.76,-4.27,14.33,-0.1796,0.1648,0.287,,0
528,242.0,0.491,0.174,-27.21,3.29,-0.4185,0.0378,0.85,,1
529,843.2,1.131,0.943,43.38,17.78,0.3421,0.2045,0.167,,0
530,782.5,1.105,0.599,-18.99,11.31,0.2137,0.1301,0.4905,,1
531,225.9,1.687,1.189,-12.49,22.43,-0.2489,0.258,0.2506,,0
532,848.6,-1.216,0.79,-33.04,14.91,-0.3745,0.1715,0.5042,,1
533,90.8,1.334,1.126,13.63,21.24,-0.3636,0.2443,0.3118,,0
534,807.0,-0.433,0.58,-13.11,10.93,0.0293,0.1258,0.3281,,0
535,785.0,1.316,1.074,71.8,20.26,-0.0786,0.2331,0.1308,,0
536,172.6,-0.917,0.219,-30.12,4.13,-0.3219,0.0476,0.7698,,1
537,1085.0,1.786,0.663,26.78,12.51,1.0684,0.1439,0.0084,,0
538,449.8,0.994,0.482,-29.81,9.1,-0.0838,0.1046,0.4505,,1
539,425.1,1.395,0.401,-23.09,7.57,-0.3209,0.0871,0.6061,,1
540,378.2,0.031,1.156,-10.31,21.8,-0.5086,0.2508,0.3699,,1
541,108.7,-1.046,0.327,-28.75,6.17,-0.468,0.071,0.7515,,1
542,91.0,-0.98,0.69,-15.95,13.02,-0.3269,0.1497,0.2318,,0
543,461.5,0.678,0.551,-44.36,10.39,-0.6822,0.1195,0.4955,,1
544,842.7,1.193,0.866,71.14,16.34,0.4125,0.1879,0.1361,,0
545,31.4,-0.929,0.545,-3.57,10.28,-0.2956,0.1183,0.418,,1
546,853.0,-0.138,0.406,-8.22,7.66,0.1212,0.0882,0.5677,,1
547,1119.0,1.554,0.712,23.05,13.42,1.3607,0.1544,0.0959,,0
548,698.2,0.925,0.476,-2.31,8.99,0.2791,0.1034,0.4811,,1
549,140.0,-0.61,0.659,-39.4,12.44,-0.223,0.1431,0.2019,,0
550,414.6,0.049,0.331,-15.93,6.24,-0.4062,0.0718,0.7297,,1
551,488.3,1.109,0.657,-23.84,12.39,0.0841,0.1425,0.1942,,0
552,411.6,-0.493,0.193,-36.66,3.65,-0.4567,0.042,0.8126,,1
553,834.3,0.116,0.442,5.38,8.34,0.1899,0.0959,0.4313,,1
554,392.9,1.514,0.433,18.36,8.17,0.2314,0.0939,0.4615,,1
555,323.4,2.929,0.717,27.98,13.53,-0.0493,0.1556,0.194,,0
556,425.3,0.922,0.541,-46.29,10.2,-0.4071,0.1173,0.3201,,0
557,137.5,0.131,0.554,-28.59,10.46,-0.4823,0.1203,0.4145,,1
558,89.0,-0.842,0.19,-33.96,3.59,-0.3442,0.0413,0.8259,,1
559,78.0,-0.691,0.382,-41.86,7.2,-0.3907,0.0828,0.631,,1
560,124.5,0.639,0.553,-25.16,10.43,-0.5031,0.12,0.3312,,0
561,818.0,0.503,0.525,-10.84,9.91,-0.1186,0.114,0.5307,,1
562,476.7,-1.13,0.498,-25.0,9.4,-0.628,0.1081,0.4427,,1
563,442.2,-0.132,0.437,-41.02,8.25,-0.4933,0.0949,0.5996,,1
564,848.7,0.994,0.908,55.62,17.13,0.2626,0.1971,0.1155,,0
565,442.9,0.64,0.591,-8.14,11.15,-0.6111,0.1282,0.3878,,1
566,791.0,1.335,1.025,82.47,19.33,0.0844,0.2223,0.1974,,0
567,544.0,-1.015,0.45,-34.78,8.49,-0.5039,0.0976,0.3807,,1
568,477.7,-0.527,0.363,-19.4,6.84,-0.3838,0.0787,0.6611,,1
569,846.9,-0.222,0.417,-7.21,7.86,-0.1068,0.0904,0.5674,,1
570,102.2,-0.814,0.201,-36.1,3.8,-0.3472,0.0437,0.8018,,1
571,50.5,-0.408,0.375,-16.61,7.07,-0.2548,0.0813,0.6378,,1
572,314.8,1.763,0.566,27.8,10.67,0.2232,0.1228,0.1735,,0
573,864.9,1.601,0.965,-0.43,18.2,0.5304,0.2094,0.0521,,0
574,529.0,-0.67,0.45,1.23,8.49,-0.1917,0.0977,0.6907,,1
575,99.4,-0.782,0.588,-46.71,11.09,-0.5046,0.1276,0.0579,,0
576,475.8,1.435,0.671,7.55,12.66,-0.4199,0.1456,0.0208,,0
577,192.4,1.979,0.676,29.2,12.75,-0.2397,0.1466,0.3206,,0
578,966.5,-0.467,0.845,35.87,15.93,0.4175,0.1832,0.0989,,0
579,822.4,2.152,1.057,18.99,19.93,0.525,0.2293,0.0985,,0
580,397.6,0.403,0.381,-18.34,7.19,-0.4916,0.0827,0.5843,,1
581,1109.8,0.442,1.143,20.3,21.55,0.4576,0.2479,0.1797,,0
582,1072.4,1.898,0.781,6.2,14.73,0.9739,0.1695,0.094,,0
583,765.2,-1.867,1.306,56.88,24.64,0.4344,0.2834,0.0437,,0
584,386.6,1.149,0.513,6.53,9.69,0.1293,0.1114,0.3736,,1
585,388.3,1.149,0.516,6.55,9.73,0.1291,0.112,0.3746,,1
586,459.9,0.628,0.611,-33.04,11.53,-0.2458,0.1326,0.3914,,1
587,352.8,1.317,0.414,14.77,7.81,0.0708,0.0898,0.593,,1
588,1139.2,0.651,1.128,8.79,21.28,0.5887,0.2448,0.0304,,0
589,41.1,0.401,0.595,-27.74,11.22,-0.4631,0.1291,0.0425,,0
590,841.3,0.051,0.419,-5.88,7.91,0.1851,0.091,0.5892,,1
591,978.2,-0.112,0.857,38.65,16.16,0.4987,0.1859,0.087,,0
592,122.2,-0.245,0.198,-29.33,3.73,-0.3557,0.0429,0.804,,1
593,520.2,-0.093,0.399,-30.72,7.53,-0.5096,0.0866,0.7251,,1
594,471.4,-0.83,0.664,-18.56,12.53,-0.5404,0.1442,0.4236,,1
595,175.0,-1.377,0.722,-11.99,13.63,0.0901,0.1568,0.1677,,0
596,137.4,1.608,0.748,28.6,14.12,0.008,0.1624,0.1276,,0
597,701.4,-0.128,1.254,72.12,23.66,0.1527,0.2721,0.2323,,0
598,932.8,1.776,1.318,-12.48,24.86,0.7965,0.2859,0.0686,,0
599,845.4,-0.129,0.417,3.42,7.86,0.0136,0.0904,0.5387,,1
600,203.1,1.328,0.442,-17.36,8.34,-0.2871,0.096,0.569,,1
601,1133.1,0.116,1.194,16.23,22.53,0.5793,0.2591,0.225,,0
602,82.8,-0.098,0.431,-15.53,8.13,-0.4181,0.0935,0.6519,,1
603,454.0,1.387,0.415,-40.79,7.82,-0.0756,0.09,0.4424,,1
604,389.0,-0.595,0.321,-28.51,6.06,-0.4188,0.0697,0.6873,,1
605,573.3,-0.239,1.101,0.58,20.77,-0.1864,0.239,0.2094,,0
606,796.6,1.188,1.232,84.31,23.24,0.0312,0.2673,0.083,,0
607,704.5,0.871,1.221,72.99,23.04,0.2785,0.265,0.0496,,0
608,813.3,0.43,0.584,-4.59,11.03,0.016,0.1268,0.5393,,1
609,894.1,-0.138,0.951,39.44,17.94,-0.0467,0.2064,0.1294,,0
610,169.7,-0.132,0.578,-17.37,10.91,-0.0409,0.1254,0.4154,,1
611,394.3,-0.094,0.177,-36.14,3.34,-0.4307,0.0384,0.8388,,1
612,1084.6,2.105,0.719,27.12,13.56,1.1293,0.156,0.0357,,0
613,730.2,-1.595,1.142,69.37,21.54,0.4016,0.2478,0.0864,,0
614,747.9,-1.333,1.148,67.96,21.66,0.4076,0.2492,0.0586,,0
615,97.2,0.953,0.537,-23.56,10.14,-0.435,0.1166,0.3484,,0
616,742.4,-0.523,1.133,56.68,21.36,0.401,0.2457,0.0779,,0
617,985.7,0.95,0.842,10.91,15.88,0.2695,0.1827,0.2803,,0
618,910.8,-0.362,0.933,33.37,17.6,-0.1925,0.2025,0.1003,,0
619,350.5,1.424,0.693,45.98,13.08,0.129,0.1504,0.0578,,0
620,330.5,0.295,0.608,-29.95,11.46,-0.0895,0.1319,0.263,,0
621,951.8,-0.152,0.849,27.29,16.01,-0.239,0.1841,0.1676,,0
622,452.7,-0.35,0.743,43.87,14.02,0.2222,0.1613,0.2747,,0
623,453.9,0.477,0.6,-39.47,11.32,-0.3365,0.1302,0.337,,0
624,900.2,-0.027,0.775,31.36,14.62,-0.0224,0.1682,0.2344,,0
625,765.6,-0.61,1.142,41.66,21.54,0.4944,0.2478,0.1885,,0
626,695.3,-0.656,1.244,78.57,23.47,0.4352,0.2699,0.0851,,0
627,436.2,1.562,0.485,-45.66,9.15,-0.1333,0.1053,0.5801,,1
628,168.6,1.48,0.437,-7.61,8.25,-0.3702,0.0949,0.5545,,1
629,478.2,0.091,0.485,-24.58,9.14,-0.4935,0.1052,0.5454,,1
630,375.9,2.192,0.86,-4.58,16.22,0.2882,0.1865,0.1633,,0
631,839.3,-0.193,0.618,-8.11,11.65,0.1526,0.1341,0.0979,,0
632,484.2,1.964,1.093,6.95,20.62,-0.0302,0.2372,0.0525,,0
633,466.3,0.724,0.572,-34.18,10.8,-0.3679,0.1242,0.5178,,1
634,523.1,0.101,0.347,-16.18,6.55,-0.2905,0.0753,0.7741,,1
635,58.3,0.535,0.609,-49.42,11.49,-0.3412,0.1321,0.1003,,0
636,227.1,1.908,0.556,-27.22,10.49,-0.5042,0.1206,0.3901,,1
637,855.8,0.398,0.528,-38.8,9.96,-0.0527,0.1146,0.508,,1
638,873.3,0.138,0.56,0.6,10.57,0.1811,0.1215,0.4148,,1
639,483.7,-0.554,0.669,-26.36,12.63,-0.6497,0.1453,0.4202,,1
640,160.6,0.782,0.529,33.89,9.97,0.2226,0.1147,0.1723,,0
641,334.9,1.387,0.307,-37.81,5.8,-0.3693,0.0667,0.6318,,1
642,197.8,0.765,0.518,-21.13,9.78,-0.3754,0.1125,0.3289,,0
643,741.9,-2.409,1.143,62.11,21.56,0.3177,0.248,0.1073,,0
644,800.8,-0.323,0.579,-9.72,10.92,0.055,0.1257,0.4377,,1
645,1083.1,0.811,0.666,26.47,12.56,0.9998,0.1445,0.0896,,0
646,702.9,-1.673,1.207,10.59,22.78,0.1935,0.262,0.0572,,0
647,191.6,2.671,0.768,-17.82,14.48,-0.1902,0.1666,0.211,,0
648,918.9,0.432,0.828,4.98,15.62,0.0935,0.1796,0.3167,,0
649,107.1,-1.013,0.672,-52.47,12.67,-0.455,0.1457,0.1941,,0
650,815.6,1.993,0.997,1.32,18.82,0.3768,0.2164,0.0839,,0
651,156.1,1.565,0.356,-16.19,6.72,-0.3939,0.0773,0.5629,,1
652,867.2,0.217,0.556,4.63,10.49,0.2188,0.1207,0.4394,,1
653,385.4,-0.199,0.493,-29.22,9.29,-0.274,0.1069,0.5505,,1
654,732.5,0.132,0.445,3.36,8.4,0.2085,0.0966,0.522,,1
655,99.5,-0.692,0.497,-35.24,9.38,-0.4781,0.1079,0.3364,,0
656,162.4,1.18,0.612,-15.15,11.54,-0.7267,0.1327,0.3374,,0
657,85.8,-1.673,0.53,-29.12,10.01,-0.209,0.1151,0.2057,,0
658,99.4,-1.672,0.532,-29.17,10.03,-0.209,0.1153,0.2028,,0
659,828.2,-0.143,0.502,2.03,9.47,0.1664,0.109,0.344,,0
660,864.1,-0.094,0.429,-12.07,8.1,0.1295,0.0932,0.5119,,1
661,957.9,-0.604,0.845,23.62,15.94,-0.4075,0.1833,0.1549,,0
662,883.4,0.626,0.886,8.68,16.71,-0.2167,0.1922,0.0598,,0
663,215.6,1.407,0.446,-22.03,8.41,-0.396,0.0968,0.5873,,1
664,359.6,1.608,0.433,4.01,8.16,0.1693,0.0939,0.5808,,1
665,474.5,0.808,0.541,-21.83,10.2,-0.076,0.1173,0.5641,,1
666,167.7,2.111,0.335,-18.44,6.32,-0.3211,0.0727,0.6115,,1
667,808.9,2.029,1.049,13.03,19.78,0.4237,0.2275,0.1271,,0
668,367.1,1.844,0.554,30.38,10.46,0.2833,0.1203,0.1802,,0
669,505.4,-0.13,0.412,-6.68,7.77,-0.2506,0.0894,0.5929,,1
670,413.4,2.101,0.774,-8.31,14.6,0.2852,0.1679,0.0917,,0
671,975.1,-0.202,0.893,14.57,16.85,-0.2939,0.1938,0.1714,,0
672,476.8,0.112,0.408,-40.76,7.7,-0.2678,0.0886,0.5225,,1
673,425.2,1.514,0.564,-55.34,10.64,-0.3831,0.1224,0.4056,,1
674,53.3,-0.151,0.237,-57.44,4.47,-0.6082,0.0515,0.7688,,1
675,111.9,-0.547,0.708,-27.49,13.35,-0.5686,0.1535,0.3954,,1
676,399.8,-0.485,0.202,-37.84,3.8,-0.4183,0.0438,0.7973,,1
677,471.5,0.465,0.463,-41.99,8.72,-0.4016,0.1004,0.5475,,1
678,177.9,-0.679,0.203,-18.57,3.84,-0.4478,0.0442,0.7985,,1
679,494.2,-0.55,0.41,2.69,7.73,0.0909,0.0889,0.5884,,1
680,817.1,-1.474,0.645,4.43,12.17,-0.0599,0.14,0.1115,,0
681,1103.7,0.972,1.251,51.42,23.59,0.6361,0.2714,0.0069,,0
682,710.5,-0.591,1.149,80.43,21.68,0.509,0.2494,0.0749,,0
683,700.9,-3.073,1.311,86.39,24.73,0.3662,0.2845,0.1613,,0
684,957.9,1.017,0.948,-12.42,17.88,0.7637,0.2056,0.1518,,0
685,410.8,2.875,0.792,-0.73,14.93,0.6924,0.1718,0.1985,,0
686,423.5,0.444,0.438,-36.0,8.27,-0.666,0.0951,0.3816,,1
687,133.2,0.967,0.776,42.04,14.63,0.0799,0.1683,0.1701,,0
688,482.4,-0.287,0.688,-29.57,12.98,-0.5412,0.1493,0.4406,,1
689,421.0,1.819,0.61,-16.57,11.51,-0.3824,0.1324,0.3807,,1
690,458.8,0.637,0.776,56.26,14.64,0.2013,0.1685,0.194,,0
691,430.6,1.478,0.292,-24.97,5.5,-0.2776,0.0633,0.6798,,1
692,656.4,-0.463,0.462,-10.31,8.71,0.1179,0.1002,0.5759,,1
693,771.2,-1.015,1.119,70.21,21.1,0.4919,0.2427,0.007,,0
694,447.7,0.067,0.446,-32.69,8.41,-0.1691,0.0967,0.503,,1
695,50.1,1.445,0.735,33.94,13.87,0.1714,0.1596,0.3624,,1
696,937.7,-0.193,0.896,32.4,16.9,0.4068,0.1944,0.0592,,0
697,83.2,1.409,0.717,39.62,13.52,0.0575,0.1556,0.2657,,0
698,208.1,0.269,0.202,-6.38,3.81,-0.1804,0.0439,0.8061,,1
699,150.6,-0.419,0.541,-31.32,10.21,-0.5492,0.1174,0.4108,,1
700,70.7,-1.842,0.603,-50.41,11.37,-0.4379,0.1308,0.2914,,0
701,233.3,0.965,0.347,-21.84,6.54,-0.4851,0.0752,0.6686,,1
702,363.0,1.599,0.594,22.78,11.2,0.0879,0.1288,0.3555,,1
703,114.9,0.487,0.462,-18.46,8.71,-0.2584,0.1002,0.5637,,1
704,802.3,2.657,1.052,-0.56,19.85,0.4449,0.2283,0.0596,,0
705,772.8,0.282,0.919,74.43,17.35,0.1817,0.1995,0.1111,,0
706,759.6,-0.941,1.128,60.68,21.28,0.3844,0.2447,0.0652,,0
707,488.0,0.388,0.364,-6.37,6.88,0.2085,0.0791,0.6233,,1
708,239.5,0.267,0.566,-18.49,10.67,-0.4205,0.1228,0.1933,,0
709,851.5,-0.198,0.417,0.07,7.86,0.0374,0.0904,0.5398,,1
710,779.4,1.129,1.019,83.17,19.22,-0.0131,0.221,0.1876,,0
711,209.5,0.127,0.422,-32.68,7.96,-0.5078,0.0916,0.4449,,1
712,859.4,-1.362,0.69,-27.26,13.02,0.1804,0.1498,0.1988,,0
713,1022.4,-0.677,1.123,7.39,21.18,1.2897,0.2436,0.0483,,0
714,826.3,-0.9,0.573,20.6,10.82,0.2793,0.1244,0.5297,,1
715,51.9,1.003,0.719,34.26,13.55,0.132,0.1559,0.4187,,1
716,82.9,-1.566,0.497,-44.1,9.37,-0.6965,0.1077,0.3515,,1
717,872.3,-0.115,0.946,24.04,17.84,-0.1249,0.2053,0.1383,,0
718,199.0,1.203,0.808,20.37,15.24,0.0541,0.1753,0.1586,,0
719,35.7,-0.762,0.401,-43.83,7.56,-0.6629,0.087,0.4897,,1
720,162.0,0.667,0.685,35.48,12.91,0.06,0.1485,0.1633,,0
721,753.5,-1.578,1.15,66.39,21.7,0.4177,0.2496,0.1477,,0
722,272.0,0.606,0.359,-48.85,6.78,-0.4407,0.078,0.5231,,1
723,85.2,1.588,1.002,20.17,18.9,-0.3403,0.2174,0.0839,,0
724,469.6,-0.122,0.652,-36.88,12.3,-0.6664,0.1415,0.3278,,0
725,27.3,-1.367,0.637,-44.48,12.01,-0.5756,0.1382,0.3616,,1
726,858.5,-0.485,0.435,-4.83,8.2,0.0039,0.0943,0.5206,,1
727,337.2,1.761,0.68,19.37,12.83,0.1344,0.1476,0.1513,,0
728,430.1,1.196,0.524,-31.48,9.88,-0.5139,0.1136,0.3183,,0
729,326.7,0.968,0.354,3.15,6.67,0.0305,0.0767,0.5876,,1
730,429.3,2.198,0.832,-11.53,15.7,-0.425,0.1805,0.2575,,0
731,449.3,0.066,0.352,-26.71,6.63,-0.5052,0.0763,0.7014,,1
732,995.9,-0.167,0.749,13.31,14.13,0.3873,0.1625,0.0689,,0
733,766.8,0.131,0.963,83.3,18.16,0.1403,0.2089,0.2278,,0
734,380.5,2.156,0.585,9.91,11.03,0.1737,0.1268,0.1876,,0
735,415.7,2.158,0.591,9.96,11.14,0.1732,0.1281,0.1973,,0
736,178.8,-0.103,0.209,-4.43,3.94,-0.1348,0.0453,0.7947,,1
737,889.5,0.056,0.831,18.64,15.67,0.08,0.1802,0.2924,,0
738,797.1,1.192,1.036,75.38,19.55,-0.0541,0.2248,0.1882,,0
739,855.6,0.097,0.556,9.57,10.49,0.1411,0.1206,0.4177,,1
740,370.4,1.627,0.543,-34.33,10.25,-0.303,0.1179,0.0772,,0
741,1107.8,1.701,0.734,17.59,13.85,1.1192,0.1593,0.0417,,0
742,558.2,0.677,0.417,-66.9,7.86,-0.5607,0.0904,0.4189,,1
743,444.4,4.009,0.892,-52.17,16.82,0.1849,0.1935,0.1103,,0
744,54.8,0.361,0.456,-28.72,8.6,-0.3653,0.0989,0.604,,1
745,483.0,0.551,0.434,-28.07,8.19,-0.4376,0.0942,0.6185,,1
746,896.6,0.253,0.584,1.47,11.01,0.2203,0.1267,0.3439,,0
747,311.5,-0.798,0.592,-14.48,11.16,0.0309,0.1284,0.2384,,0
748,1066.3,0.899,0.679,14.24,12.82,0.9343,0.1474,0.0365,,0
749,828.0,-1.893,0.843,-41.02,15.9,0.3044,0.1829,0.0644,,0
750,699.0,0.399,0.626,-2.47,11.8,0.044,0.1357,0.2391,,0
751,865.7,0.32,0.878,21.39,16.57,0.0228,0.1906,0.0842,,0
752,716.6,-0.83,1.075,82.35,20.27,0.5016,0.2332,0.0625,,0
753,540.7,-0.411,0.42,-5.05,7.93,-0.2436,0.0912,0.67,,1
754,57.0,0.966,0.711,32.45,13.41,0.0792,0.1543,0.4227,,1
755,346.1,0.916,0.408,24.7,7.69,0.141,0.0884,0.5976,,1
756,831.0,0.362,0.517,-9.17,9.75,0.1356,0.1121,0.5114,,1
757,1150.8,0.337,1.06,23.39,19.99,0.4625,0.23,0.0895,,0
758,64.0,-0.73,0.69,-57.23,13.02,-0.2216,0.1498,0.1606,,0
759,551.0,0.521,0.278,-58.28,5.24,-0.568,0.0603,0.6741,,1
760,17.2,0.155,0.426,-51.05,8.03,-0.7604,0.0923,0.4279,,1
761,102.9,1.809,1.01,-1.66,19.06,-0.496,0.2192,0.1816,,0
762,808.7,1.504,1.016,75.06,19.17,0.0182,0.2206,0.174,,0
763,431.9,-1.308,0.478,-3.67,9.01,0.1037,0.1036,0.3201,,0
764,163.6,-0.305,0.234,-49.59,4.41,-0.6983,0.0507,0.774,,1
765,489.7,1.692,1.167,11.73,22.02,0.1476,0.2533,0.0155,,0
766,858.4,-0.865,0.704,-5.5,13.28,0.4354,0.1528,0.2626,,0
767,259.8,-0.192,0.437,-25.23,8.25,-0.4223,0.0949,0.3814,,1
768,408.9,0.628,0.697,12.55,13.16,0.3669,0.1513,0.1836,,0
769,13.8,2.508,1.463,10.19,27.61,-0.4566,0.3176,0.2362,,0
770,802.7,1.547,1.0,85.48,18.86,0.1806,0.2169,0.1656,,0
771,1115.9,-0.274,1.215,19.55,22.91,0.1671,0.2636,0.1661,,0
772,115.5,-1.091,0.569,-26.84,10.73,-0.177,0.1234,0.3269,,0
773,145.5,0.892,0.614,29.55,11.58,0.4088,0.1332,0.1418,,0
774,750.2,0.115,0.719,-4.53,13.56,0.1686,0.156,0.3134,,0
775,82.2,-0.767,0.6,-40.5,11.31,-0.182,0.1301,0.2048,,0
776,77.3,1.234,0.685,37.64,12.93,0.1854,0.1487,0.2416,,0
777,376.8,2.902,0.631,23.5,11.91,-0.0044,0.137,0.2628,,0
778,511.5,0.481,0.642,-13.92,12.11,0.108,0.1393,0.2635,,0
779,777.3,-0.949,1.189,41.87,22.43,0.4672,0.258,0.0669,,0
780,339.6,0.883,0.456,29.47,8.61,0.0609,0.099,0.4709,,1
781,379.2,0.637,0.318,-25.38,6.0,-0.3168,0.069,0.7539,,1
782,391.1,-0.807,0.92,3.98,17.36,-0.5505,0.1997,0.2919,,0
783,1089.6,1.192,0.685,24.09,12.92,1.3224,0.1487,0.0932,,0
784,467.6,0.739,0.511,-30.53,9.63,-0.1704,0.1108,0.286,,0
785,500.5,-0.355,0.48,-16.04,9.06,0.1574,0.1042,0.5072,,1
786,812.3,0.604,0.487,-9.96,9.18,-0.1688,0.1056,0.5182,,1
787,436.0,0.139,0.422,-8.27,7.96,-0.353,0.0916,0.5976,,1
788,756.5,0.904,0.556,-3.86,10.48,0.2945,0.1206,0.3295,,0
789,252.3,0.315,0.187,-28.45,3.54,-0.4601,0.0407,0.8291,,1
790,74.1,-1.657,0.542,-10.39,10.23,-0.3694,0.1177,0.2072,,0
791,374.6,2.146,0.595,20.08,11.23,0.1811,0.1292,0.1555,,0
792,402.0,2.148,0.6,20.12,11.33,0.1806,0.1303,0.1625,,0
793,541.2,-0.934,0.43,-17.14,8.12,0.0273,0.0934,0.5405,,1
794,940.2,-0.594,0.931,28.63,17.57,-0.3018,0.2021,0.3274,,0
795,254.2,0.347,0.258,-36.94,4.86,-0.5582,0.0559,0.7093,,1
796,495.8,2.003,1.133,-0.15,21.38,-0.0092,0.2459,0.0621,,0
797,167.2,2.099,1.077,1.76,20.32,-0.2416,0.2337,0.0595,,0
798,67.5,1.923,1.007,12.48,18.99,-0.3797,0.2185,0.0533,,0
799,822.6,-0.007,0.603,-1.26,11.37,0.0324,0.1308,0.2763,,0
800,959.5,-0.989,0.984,30.45,18.57,0.5848,0.2136,0.0992,,0
801,429.3,1.231,0.54,-30.9,10.19,-0.0117,0.1172,0.4213,,1
802,61.4,2.096,1.001,14.04,18.88,-0.3801,0.2172,0.1266,,0
803,395.2,2.131,0.675,18.38,12.74,0.2376,0.1465,0.1577,,0
804,408.8,2.131,0.677,18.39,12.76,0.2375,0.1468,0.1566,,0
805,320.6,1.838,0.561,26.67,10.58,0.1832,0.1217,0.1616,,0
806,259.2,0.766,0.546,-46.7,10.31,-0.432,0.1185,0.1535,,0
807,175.6,0.98,0.238,-44.23,4.49,-0.6914,0.0517,0.7775,,1
808,64.5,-0.13,0.306,-45.98,5.78,-0.3721,0.0665,0.8024,,1
809,561.7,-0.883,1.324,7.79,24.98,-0.0585,0.2874,0.1154,,0
810,847.4,0.324,0.45,-13.09,8.49,-0.0243,0.0976,0.4977,,1
811,440.8,0.573,0.377,-17.43,7.12,-0.3175,0.0819,0.6599,,1
812,535.0,0.062,0.431,-25.54,8.13,-0.2751,0.0935,0.6347,,1
813,444.8,1.452,1.047,4.55,19.74,-0.34,0.2271,0.1615,,0
814,65.1,1.466,0.648,-35.12,12.22,-0.4599,0.1406,0.4506,,1
815,907.4,1.555,0.895,-4.57,16.89,0.643,0.1943,0.0593,,0
816,173.0,-0.68,0.238,-49.06,4.49,-0.6602,0.0517,0.744,,1
817,808.2,1.44,0.877,76.8,16.53,0.2158,0.1902,0.1888,,0
818,158.1,1.302,0.736,-22.16,13.88,0.1528,0.1597,0.0883,,0
819,396.9,-0.637,0.604,-21.2,11.39,-0.4443,0.131,0.3578,,1
820,397.8,1.449,0.412,-28.69,7.77,-0.2254,0.0894,0.4672,,1
821,91.8,-0.288,0.567,-17.92,10.7,0.1399,0.1231,0.3133,,0
822,370.6,1.535,0.431,5.56,8.13,0.1207,0.0935,0.581,,1
823,421.1,1.584,0.527,-40.44,9.94,-0.2193,0.1143,0.2878,,0
824,764.8,-0.526,0.559,-16.16,10.55,0.2384,0.1213,0.4583,,1
825,938.9,1.017,1.111,-24.92,20.95,0.6372,0.241,0.1894,,0
826,84.0,-0.083,0.503,-35.43,9.5,-0.4609,0.1092,0.3592,,1
827,482.3,0.332,0.394,-6.5,7.44,-0.0451,0.0855,0.6271,,1
828,583.3,-0.996,0.56,-18.15,10.56,-0.3676,0.1215,0.4285,,1
829,360.9,2.164,0.336,-30.91,6.34,-0.2426,0.0729,0.5485,,1
830,367.2,2.229,0.685,47.92,12.93,0.0981,0.1487,0.1248,,0
831,238.6,1.708,0.601,-37.29,11.33,-0.495,0.1303,0.4094,,1
832,433.5,1.953,0.62,-13.7,11.69,0.3116,0.1345,0.1577,,0
833,377.3,1.739,0.52,-11.46,9.81,-0.1067,0.1129,0.4991,,1
834,322.0,3.257,0.673,32.52,12.69,-0.0436,0.146,0.1634,,0
835,23.3,0.448,0.415,-45.94,7.83,-0.4409,0.0901,0.5194,,1
836,364.9,1.137,0.534,-30.46,10.08,-0.4454,0.116,0.5909,,1
837,728.3,0.339,0.521,3.14,9.83,0.1303,0.113,0.3655,,1
838,244.8,1.107,0.401,-11.81,7.57,-0.4698,0.087,0.6453,,1
839,938.5,-1.07,0.78,-5.06,14.71,0.3311,0.1692,0.1551,,0
840,448.4,-0.014,0.422,5.31,7.95,0.2541,0.0915,0.5634,,1
841,462.5,-0.475,0.513,-2.09,9.67,-0.2966,0.1112,0.4476,,1
842,494.5,0.272,0.56,-18.0,10.55,-0.5361,0.1214,0.1804,,0
843,1053.7,0.545,0.802,41.05,15.13,0.9548,0.174,0.1243,,0
844,638.6,-1.612,0.672,-8.12,12.68,0.0385,0.1459,0.055,,0
845,387.7,1.595,0.376,29.13,7.1,0.0001,0.0817,0.5948,,1
846,877.9,-0.609,0.887,41.67,16.73,-0.1242,0.1924,0.1854,,0
847,773.3,1.494,0.994,76.79,18.75,0.0954,0.2156,0.1353,,0
848,1156.9,0.817,1.102,-5.53,20.79,0.5241,0.2391,0.0461,,0
849,174.6,1.885,0.715,40.5,13.49,-0.1282,0.1551,0.2215,,0
850,408.4,0.598,0.344,-19.66,6.48,-0.3668,0.0745,0.6996,,1
851,1023.7,0.879,0.836,17.28,15.77,0.7527,0.1814,0.0899,,0
852,857.6,0.223,0.413,1.93,7.8,0.3505,0.0897,0.538,,1
853,902.6,0.201,0.535,0.85,10.1,0.1887,0.1161,0.4415,,1
854,482.7,-1.067,0.619,-15.26,11.68,0.0454,0.1344,0.1892,,0
855,47.4,-1.574,0.617,-48.56,11.64,-0.6734,0.1339,0.2978,,0
856,471.8,1.561,0.351,-52.23,6.62,-0.1082,0.0761,0.6573,,1
857,446.6,0.122,0.759,33.66,14.31,0.272,0.1646,0.1264,,0
858,918.8,2.092,0.848,5.49,16.0,0.5467,0.1841,0.0836,,0
859,424.5,-0.405,0.551,-51.09,10.39,-0.2314,0.1195,0.2554,,0
860,423.6,0.434,0.604,-44.92,11.38,-0.4014,0.131,0.2701,,0
861,195.7,-0.759,0.334,-31.94,6.29,-0.5525,0.0724,0.6531,,1
862,2.1,2.804,1.486,-3.56,28.04,-0.4934,0.3226,0.1945,,0
863,767.2,-0.49,0.621,-35.51,11.72,-0.7328,0.1348,0.3959,,1
864,324.0,1.773,0.59,26.53,11.13,0.1734,0.128,0.1306,,0
865,438.2,-0.773,0.606,-17.85,11.44,-0.0568,0.1316,0.2281,,0
866,907.2,0.279,0.75,9.08,14.15,-0.0153,0.1628,0.3079,,0
867,861.6,-0.083,0.597,5.83,11.26,0.1405,0.1295,0.3978,,1
868,214.3,-0.624,0.641,-18.84,12.09,-0.408,0.1391,0.1246,,0
869,14.6,-0.143,0.416,-26.18,7.85,-0.4793,0.0903,0.468,,1
870,447.9,-0.241,0.258,-43.23,4.86,-0.464,0.0559,0.7054,,1
871,681.2,-0.441,1.262,99.11,23.81,0.1727,0.2739,0.1133,,0
872,460.8,1.306,0.378,-68.08,7.14,-0.0563,0.0821,0.5371,,1
873,348.3,0.337,0.649,-30.93,12.25,0.0097,0.1409,0.2369,,0
874,829.7,0.135,0.438,-9.02,8.26,0.1064,0.095,0.3726,,1
875,69.9,0.931,0.37,-46.25,6.98,-0.4146,0.0803,0.6428,,1
876,410.6,2.324,0.644,-18.66,12.15,0.2273,0.1398,0.0573,,0
877,415.9,2.324,0.642,-18.68,12.12,0.2274,0.1394,0.0561,,0
878,554.8,0.584,1.462,-16.36,27.58,0.2063,0.3172,0.0329,,0
879,420.5,-0.251,0.411,-14.0,7.75,0.1066,0.0892,0.5537,,1
880,490.3,1.606,1.137,15.27,21.45,-0.0371,0.2467,0.066,,0
881,178.4,0.536,0.7,28.19,13.21,0.2029,0.1519,0.0202,,0
882,388.2,0.679,0.451,6.45,8.5,-0.5315,0.0978,0.3277,,0
883,863.6,-0.582,0.546,6.81,10.3,0.3323,0.1185,0.5168,,1
884,606.8,1.156,0.771,38.72,14.55,-0.127,0.1674,0.2852,,0
885,456.8,0.405,0.626,-35.67,11.81,-0.5858,0.1358,0.1437,,0
886,718.1,-0.509,0.821,-7.4,15.49,-0.4049,0.1781,0.235,,0
887,80.4,-0.933,0.571,-20.95,10.77,-0.1528,0.1238,0.2337,,0
888,363.8,1.708,0.452,5.64,8.53,0.3019,0.0981,0.4865,,1
889,419.6,0.079,0.451,-20.75,8.51,-0.2471,0.0979,0.366,,1
890,842.5,0.327,0.574,-10.77,10.82,0.1912,0.1245,0.4236,,1
891,386.8,1.41,0.412,-25.1,7.76,-0.2021,0.0893,0.5727,,1
892,754.0,-1.055,1.095,67.3,20.66,0.4311,0.2377,0.1467,,0
893,964.7,1.048,0.85,8.06,16.03,0.6983,0.1844,0.1443,,0
894,11.6,-0.736,0.294,-53.13,5.54,-0.6573,0.0637,0.6668,,1
895,341.9,-0.462,0.683,-23.87,12.88,-0.1498,0.1482,0.0518,,0
896,491.2,0.345,0.515,-15.48,9.71,-0.3502,0.1117,0.5001,,1
897,554.6,-0.66,0.611,-32.78,11.53,-0.4062,0.1326,0.246,,0
898,103.4,-0.173,0.437,-15.26,8.25,-0.0719,0.0949,0.4713,,1
899,1094.2,2.067,0.697,23.66,13.15,0.9922,0.1512,0.0435,,0
900,437.0,0.242,0.472,-0.89,8.91,0.3664,0.1025,0.5137,,1
901,651.2,-0.874,0.537,-4.64,10.13,0.0912,0.1165,0.4332,,1
902,418.0,-0.112,0.3,-42.5,5.67,-0.4978,0.0652,0.6547,,1
903,885.9,-0.757,0.734,-19.14,13.85,0.169,0.1593,0.2874,,0
904,866.4,0.032,0.573,-52.08,10.8,-0.3799,0.1243,0.4057,,1
905,723.9,-0.666,0.616,-22.47,11.62,-0.6341,0.1337,0.6154,,1
906,384.1,0.741,0.369,-6.89,6.96,-0.1526,0.0801,0.6777,,1
907,934.1,-0.147,0.882,24.99,16.65,-0.2265,0.1915,0.1892,,0
908,686.7,-0.977,0.479,0.4,9.04,0.0895,0.104,0.4601,,1
909,115.9,-0.448,0.329,-38.93,6.2,-0.5519,0.0713,0.576,,1
910,129.2,-1.162,0.31,-42.85,5.85,-0.5005,0.0673,0.6345,,1
911,441.1,-0.657,0.705,53.52,13.3,0.2696,0.153,0.2548,,0
912,547.7,-0.964,0.482,15.11,9.09,-0.1948,0.1046,0.5246,,1
913,251.0,0.473,0.407,-7.11,7.68,-0.4216,0.0883,0.4494,,1
914,99.6,0.676,0.394,-48.4,7.44,-0.7028,0.0856,0.4941,,1
915,437.2,-0.013,0.257,-36.87,4.84,-0.4327,0.0557,0.7081,,1
916,408.7,0.657,0.612,-3.38,11.55,-0.2303,0.1328,0.2462,,0
917,79.1,1.762,0.997,23.23,18.81,-0.2812,0.2164,0.1405,,0
918,352.0,1.583,0.543,28.57,10.25,0.1083,0.1178,0.4107,,1
919,712.1,0.12,0.61,-25.01,11.51,-0.4744,0.1324,0.4133,,1
920,511.3,0.325,0.355,-16.69,6.7,-0.2752,0.0771,0.7469,,1
921,412.9,0.265,0.581,-17.13,10.96,-0.0221,0.126,0.4059,,1
922,67.0,-0.017,0.813,42.45,15.34,0.2195,0.1765,0.3056,,0
923,482.7,1.475,0.353,-46.53,6.65,-0.1592,0.0765,0.6544,,1
924,911.8,-0.058,0.788,29.17,14.87,-0.0811,0.171,0.1358,,0
925,176.6,0.163,0.344,-52.73,6.49,-0.7305,0.0747,0.6197,,1
926,622.1,-0.439,1.059,-37.25,19.99,-0.0567,0.2299,0.0911,,0
927,432.1,1.03,0.534,-26.94,10.07,-0.0617,0.1158,0.2952,,0
928,825.0,0.786,0.967,111.56,18.25,0.2745,0.2099,0.1358,,0
929,435.0,-0.029,0.756,36.57,14.27,0.3941,0.1641,0.0552,,0
930,969.0,1.477,1.003,-1.29,18.93,0.7464,0.2177,0.0588,,0
931,405.7,1.822,0.678,-19.57,12.79,0.3135,0.1471,0.0738,,0
932,370.8,1.523,0.698,10.18,13.17,0.3246,0.1515,0.0773,,0
933,477.2,0.618,0.265,-45.17,5.0,-0.5844,0.0575,0.7167,,1
934,382.4,1.662,0.546,-8.47,10.31,-0.3609,0.1186,0.5364,,1
935,186.7,-0.551,1.092,-0.81,20.6,-0.3585,0.237,0.2303,,0
936,848.5,0.248,0.828,-23.95,15.62,-0.1579,0.1797,0.3629,,1
937,567.2,0.037,1.128,-10.16,21.28,-0.1074,0.2447,0.1606,,0
938,443.1,-0.028,0.546,-31.26,10.3,-0.3599,0.1185,0.3621,,1
939,75.5,-0.471,0.77,-13.14,14.52,-0.0162,0.1671,0.3707,,1
940,357.4,1.207,0.462,22.08,8.72,0.2654,0.1003,0.5445,,1
941,65.1,-0.502,0.294,-52.34,5.54,-0.6547,0.0637,0.6663,,1
942,393.9,1.46,0.574,-10.82,10.82,-0.3219,0.1245,0.5373,,1
943,824.3,0.464,0.5,-9.96,9.44,-0.1262,0.1085,0.5097,,1
944,221.8,0.923,0.372,-18.21,7.01,-0.4886,0.0806,0.5995,,1
945,416.2,2.86,0.557,-10.25,10.5,0.425,0.1208,0.2977,,0
946,878.9,0.231,0.585,3.62,11.04,0.2879,0.1269,0.4006,,1
947,488.4,-0.424,0.419,-16.8,7.9,0.0596,0.0908,0.4557,,1
948,700.4,0.217,0.847,-17.65,15.97,-0.6423,0.1837,0.2441,,0
949,869.7,0.119,0.479,1.34,9.04,0.3665,0.104,0.3991,,1
950,437.9,0.666,1.049,-16.24,19.79,-0.1859,0.2277,0.3556,,1
951,53.6,-1.571,0.572,-21.98,10.78,-0.4164,0.124,0.546,,1
952,901.1,0.528,0.8,1.84,15.09,-0.0222,0.1736,0.301,,0
953,466.6,-0.7,1.728,39.85,32.59,0.8644,0.3749,0.0786,,0
954,726.1,-0.485,0.543,-3.73,10.24,0.1304,0.1178,0.3075,,0
955,589.8,-1.178,0.531,-19.48,10.02,-0.2911,0.1152,0.5269,,1
956,692.8,-0.329,1.044,77.94,19.69,0.3767,0.2265,0.1056,,0
957,691.9,0.023,0.572,11.05,10.8,0.2719,0.1242,0.2363,,0
958,941.1,-0.082,0.787,32.52,14.84,-0.043,0.1707,0.1148,,0
959,303.4,1.345,0.312,6.71,5.89,0.0294,0.0678,0.6419,,1
960,157.1,1.001,0.61,-10.93,11.5,-0.2058,0.1323,0.2075,,0
961,454.6,0.623,0.472,-29.23,8.9,-0.3504,0.1023,0.4634,,1
962,0.4,0.321,0.323,-48.31,6.09,-0.6247,0.0701,0.6649,,1
963,523.3,-0.162,0.574,-28.28,10.82,-0.2878,0.1245,0.3395,,0
964,404.3,1.97,0.581,-20.27,10.96,0.2586,0.1261,0.1733,,0
965,854.0,0.487,0.499,-7.53,9.42,-0.1051,0.1084,0.4939,,1
966,75.6,-0.653,0.732,11.17,13.81,-0.4124,0.1588,0.073,,0
967,853.0,-0.135,0.652,-25.07,12.29,-0.5024,0.1414,0.0938,,0
968,317.1,0.66,0.293,-30.41,5.53,-0.3619,0.0636,0.618,,1
969,818.8,0.205,0.502,-12.79,9.47,0.0396,0.109,0.4998,,1
970,202.8,-1.292,0.312,-28.63,5.89,-0.3522,0.0677,0.6032,,1
971,402.7,-0.112,0.428,-15.33,8.07,0.0426,0.0928,0.4981,,1
972,100.5,0.16,0.697,-32.07,13.15,-0.511,0.1512,0.2594,,0
973,342.0,0.417,0.573,-4.96,10.8,-0.4557,0.1243,0.0883,,0
974,405.9,-0.943,0.415,-40.08,7.83,-0.5179,0.09,0.446,,1
975,514.0,-0.51,0.426,-6.33,8.03,-0.4042,0.0924,0.5917,,1
976,319.1,-0.285,0.765,-20.2,14.44,-0.0145,0.1661,0.1222,,0
977,73.1,-0.523,0.483,-30.52,9.11,-0.5582,0.1048,0.3866,,1
978,785.5,1.142,1.208,88.81,22.78,-0.0789,0.2621,0.1131,,0
979,944.1,0.664,0.547,-10.07,10.32,0.3551,0.1187,0.2102,,0
980,70.4,-0.047,0.576,-59.19,10.86,-0.3319,0.125,0.3032,,0
981,346.3,2.411,1.491,-41.98,28.13,-0.6171,0.3236,0.0937,,0
982,844.1,-1.647,0.732,13.95,13.81,0.2668,0.1588,0.2454,,0
983,336.3,1.125,0.337,23.19,6.37,-0.0626,0.0732,0.6244,,1
984,141.7,-0.441,0.218,-35.3,4.12,-0.6429,0.0474,0.7686,,1
985,358.4,1.538,0.452,-40.05,8.52,-0.4529,0.098,0.5131,,1
986,1068.2,1.505,1.074,3.67,20.25,-0.0344,0.2329,0.1279,,0
987,333.4,1.167,0.432,30.39,8.16,0.2162,0.0938,0.5167,,1
988,870.2,-0.615,0.612,-38.18,11.55,-0.0607,0.1328,0.6142,,1
989,895.6,-0.401,0.758,25.7,14.3,0.0906,0.1645,0.3287,,0
990,375.8,1.146,0.487,-24.81,9.19,-0.26,0.1058,0.6126,,1
991,104.5,0.422,0.481,-35.45,9.08,-0.7412,0.1044,0.2173,,0
992,536.5,-0.355,0.6,12.28,11.32,-0.1884,0.1302,0.3047,,0
993,175.9,0.433,0.888,-2.28,16.74,0.2194,0.1926,0.1022,,0
994,625.0,1.366,1.062,-31.26,20.03,0.145,0.2304,0.1402,,0
995,387.7,0.813,0.61,11.04,11.51,0.2703,0.1324,0.1322,,0
996,97.9,-0.388,0.492,-20.71,9.27,-0.6153,0.1067,0.4156,,1
997,890.5,0.505,0.624,1.69,11.78,0.2572,0.1355,0.2903,,0
998,363.6,1.526,0.873,5.51,16.48,0.2539,0.1895,0.0405,,0
999,877.2,-0.363,0.643,-33.09,12.14,-0.1694,0.1396,0.5646,,1
1000,38.4,-1.499,0.616,0.82,11.63,-0.2756,0.1338,0.088,,0
1001,526.4,-0.554,0.702,-31.79,13.25,-0.7748,0.1524,0.251,,0
1002,441.3,0.163,0.171,-18.79,3.22,-0.3543,0.037,0.8482,,1
1003,448.4,0.497,0.569,-23.97,10.73,-0.3483,0.1234,0.5754,,1
1004,402.8,1.713,0.621,21.98,11.71,0.1095,0.1347,0.4723,,1
1005,1162.9,0.608,0.991,22.75,18.7,0.4798,0.2151,0.0353,,0
1006,854.8,0.781,0.931,68.56,17.56,0.5183,0.2019,0.1047,,0
1007,506.1,0.246,0.499,-21.06,9.42,-0.2516,0.1084,0.5628,,1
1008,443.9,1.419,0.576,-25.62,10.87,-0.2347,0.125,0.2956,,0
1009,829.9,1.163,0.521,-12.15,9.83,0.0566,0.113,0.5536,,1
1010,125.0,-3.366,1.028,-9.85,19.4,-0.168,0.2231,0.3727,,1
1011,936.6,1.778,0.887,0.04,16.72,0.78,0.1924,0.0759,,0
1012,138.1,-4.372,0.956,-17.13,18.04,-0.2363,0.2075,0.1279,,0
1013,390.7,0.914,0.278,-28.27,5.24,-0.3806,0.0603,0.8204,,1
1014,877.6,-0.445,0.855,15.3,16.13,0.3601,0.1855,0.1621,,0
1015,429.3,2.256,0.484,-39.23,9.13,-0.4461,0.1051,0.4477,,1
1016,427.0,0.598,0.289,-26.16,5.45,-0.4529,0.0627,0.6383,,1
1017,11.1,0.481,1.123,-5.0,21.19,-0.4083,0.2438,0.3184,,0
1018,91.9,-1.057,0.324,-58.68,6.11,-0.4947,0.0703,0.6106,,1
1019,777.7,-0.168,0.595,-25.88,11.22,-0.532,0.129,0.357,,1
1020,572.0,-0.701,0.547,-21.19,10.33,-0.4044,0.1188,0.3138,,0
1021,93.0,0.58,0.715,34.15,13.5,-0.0559,0.1552,0.2487,,0
1022,304.8,0.655,0.335,-4.97,6.32,-0.0476,0.0727,0.5246,,1
1023,315.8,0.655,0.335,-4.99,6.32,-0.0475,0.0727,0.5246,,1
1024,644.9,-0.719,0.441,-7.16,8.31,0.0142,0.0956,0.5905,,1
1025,857.1,-0.187,0.414,0.95,7.81,0.0517,0.0899,0.5429,,1
1026,924.9,0.387,0.713,0.75,13.44,0.0139,0.1546,0.3164,,0
1027,291.1,0.083,0.688,-19.11,12.98,-0.1724,0.1493,0.1199,,0
1028,974.1,0.798,0.835,5.58,15.76,0.1151,0.1813,0.2835,,0
1029,870.2,0.236,0.653,-24.29,12.32,-0.2914,0.1417,0.2818,,0
1030,85.9,-0.388,0.664,-14.95,12.53,-0.0087,0.1441,0.01,,0
1031,906.6,1.215,0.647,-71.17,12.2,-0.1256,0.1403,0.3951,,1
1032,324.2,0.155,0.416,-18.22,7.85,-0.1761,0.0903,0.5599,,1
1033,448.8,0.259,1.116,-15.23,21.06,-0.1176,0.2422,0.1392,,0
1034,453.2,-0.146,0.78,49.17,14.72,0.2507,0.1693,0.1572,,0
1035,533.5,-0.043,0.51,-53.97,9.63,-0.5106,0.1108,0.3625,,1
1036,978.7,-0.073,0.696,18.28,13.13,0.4336,0.151,0.0736,,0
1037,860.4,1.102,0.898,60.35,16.94,0.257,0.1948,0.1686,,0
1038,458.6,0.019,0.413,-44.65,7.79,-0.4937,0.0897,0.7465,,1
1039,408.8,-1.377,0.998,-0.16,18.82,-0.6794,0.2165,0.1168,,0
1040,411.3,-1.377,0.998,-0.16,18.82,-0.6794,0.2165,0.1163,,0
1041,923.4,-0.274,0.824,29.57,15.54,-0.0233,0.1787,0.2126,,0
1042,1055.2,1.205,0.698,20.33,13.16,0.7909,0.1514,0.0753,,0
1043,413.8,0.34,0.671,-11.09,12.65,-0.3474,0.1455,0.4564,,1
1044,879.6,0.223,0.58,-2.11,10.94,0.2409,0.1258,0.5226,,1
1045,94.6,-0.844,0.553,-25.1,10.43,-0.7458,0.12,0.4088,,1
1046,981.1,-0.501,1.034,10.83,19.5,-0.2591,0.2243,0.0821,,0
1047,49.7,-0.462,0.821,14.12,15.49,-0.1811,0.1782,0.1498,,0
1048,88.4,-1.37,0.669,-51.54,12.61,-0.3131,0.1451,0.1944,,0
1049,23.7,-0.51,0.357,-40.01,6.74,-0.5513,0.0775,0.5917,,1
1050,150.8,1.139,0.528,18.27,9.96,0.1675,0.1146,0.3049,,0
1051,908.7,0.269,0.565,3.13,10.66,0.0648,0.1226,0.3032,,0
1052,185.0,-0.328,0.639,-12.37,12.05,-0.5246,0.1386,0.2259,,0
1053,922.7,-0.974,1.223,55.05,23.08,0.9446,0.2655,0.1475,,0
1054,440.9,1.952,0.832,-15.22,15.69,-0.5254,0.1805,0.1007,,0
1055,412.1,0.325,0.537,-25.66,10.14,-0.4561,0.1166,0.2741,,0
1056,159.7,-0.263,0.832,-17.45,15.69,-0.2646,0.1805,0.1982,,0
1057,500.0,-0.057,0.425,-18.97,8.02,-0.2034,0.0923,0.5462,,1
1058,941.6,-1.417,0.811,-7.18,15.3,0.0985,0.176,0.2721,,0
1059,476.4,0.119,0.413,-4.95,7.79,0.2056,0.0896,0.592,,1
1060,396.4,-0.205,0.422,-17.52,7.96,0.0859,0.0915,0.4456,,1
1061,410.1,1.318,0.593,-32.63,11.19,-0.1508,0.1288,0.1504,,0
1062,308.9,1.007,0.353,15.39,6.66,-0.232,0.0766,0.5462,,1
1063,871.5,-0.115,0.896,15.02,16.91,0.4795,0.1945,0.5155,,1
1064,159.8,-0.673,0.265,-49.78,5.0,-0.6976,0.0575,0.6914,,1
1065,101.7,-0.576,0.43,-56.07,8.11,-0.4443,0.0933,0.4917,,1
1066,319.9,0.763,0.403,5.63,7.6,-0.2312,0.0874,0.4972,,1
1067,698.9,-0.771,1.096,87.3,20.67,0.4372,0.2378,0.0539,,0
1068,348.3,2.019,0.577,40.27,10.88,0.0412,0.1252,0.3571,,1
1069,76.1,-0.194,0.357,-39.09,6.73,-0.4204,0.0774,0.757,,1
1070,776.6,0.167,0.696,-17.02,13.12,0.3671,0.1509,0.2083,,0
1071,873.2,-0.429,0.573,-5.76,10.81,0.1823,0.1243,0.3685,,1
1072,76.9,-1.338,0.776,-36.38,14.64,0.0746,0.1684,0.2271,,0
1073,443.3,-1.241,0.468,-2.14,8.82,0.1766,0.1014,0.423,,1
1074,0.8,-0.6,1.174,6.25,22.15,-0.4605,0.2548,0.1893,,0
1075,376.7,-0.034,0.492,-38.47,9.28,-0.6202,0.1068,0.2224,,0
1076,73.8,1.267,0.696,33.68,13.14,-0.1801,0.1511,0.1357,,0
1077,329.3,-0.371,0.617,-13.64,11.64,-0.04,0.1338,0.1338,,0
1078,452.3,-1.665,0.551,-5.7,10.4,-0.4191,0.1197,0.3311,,0
1079,501.9,1.574,1.11,15.52,20.93,-0.0959,0.2408,0.0249,,0
1080,292.1,1.116,0.681,37.59,12.84,0.2715,0.1477,0.3163,,0
1081,541.3,-0.379,0.629,-5.72,11.86,-0.1706,0.1364,0.3838,,1
1082,312.4,2.103,0.767,20.0,14.47,0.0605,0.1665,0.062,,0
1083,6.1,-0.774,0.436,-52.93,8.23,-0.6377,0.0947,0.5404,,1
1084,412.7,0.027,0.502,-34.15,9.46,-0.5511,0.1088,0.4359,,1
1085,156.5,1.366,0.682,34.44,12.86,0.2978,0.148,0.2572,,0
1086,345.3,2.122,0.53,30.32,10.0,-0.0412,0.1151,0.3216,,0
1087,353.9,2.264,0.587,27.77,11.07,0.383,0.1274,0.1531,,0
1088,353.9,0.173,0.613,-22.32,11.57,-0.405,0.1331,0.1436,,0
1089,464.8,0.154,0.892,-14.56,16.83,-0.0018,0.1936,0.2833,,0
1090,166.1,1.64,0.818,46.74,15.42,0.0154,0.1774,0.0568,,0
1091,483.6,0.2,0.711,-40.38,13.41,-0.528,0.1542,0.1212,,0
1092,442.1,0.091,0.58,-6.31,10.95,0.2476,0.1259,0.3412,,0
1093,317.9,-0.957,0.562,-6.0,10.61,-0.2605,0.122,0.2865,,0
1094,765.5,-0.781,0.555,-14.4,10.47,-0.5087,0.1205,0.5482,,1
1095,359.5,1.429,0.288,-36.02,5.43,-0.2946,0.0624,0.6716,,1
1096,481.7,1.481,0.626,-14.7,11.82,0.1173,0.1359,0.1611,,0
1097,811.0,0.515,0.671,1.55,12.65,-0.1784,0.1455,0.3211,,0
1098,111.4,0.248,0.579,-63.23,10.93,-0.482,0.1257,0.3538,,1
1099,363.1,4.155,0.709,18.75,13.38,-0.029,0.1539,0.4829,,1
1100,694.4,-1.071,0.633,-27.79,11.93,-0.552,0.1373,0.4829,,1
1101,836.6,-0.95,0.806,2.75,15.21,0.0609,0.1749,0.4017,,1
1102,772.4,-0.102,0.488,-39.41,9.21,-0.5189,0.106,0.691,,1
1103,318.4,1.012,0.551,-37.26,10.39,-0.3017,0.1195,0.4015,,1
1104,494.1,-0.095,0.366,-12.66,6.91,-0.0878,0.0795,0.6979,,1
1105,330.9,1.458,0.436,0.57,8.23,0.1661,0.0946,0.4482,,1
1106,532.6,-0.071,0.507,-19.57,9.56,-0.6851,0.1099,0.6345,,1
1107,453.5,-1.271,0.687,-5.76,12.96,0.105,0.1491,0.1216,,0
1108,868.1,-0.025,0.579,-3.2,10.93,0.1971,0.1257,0.5095,,1
1109,302.6,0.234,0.591,-10.33,11.14,-0.154,0.1282,0.3228,,0
1110,454.8,-0.15,0.593,-9.86,11.19,0.0646,0.1287,0.2641,,0
1111,5.6,0.02,0.398,-67.02,7.51,-0.7377,0.0864,0.4867,,1
1112,820.0,-0.309,0.553,17.44,10.44,0.3365,0.12,0.5615,,1
1113,687.2,-2.596,1.224,103.16,23.09,0.4425,0.2656,0.1023,,0
1114,181.6,-1.127,0.363,-45.71,6.85,-0.7488,0.0788,0.5106,,1
1115,329.3,1.096,0.636,-44.02,12.0,-0.3913,0.138,0.3504,,1
1116,65.5,-2.09,0.647,-19.18,12.2,0.0508,0.1403,0.3644,,1
1117,127.3,-1.624,0.482,-1.62,9.1,-0.3936,0.1046,0.4485,,1
1118,567.8,-0.135,1.249,16.53,23.56,0.215,0.271,0.1315,,0
1119,688.5,-0.323,0.816,-36.5,15.39,-0.6774,0.177,0.1435,,0
1120,864.8,-0.603,0.523,-37.33,9.86,-0.5169,0.1135,0.512,,1
1121,15.0,2.433,1.427,-48.44,26.92,-0.2109,0.3096,0.1514,,0
1122,714.3,0.154,0.429,-37.39,8.1,-0.6969,0.0932,0.54,,1
1123,400.5,-0.916,0.432,-22.91,8.16,-0.4932,0.0938,0.5695,,1
1124,396.1,-0.242,0.352,-39.41,6.64,-0.4149,0.0763,0.6782,,1
1125,882.4,1.122,1.113,10.85,21.0,-0.019,0.2416,0.1205,,0
1126,117.1,0.823,0.356,-30.34,6.71,-0.2294,0.0772,0.656,,1
1127,7.3,0.006,0.64,-24.75,12.07,-0.2195,0.1389,0.3089,,0
1128,806.7,-0.203,0.647,-11.47,12.2,0.1428,0.1403,0.2496,,0
1129,795.6,0.729,1.055,96.2,19.9,0.206,0.2289,0.0516,,0
1130,65.2,-0.592,0.572,-45.87,10.78,-0.7492,0.124,0.4997,,1
1131,41.2,1.408,0.798,19.13,15.06,-0.0596,0.1732,0.2791,,0
1132,47.7,0.452,0.568,-29.87,10.72,-0.4203,0.1233,0.2662,,0
1133,873.6,1.309,0.533,-32.56,10.06,-0.2154,0.1157,0.5423,,1
1134,624.9,0.358,0.441,-37.54,8.33,-0.5321,0.0958,0.6215,,1
1135,698.8,-1.822,1.175,26.37,22.17,0.2758,0.255,0.0109,,0
1136,76.0,-0.321,0.358,-40.29,6.76,-0.4206,0.0778,0.7047,,1
1137,426.8,-1.021,0.596,-20.06,11.25,-0.1348,0.1294,0.3496,,0
1138,451.3,2.19,0.621,-34.07,11.72,-0.1731,0.1348,0.1614,,0
1139,972.6,0.008,0.754,8.67,14.22,0.5838,0.1635,0.1251,,0
1140,459.1,-1.24,0.545,-20.89,10.28,-0.6462,0.1182,0.4938,,1
1141,823.6,-0.255,0.472,-0.21,8.9,0.1542,0.1024,0.4817,,1
1142,304.1,1.279,0.435,30.65,8.2,0.1865,0.0943,0.5505,,1
1143,971.6,0.311,0.771,22.35,14.55,0.224,0.1674,0.1889,,0
1144,578.0,1.71,0.794,38.55,14.98,-0.1555,0.1723,0.0555,,0
1145,114.5,-0.64,0.458,-28.56,8.63,-0.5454,0.0993,0.3063,,0
1146,807.3,0.877,1.078,97.58,20.33,0.2859,0.2338,0.1384,,0
1147,951.2,-0.151,1.016,14.51,19.16,0.7259,0.2204,0.124,,0
1148,58.3,0.314,0.558,-35.03,10.52,-0.5898,0.1211,0.3637,,1
1149,448.4,1.375,0.337,-13.66,6.35,-0.1565,0.0731,0.6136,,1
1150,859.9,0.13,0.895,10.75,16.88,0.49,0.1942,0.5079,,1
1151,578.7,-0.973,0.535,-11.58,10.1,-0.3293,0.1162,0.4787,,1
1152,960.5,-0.134,0.927,44.28,17.48,0.2144,0.201,0.0349,,0
1153,79.4,-0.987,0.45,-33.41,8.49,-0.4384,0.0976,0.4774,,1
1154,402.3,0.87,0.297,-29.35,5.61,-0.4073,0.0645,0.7732,,1
1155,366.3,0.642,0.24,-36.11,4.52,-0.5777,0.052,0.7503,,1
1156,167.7,-0.282,1.03,23.74,19.44,-0.456,0.2236,0.0185,,0
1157,261.8,1.267,0.718,20.51,13.55,-0.0045,0.1558,0.1067,,0
1158,130.1,-1.135,0.605,-35.18,11.41,-0.4809,0.1312,0.2118,,0
1159,800.3,1.626,0.714,-9.93,13.46,0.1086,0.1549,0.2206,,0
1160,549.5,1.391,1.186,-4.71,22.38,-0.0351,0.2574,0.1472,,0
1161,922.4,-0.889,1.003,47.29,18.93,-0.1634,0.2177,0.143,,0
1162,725.5,-0.019,0.392,-36.9,7.39,-0.6439,0.085,0.6509,,1
1163,447.1,1.37,0.91,-21.23,17.16,-0.1651,0.1974,0.3289,,0
1164,716.1,-0.043,1.212,80.93,22.85,0.4161,0.2629,0.1024,,0
1165,73.6,1.661,0.997,11.76,18.81,-0.328,0.2164,0.1235,,0
1166,847.1,1.039,1.041,5.08,19.65,0.3909,0.226,0.0715,,0
1167,359.7,0.296,0.571,-31.18,10.78,-0.081,0.124,0.2314,,0
1168,806.1,0.097,0.513,-9.86,9.68,-0.1891,0.1114,0.5121,,1
1169,169.6,0.4,0.279,-51.24,5.26,-0.7676,0.0605,0.6907,,1
1170,614.1,0.953,1.015,-23.91,19.15,0.031,0.2203,0.0701,,0
1171,488.4,-0.004,0.388,-23.93,7.33,-0.1356,0.0843,0.698,,1
1172,722.2,-0.475,1.063,79.14,20.05,0.4937,0.2306,0.1157,,0
1173,444.6,-0.71,0.539,-19.99,10.17,-0.1036,0.117,0.2899,,0
1174,21.3,-0.299,1.366,22.28,25.77,-0.1102,0.2964,0.2324,,0
1175,76.9,0.046,0.617,-31.14,11.64,-0.1143,0.1339,0.047,,0
1176,136.3,0.538,0.604,-47.05,11.4,-0.3509,0.1312,0.384,,1
1177,126.4,0.766,0.674,34.08,12.71,0.0546,0.1462,0.1526,,0
1178,818.0,1.063,0.757,-1.02,14.28,-0.1938,0.1643,0.1212,,0
1179,833.3,0.264,0.699,-7.87,13.18,0.1581,0.1516,0.1866,,0
1180,366.4,1.286,0.352,-22.93,6.64,-0.0296,0.0763,0.5838,,1
1181,373.3,1.286,0.353,-22.93,6.65,-0.0296,0.0765,0.5843,,1
1182,404.7,1.141,0.665,-19.66,12.55,0.0462,0.1444,0.4844,,1
1183,633.7,0.391,0.94,-14.96,17.73,-0.1594,0.2039,0.0587,,0
1184,1100.8,1.349,0.644,27.45,12.14,0.9878,0.1397,0.0861,,0
1185,134.7,0.384,0.485,-27.51,9.16,-0.4962,0.1053,0.2981,,0
1186,778.9,0.569,0.937,86.96,17.67,0.4098,0.2032,0.1761,,0
1187,331.9,1.564,0.764,30.99,14.4,0.4526,0.1657,0.0394,,0
1188,325.2,0.198,0.687,-28.8,12.95,-0.6077,0.149,0.1213,,0
1189,168.4,1.348,0.857,29.42,16.16,-0.0019,0.1859,0.3842,,1
1190,394.0,-1.077,0.497,-40.95,9.38,-0.493,0.1079,0.3245,,0
1191,1102.3,1.785,0.694,15.88,13.1,1.1508,0.1507,0.1131,,0
1192,965.5,0.542,0.898,17.03,16.94,0.0832,0.1949,0.0509,,0
1193,73.0,-1.13,1.026,-6.11,19.36,-0.0248,0.2226,0.1852,,0
1194,170.5,-0.304,0.529,-57.44,9.99,-0.8275,0.1149,0.4552,,1
1195,535.1,-0.454,0.43,-9.62,8.12,0.0923,0.0934,0.4168,,1
1196,133.7,-0.456,0.196,-30.26,3.69,-0.3969,0.0425,0.813,,1
1197,657.2,2.289,1.314,34.78,24.8,-0.0814,0.2852,0.1608,,0
1198,882.8,0.808,0.677,-9.94,12.78,0.1184,0.147,0.1567,,0
1199,963.9,0.554,0.903,27.71,17.03,-0.3533,0.1959,0.1458,,0
1200,374.1,2.984,0.498,28.43,9.4,-0.0228,0.1081,0.408,,1
1201,489.0,-0.852,0.47,-12.03,8.87,0.1421,0.102,0.4811,,1
1202,958.1,-0.033,0.638,0.89,12.04,0.3291,0.1385,0.4097,,1
1203,185.6,1.127,1.163,27.06,21.93,-0.1643,0.2523,0.144,,0
1204,555.6,-0.436,1.177,-2.58,22.2,-0.1674,0.2554,0.1955,,0
1205,948.8,0.137,0.826,33.75,15.57,0.2249,0.1791,0.1286,,0
1206,59.1,-0.063,0.75,-69.29,14.14,-0.2456,0.1627,0.2669,,0
1207,428.9,-0.172,0.784,38.09,14.79,0.1638,0.1701,0.1653,,0
1208,118.5,-0.868,0.538,-26.43,10.14,-0.4628,0.1167,0.2823,,0
1209,495.0,-0.194,0.462,-44.17,8.72,-0.5469,0.1003,0.5647,,1
1210,70.3,-0.062,0.924,-11.41,17.44,0.0536,0.2006,0.1269,,0
1211,124.7,0.764,0.409,-42.89,7.71,-0.3143,0.0887,0.7405,,1
1212,93.8,-1.78,0.321,-41.47,6.06,-0.3927,0.0697,0.5536,,1
1213,108.5,1.678,1.023,19.94,19.29,-0.2693,0.2219,0.0986,,0
1214,181.2,0.011,0.624,-27.64,11.76,0.1043,0.1353,0.3187,,0
1215,337.7,1.121,0.333,-5.08,6.28,-0.0864,0.0723,0.6496,,1
1216,238.0,0.73,1.225,-4.07,23.1,-0.2499,0.2657,0.1523,,0
1217,459.9,-0.897,0.512,-12.15,9.65,0.1621,0.111,0.4261,,1
1218,589.0,0.654,0.672,34.71,12.67,0.1352,0.1457,0.2141,,0
1219,754.9,-0.417,0.534,-27.42,10.08,-0.5785,0.1159,0.501,,1
1220,381.6,1.58,0.475,10.03,8.95,0.2542,0.103,0.4805,,1
1221,1012.1,0.889,0.889,7.4,16.76,0.5157,0.1928,0.0781,,0
1222,962.3,1.102,0.89,26.02,16.78,0.6445,0.1931,0.0211,,0
1223,777.8,-0.442,1.209,60.17,22.81,0.5276,0.2623,0.1878,,0
1224,496.4,1.338,1.127,6.26,21.25,-0.189,0.2445,0.0097,,0
1225,543.9,-0.153,0.632,-39.62,11.93,-0.2668,0.1372,0.2011,,0
1226,45.5,-0.099,0.476,-29.35,8.97,-0.4273,0.1032,0.4155,,1
1227,348.6,0.589,0.566,6.0,10.68,0.0494,0.1228,0.2446,,0
1228,287.8,0.533,0.452,-34.99,8.53,-0.4665,0.0982,0.3807,,1
1229,250.8,1.775,0.537,17.33,10.13,0.0545,0.1165,0.4027,,1
1230,359.0,2.158,0.54,37.31,10.18,0.214,0.1171,0.4545,,1
1231,268.8,0.957,0.657,-17.42,12.39,-0.3958,0.1425,0.1986,,0
1232,401.1,-0.909,0.919,5.77,17.34,-0.5753,0.1995,0.3044,,0
1233,808.6,-0.406,0.531,22.22,10.02,0.3173,0.1153,0.5237,,1
1234,246.7,3.209,0.551,21.21,10.39,0.3351,0.1195,0.2657,,0
1235,336.1,0.155,0.859,-23.24,16.2,-0.3453,0.1864,0.2301,,0
1236,514.8,-0.045,0.578,-40.63,10.91,-0.634,0.1255,0.4163,,1
1237,430.7,-0.385,0.567,-16.88,10.7,0.1366,0.1231,0.4621,,1
1238,142.0,-0.665,0.81,-22.8,15.27,-0.1677,0.1757,0.2077,,0
1239,783.1,-0.738,0.554,-24.42,10.46,-0.5107,0.1203,0.4232,,1
1240,131.8,0.87,0.524,40.06,9.88,0.2297,0.1137,0.2405,,0
1241,302.0,-0.308,0.299,-33.73,5.63,-0.4764,0.0648,0.6874,,1
1242,617.7,0.957,0.761,40.62,14.36,-0.1999,0.1652,0.2214,,0
1243,228.5,1.95,0.683,46.56,12.89,0.2194,0.1483,0.0919,,0
1244,332.0,-0.142,0.532,-17.56,10.04,-0.1233,0.1155,0.4032,,1
1245,179.8,2.224,0.7,35.16,13.21,0.0539,0.1519,0.2938,,0
1246,309.8,1.269,0.527,26.2,9.95,0.2021,0.1145,0.5191,,1
1247,952.0,-0.544,0.544,-9.61,10.26,0.2046,0.1181,0.5529,,1
1248,828.5,-1.407,0.674,6.14,12.71,0.2272,0.1462,0.2499,,0
1249,152.7,1.179,0.531,25.2,10.01,0.1305,0.1151,0.2648,,0
1250,668.9,-0.951,0.578,-20.07,10.9,0.0513,0.1254,0.2244,,0
1251,360.6,-0.069,0.492,-41.38,9.27,-0.42,0.1067,0.4842,,1
1252,93.8,-0.534,0.489,-39.09,9.22,-0.494,0.106,0.5383,,1
1253,844.9,1.497,0.679,-13.4,12.8,-0.0374,0.1472,0.1447,,0
1254,882.6,1.729,1.102,-5.26,20.79,0.8485,0.2392,0.0761,,0
1255,896.1,-0.17,0.62,-2.03,11.69,-0.2238,0.1345,0.3383,,0
1256,285.0,2.083,0.685,40.34,12.93,0.1827,0.1487,0.2042,,0
1257,55.5,-0.756,0.562,-34.59,10.61,-0.4366,0.122,0.1628,,0
1258,980.2,1.523,0.886,15.31,16.72,-0.1568,0.1923,0.103,,0
1259,841.6,0.44,0.514,-30.65,9.7,-0.1303,0.1116,0.5603,,1
1260,302.8,1.743,0.578,17.46,10.91,0.0586,0.1255,0.231,,0
1261,455.3,1.019,0.547,-22.11,10.32,-0.3937,0.1187,0.557,,1
1262,495.2,0.282,0.669,-31.5,12.63,-0.6045,0.1453,0.4373,,1
1263,585.0,-0.034,0.399,-33.05,7.53,-0.5708,0.0866,0.6505,,1
1264,597.3,-0.035,0.399,-33.05,7.52,-0.5708,0.0865,0.6504,,1
1265,139.7,1.42,0.595,9.22,11.23,0.0605,0.1292,0.2878,,0
1266,460.7,1.423,0.598,-14.32,11.28,-0.3021,0.1297,0.5336,,1
1267,375.1,1.252,0.443,-2.01,8.35,0.2647,0.0961,0.5832,,1
1268,531.7,0.329,0.421,-37.64,7.95,-0.512,0.0914,0.6705,,1
1269,181.2,2.03,0.701,34.9,13.21,-0.2181,0.152,0.1736,,0
1270,794.3,-0.103,0.664,-27.04,12.53,-0.0647,0.1442,0.255,,0
1271,430.2,-0.243,0.347,-29.52,6.55,-0.3892,0.0754,0.4977,,1
1272,929.5,0.176,0.829,24.46,15.63,-0.2398,0.1798,0.1744,,0
1273,58.8,0.367,0.447,-51.29,8.44,-0.6589,0.0971,0.7235,,1
1274,323.5,-1.043,0.6,-34.73,11.32,-0.3891,0.1302,0.2343,,0
1275,366.1,1.614,0.778,46.92,14.68,0.2041,0.1689,0.2771,,0
1276,291.3,1.085,0.337,-36.74,6.35,-0.4956,0.0731,0.6193,,1
1277,814.9,-0.385,0.564,-2.21,10.65,0.1844,0.1225,0.4429,,1
1278,148.1,-0.522,0.795,-20.44,15.0,-0.2655,0.1725,0.3091,,0
1279,444.3,1.088,0.435,-29.05,8.21,-0.5088,0.0944,0.4438,,1
1280,884.7,-0.741,0.572,1.69,10.79,0.2754,0.1241,0.5131,,1
1281,447.5,-0.822,0.391,0.65,7.38,-0.4468,0.0849,0.6537,,1
1282,460.8,-0.323,0.39,-9.32,7.35,-0.2663,0.0845,0.644,,1
1283,20.9,-2.375,0.829,-5.2,15.64,-0.5145,0.18,0.2001,,0
1284,142.6,0.396,0.333,-42.75,6.28,-0.633,0.0722,0.5667,,1
1285,398.7,1.318,0.445,28.48,8.4,-0.0426,0.0966,0.4363,,1
1286,341.8,1.474,0.489,7.01,9.22,0.0832,0.1061,0.4,,1
1287,12.0,0.051,0.329,-42.95,6.21,-0.5944,0.0714,0.6843,,1
1288,87.8,1.024,0.721,23.84,13.59,-0.1476,0.1563,0.2111,,0
1289,380.9,3.301,0.603,26.02,11.37,-0.0262,0.1308,0.2324,,0
1290,623.6,1.246,0.435,-20.59,8.21,-0.4614,0.0945,0.5532,,1
1291,63.4,-0.622,0.554,-30.07,10.44,-0.3501,0.1201,0.497,,1
1292,833.6,-0.457,0.73,-7.15,13.77,-0.1351,0.1584,0.3647,,1
1293,418.4,0.92,0.529,-46.45,9.97,-0.262,0.1147,0.5244,,1
1294,451.6,0.381,0.415,-12.72,7.83,-0.2486,0.0901,0.6881,,1
1295,422.5,1.649,0.729,0.83,13.75,-0.0607,0.1582,0.3395,,0
1296,880.8,0.187,0.554,-54.63,10.44,-0.3541,0.1201,0.4887,,1
1297,335.0,1.551,0.435,24.07,8.21,0.0874,0.0945,0.5237,,1
1298,471.3,-1.227,0.524,-16.62,9.89,0.1047,0.1138,0.3667,,1
1299,956.4,0.307,0.919,20.59,17.34,0.191,0.1995,0.142,,0
1300,530.0,-1.993,0.738,18.9,13.92,-0.0244,0.1601,0.0518,,0
1301,129.0,0.017,0.613,-38.83,11.56,-0.5337,0.1329,0.2073,,0
1302,41.5,0.98,0.606,-27.65,11.44,-0.2527,0.1316,0.4106,,1
1303,615.5,0.397,0.813,-15.19,15.34,-0.4811,0.1764,0.1821,,0
1304,392.3,0.522,0.343,-22.77,6.47,-0.1824,0.0744,0.5399,,1
1305,76.9,-0.282,0.615,-42.39,11.59,-0.5232,0.1334,0.3221,,0
1306,460.0,0.002,0.186,-37.41,3.52,-0.4262,0.0405,0.826,,1
1307,926.4,-0.772,0.62,-0.54,11.69,0.3249,0.1345,0.071,,0
1308,335.6,-0.455,0.463,-20.3,8.74,-0.0424,0.1006,0.3659,,1
1309,378.7,0.081,0.493,-13.23,9.3,-0.0146,0.1069,0.3368,,0
1310,419.1,0.796,0.477,-33.29,8.99,-0.4918,0.1034,0.6406,,1
1311,132.8,0.564,1.218,7.56,22.97,-0.5531,0.2642,0.1837,,0
1312,840.2,0.208,0.716,-30.6,13.51,0.269,0.1554,0.3104,,0
1313,376.6,0.108,0.406,-3.63,7.67,-0.343,0.0882,0.4545,,1
1314,420.6,2.002,0.532,26.37,10.04,0.0449,0.1155,0.4392,,1
1315,252.1,1.852,0.514,-31.27,9.7,-0.7828,0.1116,0.5628,,1
1316,728.2,-0.76,1.089,79.74,20.54,0.3872,0.2363,0.1037,,0
1317,838.7,0.317,0.87,-38.1,16.42,-0.055,0.1888,0.1722,,0
1318,366.8,0.466,0.362,-33.76,6.83,-0.4022,0.0785,0.7496,,1
1319,871.8,2.738,1.243,-13.21,23.45,0.6653,0.2697,0.1085,,0
1320,505.8,-2.089,0.672,8.42,12.68,-0.1465,0.1459,0.171,,0
1321,62.2,0.926,0.762,0.54,14.38,-0.3792,0.1654,0.2945,,0
1322,962.4,0.558,0.855,15.68,16.14,0.1548,0.1856,0.1634,,0
1323,9.6,0.272,1.375,27.1,25.93,-0.0334,0.2983,0.1936,,0
1324,462.2,1.733,0.828,7.31,15.62,-0.0856,0.1796,0.1789,,0
1325,753.4,-0.435,0.54,-20.89,10.19,-0.6027,0.1172,0.5906,,1
1326,448.8,0.732,1.5,38.9,28.29,0.7777,0.3254,0.3254,,0
1327,969.7,-0.019,0.614,14.42,11.57,0.3355,0.1331,0.4425,,1
1328,253.2,0.706,1.028,16.44,19.39,0.1086,0.223,0.0922,,0
1329,305.6,-0.258,0.654,-37.9,12.33,-0.5397,0.1418,0.0603,,0
1330,378.7,1.292,0.353,-21.58,6.65,-0.1325,0.0765,0.5703,,1
1331,895.1,0.684,0.904,30.97,17.06,-0.1019,0.1962,0.2566,,0
1332,312.7,-0.01,0.485,-45.27,9.16,-0.5508,0.1053,0.3679,,1
1333,358.1,1.665,0.54,-29.29,10.19,-0.2957,0.1172,0.4002,,1
1334,257.7,1.89,0.521,12.42,9.82,0.0458,0.1129,0.4369,,1
1335,938.1,-0.269,0.708,-10.31,13.36,0.2387,0.1537,0.2454,,0
1336,368.8,1.124,0.412,1.77,7.78,0.2725,0.0895,0.5422,,1
1337,55.9,1.398,1.071,23.49,20.21,-0.2836,0.2325,0.0634,,0
1338,387.7,2.531,0.741,-50.74,13.98,-0.3853,0.1608,0.2151,,0
1339,846.2,-1.342,0.73,-26.14,13.76,0.3267,0.1583,0.1519,,0
1340,681.3,-2.103,0.556,-7.05,10.49,-0.0001,0.1207,0.341,,0
1341,376.1,1.9,0.583,-18.51,11.0,-0.4561,0.1265,0.4062,,1
1342,91.3,1.661,1.0,15.45,18.87,-0.3419,0.217,0.0823,,0
1343,1110.7,2.463,1.746,91.73,32.94,-0.4122,0.3789,0.0397,,0
1344,61.5,-0.22,0.787,-52.88,14.84,-0.5056,0.1707,0.3827,,1
1345,902.1,0.708,0.643,-1.26,12.13,0.2933,0.1396,0.3198,,0
1346,173.0,-0.102,0.674,33.68,12.71,0.1552,0.1462,0.181,,0
1347,125.0,0.904,0.558,40.14,10.53,0.1756,0.1211,0.2156,,0
1348,506.1,1.239,0.416,-32.85,7.85,-0.2907,0.0903,0.3904,,1
1349,739.9,-0.728,1.213,61.15,22.88,0.4462,0.2632,0.0812,,0
1350,312.8,-1.137,0.48,-13.46,9.06,-0.1252,0.1042,0.4398,,1
1351,930.3,2.038,0.805,-1.81,15.19,0.563,0.1747,0.0906,,0
1352,395.1,1.993,0.521,-27.06,9.82,-0.0861,0.113,0.4247,,1
1353,423.8,1.74,0.563,-54.54,10.63,0.0,0.1222,0.3332,,0
1354,214.5,-0.393,0.201,-30.49,3.8,-0.4766,0.0437,0.8039,,1
1355,163.7,1.784,0.508,40.16,9.58,0.3855,0.1102,0.3574,,1
1356,186.3,0.982,0.724,-30.43,13.65,-0.4383,0.157,0.0356,,0
1357,161.8,1.507,0.565,34.66,10.66,0.4736,0.1226,0.1872,,0
1358,462.6,0.335,0.668,-12.5,12.6,-0.3825,0.1449,0.5314,,1
1359,433.6,0.222,0.28,-32.82,5.28,-0.368,0.0607,0.6892,,1
1360,106.6,-0.125,0.487,-39.68,9.18,-0.4943,0.1056,0.3859,,1
1361,94.6,0.582,0.548,-30.74,10.34,-0.69,0.1189,0.1883,,0
1362,147.3,0.09,0.672,-29.04,12.68,-0.5109,0.1459,0.2252,,0
1363,134.7,-0.132,0.389,-43.09,7.34,-0.543,0.0844,0.5385,,1
1364,193.6,-1.992,1.182,-13.62,22.29,-0.2053,0.2564,0.2575,,0
1365,472.3,-0.24,0.41,-24.33,7.73,-0.439,0.0889,0.5021,,1
1366,878.4,0.27,0.754,-16.19,14.22,-0.2488,0.1635,0.095,,0
1367,387.4,0.493,0.51,-55.06,9.61,-0.4798,0.1106,0.3101,,0
1368,474.3,0.598,0.636,-19.7,12.01,-0.3458,0.1381,0.127,,0
1369,385.5,0.571,0.406,-10.39,7.66,-0.0538,0.0881,0.466,,1
1370,912.6,2.345,0.769,-2.75,14.51,0.5223,0.1669,0.0357,,0
1371,298.0,1.098,0.445,37.36,8.39,0.2546,0.0965,0.6054,,1
1372,26.6,1.268,1.329,18.31,25.08,-0.4279,0.2884,0.1371,,0
1373,47.5,0.57,0.593,-31.92,11.19,-0.579,0.1287,0.3466,,0
1374,102.4,1.307,0.976,27.03,18.4,-0.3506,0.2117,0.0281,,0
1375,551.3,0.261,0.626,-33.25,11.81,-0.1526,0.1358,0.2825,,0
1376,472.6,0.407,1.565,56.77,29.52,0.4862,0.3395,0.1014,,0
1377,197.0,2.703,1.125,19.28,21.22,-0.2415,0.2441,0.1262,,0
1378,877.1,-0.211,0.933,7.65,17.6,0.4729,0.2024,0.3276,,0
1379,178.8,1.623,1.199,0.93,22.62,-0.4595,0.2601,0.1919,,0
1380,414.3,1.45,0.584,-40.96,11.01,-0.1634,0.1266,0.259,,0
1381,963.6,-0.601,0.537,-5.41,10.14,0.2372,0.1166,0.5711,,1
1382,473.8,0.373,0.852,-26.07,16.06,-0.576,0.1848,0.349,,0
1383,596.5,-0.252,0.589,-19.3,11.1,-0.3023,0.1277,0.3042,,0
1384,508.0,0.971,1.239,6.51,23.37,0.0977,0.2688,0.0662,,0
1385,354.4,0.904,0.63,-6.81,11.89,-0.168,0.1368,0.2241,,0
1386,675.1,1.207,1.385,74.03,26.14,0.328,0.3006,0.119,,0
1387,452.6,1.181,0.418,-22.0,7.89,-0.0525,0.0908,0.4252,,1
1388,795.2,-0.717,0.738,-28.64,13.92,-0.7087,0.1601,0.1474,,0
1389,417.0,1.48,0.393,-48.98,7.41,0.0111,0.0853,0.4185,,1
1390,435.6,1.996,0.9,-8.34,16.98,0.0622,0.1953,0.5169,,1
1391,909.1,0.747,1.032,-1.3,19.46,0.8932,0.2238,0.0368,,0
1392,968.0,0.447,0.851,18.11,16.05,0.201,0.1846,0.2307,,0
1393,28.9,0.683,1.217,-9.14,22.96,-0.4692,0.2642,0.2942,,0
1394,196.5,2.211,0.768,-13.69,14.5,-0.4249,0.1667,0.4273,,1
1395,315.7,0.983,0.422,26.71,7.96,0.2441,0.0916,0.5503,,1
1396,517.7,-0.605,0.531,-6.8,10.02,-0.226,0.1153,0.2166,,0
1397,427.6,3.784,0.941,-27.76,17.75,0.0271,0.2042,0.1049,,0
1398,422.0,3.784,0.942,-27.75,17.78,0.027,0.2045,0.1044,,0
1399,448.6,3.785,0.946,-27.72,17.84,0.0267,0.2052,0.1026,,0
1400,441.7,3.785,0.945,-27.72,17.82,0.0268,0.205,0.1031,,0
1401,435.0,3.784,0.944,-27.73,17.81,0.0268,0.2048,0.1035,,0
1402,428.4,3.784,0.943,-27.74,17.79,0.0269,0.2047,0.1039,,0
1403,373.9,1.05,0.656,30.4,12.37,0.0013,0.1422,0.3335,,0
1404,120.9,1.083,0.516,43.96,9.73,0.2215,0.112,0.3038,,0
1405,1047.6,0.922,0.754,44.86,14.23,1.062,0.1637,0.1871,,0
1406,1066.8,1.236,0.708,19.65,13.36,0.9618,0.1536,0.0707,,0
1407,323.9,1.195,0.3,-33.5,5.65,-0.3877,0.065,0.6537,,1
1408,22.8,1.282,1.576,41.47,29.72,-0.2599,0.3419,0.2136,,0
1409,639.7,-0.304,0.625,-1.09,11.79,0.0592,0.1357,0.2839,,0
1410,955.8,-0.26,0.778,-5.3,14.67,0.5313,0.1688,0.1874,,0
1411,172.9,1.514,0.634,40.21,11.96,0.214,0.1375,0.1464,,0
1412,511.7,-0.481,0.426,-19.81,8.04,-0.3039,0.0924,0.5463,,1
1413,228.0,0.212,0.514,-12.04,9.7,-0.2548,0.1116,0.4446,,1
1414,1029.3,0.66,0.677,25.88,12.77,0.6889,0.1468,0.1013,,0
1415,313.1,0.703,0.55,11.71,10.38,0.1383,0.1194,0.4321,,1
1416,1006.0,0.186,0.674,31.07,12.71,0.5814,0.1462,0.0738,,0
1417,406.7,-0.4,0.438,-19.2,8.27,-0.4913,0.0951,0.5152,,1
1418,455.4,-0.221,0.371,-10.52,6.99,-0.0989,0.0804,0.7404,,1
1419,1035.4,0.835,0.776,27.79,14.65,0.5586,0.1685,0.0921,,0
1420,890.0,-0.109,0.789,-0.85,14.88,-0.1801,0.1711,0.4038,,1
1421,209.4,1.446,0.575,-16.67,10.85,-0.4982,0.1248,0.1325,,0
1422,377.4,2.631,0.785,-10.63,14.8,0.23,0.1702,0.0201,,0
1423,736.3,-1.311,1.024,-0.95,19.31,0.157,0.2221,0.2681,,0
1424,861.8,-0.677,0.774,0.36,14.6,0.1851,0.1679,0.2423,,0
1425,559.1,-1.099,0.449,8.2,8.46,-0.2517,0.0973,0.5221,,1
1426,766.1,-0.365,1.301,45.49,24.55,0.674,0.2824,0.1916,,0
1427,247.3,0.22,0.794,15.2,14.99,-0.4771,0.1724,0.2159,,0
1428,556.5,-1.394,1.406,25.85,26.53,-0.0606,0.3051,0.1147,,0
1429,945.7,0.139,0.88,17.05,16.61,-0.2018,0.191,0.2662,,0
1430,411.6,1.569,0.769,-1.13,14.51,-0.1415,0.1669,0.1204,,0
1431,552.8,-0.442,0.543,-14.01,10.24,-0.2246,0.1178,0.6194,,1
1432,151.3,-3.624,0.918,-8.23,17.31,-0.1624,0.1992,0.098,,0
1433,52.7,-0.349,0.648,-54.32,12.22,-0.3772,0.1405,0.1414,,0
1434,478.6,1.758,1.192,-0.04,22.49,-0.0377,0.2587,0.0467,,0
1435,423.1,2.265,0.617,11.79,11.65,0.7012,0.134,0.1828,,0
1436,178.3,-0.554,0.412,-52.06,7.78,-0.6456,0.0894,0.6543,,1
1437,455.0,1.803,0.672,-17.28,12.68,-0.5734,0.1458,0.2773,,0
1438,946.9,1.023,0.968,8.99,18.26,0.6844,0.2101,0.0982,,0
1439,142.8,0.598,0.519,38.21,9.8,0.1798,0.1127,0.2197,,0
1440,310.5,0.97,0.402,-26.85,7.58,-0.2777,0.0872,0.6352,,1
1441,91.0,0.568,0.515,-51.08,9.71,-0.4778,0.1116,0.2579,,0
1442,871.8,-0.127,0.838,33.53,15.81,-0.1215,0.1819,0.2286,,0
1443,130.4,-0.581,0.901,-32.76,16.99,-0.3807,0.1955,0.2847,,0
1444,437.3,0.488,0.428,-25.59,8.08,-0.5449,0.0929,0.5019,,1
1445,84.7,1.454,1.054,29.29,19.89,-0.1809,0.2288,0.0158,,0
1446,727.7,-0.594,1.27,63.32,23.96,0.5659,0.2757,0.0911,,0
1447,41.3,-0.395,0.717,-52.73,13.52,-0.2233,0.1556,0.1167,,0
1448,96.4,1.41,1.083,35.57,20.43,-0.2172,0.235,0.0345,,0
1449,62.7,0.591,0.759,33.44,14.32,0.1082,0.1648,0.3873,,1
1450,972.1,0.128,0.817,41.92,15.41,0.0938,0.1772,0.1162,,0
1451,602.1,0.126,1.418,-20.13,26.75,-0.0786,0.3077,0.0855,,0
1452,340.8,2.155,0.577,28.57,10.89,0.3671,0.1253,0.1076,,0
1453,327.5,0.993,0.798,28.54,15.06,-0.0987,0.1732,0.2415,,0
1454,356.9,1.901,0.77,33.54,14.53,0.2937,0.1672,0.1113,,0
1455,5.8,-0.795,0.399,-60.86,7.52,-0.6248,0.0865,0.4161,,1
1456,915.6,0.176,1.326,-21.7,25.01,0.8017,0.2877,0.2153,,0
1457,453.4,0.928,1.001,4.28,18.89,0.0608,0.2173,0.1614,,0
1458,137.1,-0.829,0.408,-35.44,7.69,-0.4179,0.0885,0.3853,,1
1459,425.6,-0.12,0.675,-0.08,12.73,0.2967,0.1464,0.1352,,0
1460,500.4,-0.522,0.517,-28.35,9.75,-0.0959,0.1122,0.4226,,1
1461,837.7,-0.902,0.546,12.55,10.31,0.302,0.1186,0.5789,,1
1462,846.7,-1.3,0.703,-14.63,13.25,0.3649,0.1525,0.3111,,0
1463,82.0,0.791,0.45,-41.36,8.49,-0.4504,0.0977,0.5661,,1
1464,838.0,0.17,0.56,-18.04,10.56,-0.1339,0.1214,0.5006,,1
1465,788.4,1.059,0.769,-12.22,14.51,0.1461,0.1669,0.2,,0
1466,603.1,1.375,0.921,-7.9,17.38,0.1163,0.1999,0.0451,,0
1467,871.0,-0.86,0.973,-9.02,18.35,0.3219,0.2111,0.2163,,0
1468,928.7,0.234,1.06,46.94,20.0,0.9682,0.2301,0.0992,,0
1469,352.6,1.074,0.27,-31.07,5.1,-0.3123,0.0586,0.6831,,1
1470,407.8,-0.607,0.461,-20.1,8.7,0.0647,0.1,0.4921,,1
1471,773.3,1.104,1.109,22.01,20.92,0.1035,0.2406,0.1386,,0
1472,588.4,0.133,1.181,-43.85,22.28,0.2769,0.2562,0.2272,,0
1473,206.3,0.058,0.537,-60.68,10.13,-0.3212,0.1165,0.1814,,0
1474,874.5,-0.962,0.71,-9.67,13.39,0.1357,0.154,0.5326,,1
1475,817.6,-0.665,0.604,10.01,11.4,0.0256,0.1311,0.1341,,0
1476,310.9,1.975,0.711,19.19,13.41,0.1294,0.1542,0.1952,,0
1477,75.5,-0.604,0.947,-13.92,17.87,-0.5497,0.2056,0.2534,,0
1478,989.8,0.672,0.843,26.68,15.9,0.506,0.1829,0.0436,,0
1479,334.4,2.538,0.576,23.86,10.87,0.1069,0.125,0.4904,,1
1480,304.1,1.727,0.551,11.46,10.4,0.0781,0.1197,0.2965,,0
1481,365.5,-0.658,0.348,-28.19,6.57,-0.4572,0.0755,0.5028,,1
1482,419.3,-0.087,0.604,-13.41,11.4,0.0064,0.1311,0.4617,,1
1483,165.8,-0.164,0.957,-10.58,18.05,-0.3499,0.2076,0.1747,,0
1484,120.3,-0.311,0.373,-29.71,7.04,-0.6166,0.0809,0.5521,,1
1485,928.5,-0.589,0.886,24.24,16.71,-0.2434,0.1922,0.2761,,0
1486,207.5,-1.362,0.721,-23.16,13.6,-0.302,0.1565,0.249,,0
1487,429.5,0.074,0.352,-60.16,6.63,-0.6089,0.0763,0.6992,,1
1488,842.8,-0.49,0.831,-27.07,15.68,-0.1842,0.1804,0.494,,1
1489,369.0,0.288,0.509,-26.83,9.6,-0.1794,0.1104,0.2693,,0
1490,248.9,-1.433,0.367,-19.52,6.93,-0.4951,0.0797,0.6817,,1
1491,68.6,-0.024,0.656,-47.94,12.37,-0.2476,0.1423,0.4331,,1
1492,783.9,-0.305,1.272,48.44,23.99,0.7322,0.276,0.127,,0
1493,431.9,0.627,0.638,-14.9,12.03,-0.4435,0.1383,0.2263,,0
1494,449.7,0.337,0.443,-11.23,8.35,0.152,0.096,0.4008,,1
1495,40.1,-0.241,1.03,-11.21,19.44,-0.6504,0.2236,0.0627,,0
1496,994.4,-0.335,0.82,26.89,15.46,0.5434,0.1778,0.1308,,0
1497,219.6,-0.198,0.226,-2.94,4.26,-0.1767,0.049,0.7597,,1
1498,414.2,-0.534,0.603,-4.25,11.38,0.0316,0.1309,0.4159,,1
1499,114.0,0.802,0.592,27.75,11.17,0.217,0.1285,0.2064,,0
1500,960.7,0.998,0.892,4.83,16.82,0.6109,0.1935,0.1317,,0
1501,602.1,-0.289,0.525,-38.25,9.91,-0.6503,0.114,0.3894,,1
1502,591.1,0.154,0.467,-30.25,8.81,-0.4821,0.1014,0.812,,1
1503,421.8,3.638,0.761,-30.74,14.35,0.162,0.165,0.1453,,0
1504,49.7,1.327,0.963,8.46,18.16,-0.5666,0.2089,0.1851,,0
1505,361.7,1.231,0.751,30.72,14.16,0.015,0.1629,0.1914,,0
1506,373.0,0.241,0.383,-29.32,7.22,-0.1971,0.0831,0.6214,,1
1507,883.9,-0.02,0.706,3.68,13.31,-0.0346,0.1531,0.4118,,1
1508,46.2,-0.196,0.957,-16.71,18.05,-0.6296,0.2076,0.0343,,0
1509,547.4,-0.261,0.777,-27.34,14.65,-0.1332,0.1686,0.0237,,0
1510,761.6,-0.333,0.63,1.49,11.89,0.1516,0.1368,0.323,,0
1511,805.2,-0.724,1.26,93.17,23.77,0.5511,0.2735,0.1025,,0
1512,597.8,0.282,0.651,-24.94,12.28,-0.4804,0.1412,0.2433,,0
1513,888.0,-1.316,0.626,-40.4,11.8,-0.0616,0.1357,0.3255,,0
1514,44.2,1.836,1.06,21.52,20.0,-0.3618,0.23,0.1486,,0
1515,305.6,1.966,0.851,1.75,16.04,0.0484,0.1846,0.2251,,0
1516,953.8,1.387,0.83,7.17,15.67,0.6853,0.1802,0.0785,,0
1517,311.6,2.302,0.647,-1.27,12.2,-0.1041,0.1404,0.3318,,0
1518,748.1,-1.71,0.922,-23.33,17.39,0.0901,0.2,0.2486,,0
1519,83.1,-1.441,0.504,-41.57,9.51,-0.7048,0.1094,0.4294,,1
1520,468.4,2.721,0.557,23.0,10.51,0.0568,0.1209,0.5764,,1
1521,226.4,1.506,0.757,41.14,14.29,0.1634,0.1644,0.0754,,0
1522,444.8,-0.001,0.3,1.05,5.67,-0.2584,0.0652,0.728,,1
1523,128.7,0.304,0.882,30.78,16.64,0.1569,0.1914,0.0713,,0
1524,460.9,0.438,0.449,-28.16,8.47,-0.4765,0.0974,0.6406,,1
1525,689.2,-1.326,1.313,85.41,24.77,0.3385,0.2849,0.1745,,0
1526,145.1,0.431,0.374,-6.29,7.06,-0.3279,0.0812,0.5399,,1
1527,835.6,-1.455,0.852,8.64,16.06,-0.1538,0.1848,0.0746,,0
1528,261.3,0.315,1.289,-13.04,24.32,-0.2231,0.2797,0.2652,,0
1529,1018.2,1.145,0.697,26.89,13.15,0.5651,0.1513,0.1313,,0
1530,236.4,0.116,0.236,-30.49,4.45,-0.5014,0.0512,0.7519,,1
1531,518.7,-1.282,0.634,22.23,11.96,0.0136,0.1375,0.2344,,0
1532,891.0,-0.14,0.577,-1.46,10.88,0.036,0.1252,0.3154,,0
1533,512.3,0.368,0.58,-33.5,10.95,-0.1982,0.1259,0.2515,,0
1534,961.0,0.464,0.927,6.71,17.5,0.4599,0.2012,0.1177,,0
1535,265.6,0.291,0.269,-36.24,5.08,-0.556,0.0584,0.7039,,1
1536,321.9,1.433,0.438,7.16,8.26,0.1357,0.095,0.5412,,1
1537,384.5,0.026,0.357,-27.38,6.74,-0.32,0.0776,0.6571,,1
1538,328.2,1.8,0.539,-26.96,10.17,-0.3844,0.1169,0.6915,,1
1539,682.8,-0.151,0.812,-35.02,15.31,-0.6813,0.1761,0.2524,,0
1540,154.2,-1.004,1.051,-3.89,19.82,-0.3306,0.228,0.0813,,0
1541,952.8,-0.053,0.799,31.2,15.08,-0.0214,0.1735,0.135,,0
1542,401.9,0.278,0.462,-28.7,8.71,-0.2832,0.1002,0.3466,,0
1543,302.0,2.47,0.766,7.61,14.46,0.2542,0.1663,0.1744,,0
1544,50.3,1.528,1.043,10.6,19.67,-0.4595,0.2262,0.1623,,0
1545,291.8,0.68,0.558,16.93,10.53,0.117,0.1211,0.2607,,0
1546,705.0,-1.812,1.178,79.4,22.22,0.4739,0.2556,0.1042,,0
1547,355.3,0.409,0.409,-38.91,7.71,-0.392,0.0887,0.6522,,1
1548,12.2,-0.448,0.332,-48.41,6.26,-0.7981,0.072,0.5933,,1
1549,616.0,-0.689,0.901,-23.21,17.0,-0.2508,0.1956,0.2266,,0
1550,403.3,1.536,0.402,-39.25,7.59,-0.2829,0.0873,0.5243,,1
1551,17.2,0.147,0.546,-49.0,10.3,-0.5639,0.1184,0.5057,,1
1552,733.8,-0.114,1.089,81.39,20.55,0.5161,0.2364,0.068,,0
1553,1060.8,2.381,0.907,46.48,17.11,1.1863,0.1968,0.124,,0
1554,236.4,0.176,0.755,-4.87,14.25,-0.2979,0.1639,0.064,,0
1555,851.0,-0.155,0.525,1.52,9.89,0.13,0.1138,0.4913,,1
1556,462.6,0.802,1.006,-0.34,18.99,-0.3235,0.2184,0.4684,,1
1557,286.4,1.04,0.449,45.28,8.48,0.286,0.0975,0.5835,,1
1558,627.6,-0.171,0.783,-23.5,14.78,-0.2383,0.17,0.4145,,1
1559,441.6,1.352,0.394,-23.22,7.43,-0.2576,0.0855,0.4911,,1
1560,294.9,0.115,0.451,-35.0,8.5,-0.5494,0.0978,0.4521,,1
1561,477.6,-0.975,0.492,-10.18,9.29,0.0793,0.1069,0.4054,,1
1562,471.6,1.505,0.611,-16.35,11.53,-0.4701,0.1327,0.4551,,1
1563,591.0,-0.802,1.148,-12.88,21.65,0.0091,0.249,0.1037,,0
1564,525.5,-0.251,0.402,-12.16,7.58,-0.4263,0.0871,0.6232,,1
1565,136.0,0.743,0.539,40.82,10.17,0.159,0.117,0.2361,,0
1566,57.8,-0.429,0.948,-12.23,17.88,-0.6037,0.2056,0.0589,,0
1567,907.7,-0.092,0.754,-1.4,14.22,-0.3117,0.1636,0.3194,,0
1568,834.7,0.008,0.574,-36.67,10.83,-0.1858,0.1246,0.3552,,1
1569,322.0,1.687,0.59,-19.91,11.13,-0.486,0.1281,0.3611,,1
1570,1076.4,0.081,0.878,40.59,16.56,0.6986,0.1905,0.0386,,0
1571,865.4,-0.788,0.849,14.5,16.01,0.4128,0.1841,0.4203,,1
1572,760.7,0.443,0.839,81.01,15.83,0.2672,0.1821,0.2829,,0
1573,323.7,2.269,0.701,11.45,13.22,0.2897,0.152,0.0793,,0
1574,683.7,-0.847,1.468,79.17,27.69,0.3145,0.3185,0.0701,,0
1575,872.8,0.207,0.668,4.88,12.61,0.098,0.145,0.1265,,0
1576,302.1,0.156,0.566,12.83,10.67,-0.0182,0.1228,0.0434,,0
1577,467.5,1.974,0.566,-15.26,10.67,-0.4394,0.1227,0.5775,,1
1578,886.0,0.575,0.631,-23.98,11.9,0.1879,0.1369,0.333,,0
1579,1098.2,0.617,1.09,45.05,20.57,0.636,0.2366,0.1948,,0
1580,390.9,0.946,0.528,0.18,9.96,-0.2796,0.1146,0.3702,,1
1581,381.3,-0.848,0.93,3.32,17.55,-0.4605,0.2018,0.1666,,0
1582,349.1,-0.759,0.396,-41.99,7.48,-0.452,0.086,0.5045,,1
1583,66.8,0.054,1.673,11.51,31.56,0.1088,0.3631,0.1488,,0
1584,535.1,-0.338,0.428,-13.57,8.07,-0.2897,0.0928,0.5415,,1
1585,876.7,-1.052,0.663,-32.77,12.51,-0.4023,0.1439,0.2804,,0
1586,435.2,0.035,0.351,-31.58,6.63,-0.4937,0.0763,0.5722,,1
1587,447.1,-0.17,0.709,49.18,13.38,0.1887,0.1539,0.0861,,0
1588,645.5,0.331,0.742,-16.68,13.99,-0.3802,0.1609,0.1261,,0
1589,214.3,1.178,0.427,-28.36,8.05,-0.3723,0.0926,0.4587,,1
1590,39.0,1.179,0.732,24.37,13.81,0.0866,0.1589,0.2915,,0
1591,455.6,1.496,0.988,-16.09,18.63,-0.2116,0.2143,0.4272,,1
1592,930.5,0.267,0.826,6.3,15.59,0.1002,0.1793,0.2918,,0
1593,390.1,-0.004,0.573,-9.81,10.81,0.1351,0.1244,0.2343,,0
1594,327.3,-0.525,0.553,6.4,10.42,-0.3687,0.1199,0.265,,0
1595,156.9,0.243,0.452,-58.46,8.52,-0.706,0.098,0.4394,,1
1596,844.0,-0.119,0.604,-15.53,11.39,0.2449,0.131,0.4194,,1
1597,114.6,1.83,0.997,4.63,18.81,-0.3717,0.2164,0.1227,,0
1598,913.3,0.125,0.682,1.32,12.87,-0.0735,0.1481,0.3444,,0
1599,50.7,0.87,0.612,11.59,11.54,-0.265,0.1327,0.2981,,0
1600,49.8,1.556,1.012,27.21,19.09,-0.4458,0.2196,0.1232,,0
1601,771.8,-0.989,1.141,-29.77,21.52,0.2906,0.2475,0.3081,,0
1602,911.0,-1.714,1.286,53.73,24.26,1.0331,0.2791,0.168,,0
1603,87.1,-1.1,0.648,11.23,12.21,-0.5455,0.1405,0.233,,0
1604,182.5,0.264,0.563,31.94,10.61,0.1125,0.1221,0.1431,,0
1605,295.0,1.761,0.84,8.17,15.85,-0.0116,0.1824,0.1682,,0
1606,843.9,0.201,0.758,13.37,14.3,0.2295,0.1645,0.225,,0
1607,116.9,0.879,1.043,8.29,19.67,-0.2049,0.2263,0.1466,,0
1608,644.2,0.03,1.407,13.05,26.55,-0.1409,0.3054,0.1835,,0
1609,632.6,0.03,1.41,12.94,26.61,-0.1405,0.3061,0.1832,,0
1610,446.9,-0.067,0.347,-33.2,6.55,-0.556,0.0754,0.5678,,1
1611,645.3,0.229,0.888,-39.33,16.76,-0.2481,0.1928,0.2771,,0
1612,126.7,0.707,1.047,2.99,19.76,-0.5304,0.2273,0.186,,0
1613,941.6,0.039,0.819,39.1,15.45,-0.1406,0.1777,0.1241,,0
1614,947.5,-0.82,0.896,-22.19,16.9,-0.0039,0.1944,0.2172,,0
1615,373.8,0.541,0.602,-38.37,11.35,-0.1415,0.1306,0.3419,,0
1616,67.9,-0.851,0.5,-28.14,9.44,-0.3311,0.1086,0.3959,,1
1617,883.1,0.365,0.975,8.75,18.39,0.4013,0.2116,0.3655,,1
1618,770.8,0.163,0.639,-3.49,12.05,-0.0246,0.1386,0.2425,,0
1619,59.1,-1.392,0.545,-47.68,10.28,-0.423,0.1183,0.4477,,1
1620,127.8,2.044,1.033,8.91,19.48,-0.3606,0.224,0.0886,,0
1621,975.3,-0.507,0.539,-5.91,10.16,0.2043,0.1169,0.5862,,1
1622,932.5,-0.021,0.545,-9.53,10.27,0.3905,0.1182,0.1733,,0
1623,1118.5,1.58,0.652,34.69,12.29,1.0665,0.1414,0.0835,,0
1624,351.1,1.289,0.441,21.84,8.32,0.1589,0.0957,0.5697,,1
1625,297.9,1.878,0.77,42.89,14.52,0.3204,0.167,0.1234,,0
1626,772.2,-0.107,1.255,49.57,23.68,0.6668,0.2724,0.208,,0
1627,384.2,1.784,0.637,-2.15,12.02,0.3352,0.1383,0.2134,,0
1628,397.9,1.785,0.639,-2.14,12.05,0.3351,0.1386,0.216,,0
1629,391.1,1.785,0.638,-2.14,12.04,0.3352,0.1385,0.2147,,0
1630,842.7,2.427,0.92,6.39,17.36,0.4673,0.1996,0.1592,,0
1631,784.7,-0.324,0.637,-30.26,12.02,-0.4918,0.1383,0.3727,,1
1632,327.8,1.832,0.74,17.14,13.95,0.6865,0.1605,0.1397,,0
1633,921.4,-0.933,0.505,-4.52,9.53,0.3781,0.1096,0.5223,,1
1634,319.1,1.661,0.741,16.61,13.97,0.1715,0.1607,0.1304,,0
1635,152.4,0.18,0.286,-42.95,5.39,-0.6105,0.062,0.6755,,1
1636,100.0,-1.324,0.545,-42.11,10.29,-0.3753,0.1183,0.6351,,1
1637,852.3,-2.038,0.707,-22.24,13.33,0.2579,0.1534,0.1843,,0
1638,454.9,-0.258,1.415,49.68,26.7,0.8588,0.3071,0.1244,,0
1639,670.7,-0.028,0.463,-48.38,8.73,-0.5724,0.1004,0.4545,,1
1640,162.8,-0.106,0.283,-22.73,5.34,-0.3295,0.0614,0.6703,,1
1641,179.7,-0.506,0.942,-3.11,17.77,-0.5338,0.2044,0.2409,,0
1642,393.6,-0.782,0.912,-0.96,17.2,-0.5543,0.1978,0.3201,,0
1643,508.6,0.142,0.441,-25.02,8.32,-0.5119,0.0957,0.6239,,1
1644,47.0,0.906,0.65,18.0,12.27,-0.0269,0.1411,0.2181,,0
1645,967.6,1.391,0.887,8.01,16.73,0.4149,0.1924,0.1063,,0
1646,581.0,-0.069,0.374,4.69,7.06,-0.3031,0.0812,0.7274,,1
1647,937.0,-0.667,0.548,-25.77,10.34,-0.065,0.119,0.2822,,0
1648,213.8,1.783,0.483,34.4,9.11,0.1724,0.1048,0.3652,,1
1649,943.2,-1.023,0.717,40.52,13.53,0.2479,0.1556,0.1871,,0
1650,440.3,1.478,0.521,-32.05,9.82,0.081,0.113,0.2647,,0
1651,983.2,0.927,0.874,20.89,16.49,0.3812,0.1897,0.0425,,0
1652,354.1,2.702,0.441,-30.58,8.32,-0.1072,0.0957,0.35,,1
1653,577.9,0.237,0.701,-6.75,13.22,-0.5361,0.1521,0.1459,,0
1654,856.2,0.245,0.565,-38.39,10.65,-0.0696,0.1226,0.3739,,1
1655,456.0,-0.535,0.46,-10.59,8.69,-0.3159,0.0999,0.6349,,1
1656,38.2,1.657,1.051,31.85,19.82,-0.4184,0.228,0.1811,,0
1657,3.5,2.487,1.356,-4.71,25.57,-0.4708,0.2942,0.1286,,0
1658,848.2,0.845,0.86,18.03,16.23,0.3902,0.1867,0.1692,,0
1659,250.9,2.57,0.725,14.69,13.68,0.5285,0.1573,0.0991,,0
1660,919.2,-0.555,0.543,-33.81,10.23,-0.07,0.1177,0.2792,,0
1661,73.6,1.191,0.744,18.82,14.03,-0.1179,0.1614,0.1283,,0
1662,360.4,0.258,0.362,-33.35,6.84,-0.591,0.0786,0.5311,,1
1663,1071.9,1.196,0.684,23.2,12.9,1.2422,0.1484,0.1402,,0
1664,339.7,1.28,0.618,-34.45,11.65,-0.2006,0.134,0.4868,,1
1665,262.6,0.858,0.517,-20.37,9.74,-0.3172,0.1121,0.4126,,1
1666,449.6,0.009,0.336,-18.24,6.34,-0.4942,0.0729,0.7372,,1
1667,164.3,0.223,0.583,-15.84,11.0,0.1307,0.1265,0.2778,,0
1668,917.9,-0.36,0.82,27.6,15.47,-0.219,0.178,0.1861,,0
1669,604.4,0.053,0.963,-35.94,18.16,-0.2402,0.2089,0.2058,,0
1670,1034.0,0.789,1.137,17.46,21.45,1.4205,0.2467,0.0908,,0
1671,42.0,1.034,0.697,25.61,13.14,-0.0075,0.1511,0.2933,,0
1672,109.9,0.805,0.603,36.93,11.38,0.0886,0.1309,0.1965,,0
1673,935.1,-1.021,0.903,34.25,17.03,0.051,0.1958,0.1407,,0
1674,316.3,1.678,0.612,11.21,11.54,0.0124,0.1327,0.2752,,0
1675,138.8,-1.814,0.439,7.42,8.28,-0.327,0.0953,0.425,,1
1676,433.8,-0.202,0.466,0.64,8.79,-0.3066,0.1011,0.622,,1
1677,100.8,-1.793,0.507,-22.09,9.56,-0.3937,0.11,0.4181,,1
1678,295.9,2.07,0.493,36.66,9.31,0.1651,0.1071,0.4775,,1
1679,823.8,-0.101,0.64,-19.26,12.07,-0.1535,0.1388,0.4205,,1
1680,88.0,0.059,0.653,-25.62,12.31,-0.0167,0.1417,0.3698,,1
1681,670.7,1.686,0.984,58.29,18.56,-0.2508,0.2134,0.2147,,0
1682,824.9,1.53,1.004,9.44,18.94,0.4997,0.2179,0.1648,,0
1683,753.2,-0.258,0.48,-22.39,9.05,0.1273,0.1041,0.477,,1
1684,7.5,0.19,0.575,-33.51,10.84,-0.5878,0.1247,0.3828,,1
1685,10.8,-0.758,0.626,-46.41,11.81,-0.2154,0.1358,0.2203,,0
1686,873.7,-2.03,0.655,-7.35,12.35,0.0429,0.1421,0.427,,1
1687,364.5,-0.637,0.509,-29.86,9.6,-0.473,0.1104,0.3428,,0
1688,546.9,-0.032,0.715,-1.93,13.48,-0.4895,0.1551,0.1297,,0
1689,167.4,0.831,0.728,33.93,13.73,0.1546,0.158,0.184,,0
1690,210.3,0.877,0.501,-5.55,9.46,-0.338,0.1088,0.4813,,1
1691,836.4,0.666,0.517,-7.19,9.75,0.1803,0.1122,0.4941,,1
1692,898.5,-0.406,0.463,-30.04,8.72,-0.2607,0.1004,0.622,,1
1693,13.9,-1.408,0.681,-3.53,12.85,-0.2401,0.1478,0.0407,,0
1694,111.5,-0.78,0.512,-40.06,9.66,-0.3971,0.1111,0.7872,,1
1695,529.2,2.377,0.664,-31.51,12.53,0.1678,0.1441,0.3437,,0
1696,47.6,1.39,0.817,19.15,15.41,-0.167,0.1773,0.2409,,0
1697,465.9,-0.022,0.294,-34.92,5.55,-0.5101,0.0638,0.7719,,1
1698,438.2,0.009,0.342,-15.61,6.45,-0.4418,0.0742,0.7148,,1
1699,63.9,-0.424,0.92,-21.3,17.36,-0.7039,0.1997,0.0881,,0
1700,1037.5,1.584,0.671,32.49,12.66,0.9549,0.1456,0.1613,,0
1701,161.6,0.311,1.187,11.76,22.4,-0.4874,0.2576,0.0454,,0
1702,833.8,-0.634,0.621,-3.87,11.72,0.0615,0.1348,0.065,,0
1703,1024.7,1.0,0.705,23.14,13.31,0.2874,0.1531,0.2838,,0
1704,627.2,-0.024,0.42,-4.54,7.92,0.0946,0.0911,0.5404,,1
1705,378.3,0.731,0.427,-42.91,8.05,-0.3637,0.0926,0.605,,1
1706,206.0,-0.5,0.261,-40.4,4.93,-0.5221,0.0567,0.7011,,1
1707,882.6,-0.526,1.005,6.52,18.96,0.2634,0.2181,0.3401,,0
1708,369.2,0.794,0.779,-40.08,14.69,-0.2236,0.169,0.0206,,0
1709,476.3,1.317,0.445,-4.21,8.39,-0.1226,0.0965,0.4099,,1
1710,500.7,-0.769,0.328,-17.39,6.19,-0.4841,0.0712,0.8187,,1
1711,156.1,-0.585,1.074,21.47,20.26,-0.4212,0.2331,0.1404,,0
1712,90.9,0.79,0.747,29.77,14.09,-0.0176,0.1621,0.2791,,0
1713,298.0,0.414,0.577,0.64,10.89,-0.3732,0.1253,0.1564,,0
1714,94.6,0.608,0.97,49.44,18.3,0.3054,0.2105,0.0316,,0
1715,912.8,0.675,0.808,2.38,15.25,-0.0089,0.1754,0.282,,0
1716,268.6,2.404,0.52,14.22,9.81,0.0778,0.1129,0.3796,,1
1717,427.1,-0.754,0.448,-1.5,8.44,-0.3787,0.0971,0.5437,,1
1718,484.0,1.111,0.588,-19.28,11.09,-0.5772,0.1275,0.3937,,1
1719,480.1,-0.599,1.366,55.56,25.78,-0.0512,0.2965,0.1702,,0
1720,905.7,-0.377,0.854,35.22,16.11,-0.0432,0.1854,0.09,,0
1721,718.9,-0.351,0.48,-37.1,9.06,-0.6343,0.1042,0.4915,,1
1722,417.9,1.445,0.895,-18.23,16.89,-0.0382,0.1942,0.1855,,0
1723,864.4,-0.846,0.714,-2.46,13.46,0.4198,0.1548,0.348,,0
1724,813.6,1.854,0.953,9.52,17.99,0.3235,0.2069,0.1352,,0
1725,433.6,2.119,0.592,15.02,11.17,-0.1986,0.1284,0.1461,,0
1726,455.4,2.12,0.596,15.07,11.24,-0.199,0.1293,0.1537,,0
1727,206.6,-0.429,0.218,-29.11,4.11,-0.4989,0.0473,0.7875,,1
1728,314.9,2.675,0.793,10.22,14.97,0.4619,0.1722,0.0285,,0
1729,218.9,-0.505,0.629,-14.06,11.87,-0.1416,0.1366,0.3293,,0
1730,1083.6,1.319,0.669,22.31,12.62,1.0624,0.1451,0.066,,0
1731,464.3,0.453,0.79,37.94,14.91,0.1535,0.1715,0.3855,,1
1732,1082.1,1.301,0.911,12.08,17.18,1.2812,0.1976,0.0835,,0
1733,260.4,-0.435,0.559,-46.58,10.55,-0.6099,0.1213,0.3268,,0
1734,764.8,-0.355,0.666,-33.75,12.57,-0.7981,0.1446,0.2232,,0
1735,249.7,0.247,1.196,-21.57,22.55,-0.2697,0.2594,0.0959,,0
1736,1018.3,2.17,0.879,21.03,16.59,1.0952,0.1908,0.1472,,0
1737,594.6,-1.567,0.531,-9.76,10.02,-0.3206,0.1152,0.2381,,0
1738,548.4,0.187,1.352,-49.84,25.49,-0.1079,0.2933,0.1363,,0
1739,213.4,-1.345,0.472,-7.03,8.9,-0.2294,0.1024,0.3132,,0
1740,995.4,0.352,0.724,29.39,13.65,0.2921,0.1571,0.1163,,0
1741,461.6,2.315,0.568,22.73,10.72,0.0327,0.1233,0.583,,1
1742,458.6,0.047,0.938,-3.85,17.7,-0.0809,0.2036,0.2036,,0
1743,0.6,-0.017,0.59,-53.5,11.12,-0.668,0.128,0.2424,,0
1744,225.8,-1.27,0.466,-14.26,8.78,-0.5297,0.101,0.4873,,1
1745,150.1,1.267,0.564,16.45,10.63,0.2714,0.1223,0.2642,,0
1746,621.6,-0.717,0.513,-18.47,9.67,-0.567,0.1113,0.5928,,1
1747,256.3,0.945,0.736,10.57,13.88,-0.2587,0.1597,0.2438,,0
1748,83.9,-1.134,0.703,-24.05,13.26,-0.191,0.1525,0.0995,,0
1749,221.8,2.006,0.554,35.8,10.46,0.1785,0.1203,0.2969,,0
1750,1106.2,0.498,0.765,55.6,14.43,1.0929,0.166,0.0797,,0
1751,636.4,0.692,0.446,-24.06,8.41,-0.4879,0.0968,0.5935,,1
1752,403.1,-0.424,0.345,-17.06,6.51,-0.3364,0.0749,0.785,,1
1753,179.2,1.52,1.062,29.94,20.03,-0.178,0.2304,0.4527,,1
1754,872.4,0.146,0.673,-7.06,12.69,-0.1909,0.146,0.3006,,0
1755,225.1,0.234,0.265,-28.02,5.0,-0.56,0.0576,0.693,,1
1756,213.7,0.234,0.266,-28.0,5.01,-0.56,0.0577,0.6928,,1
1757,813.7,-1.208,0.692,-5.83,13.05,0.1089,0.1501,0.3323,,0
1758,328.3,0.987,0.405,10.91,7.63,0.1273,0.0878,0.497,,1
1759,167.8,1.182,1.056,13.3,19.92,-0.237,0.2291,0.1514,,0
1760,946.7,-0.284,0.88,28.71,16.6,0.1296,0.1909,0.1677,,0
1761,9.5,3.033,1.408,-12.75,26.56,-0.6258,0.3055,0.0984,,0
1762,412.3,-0.018,0.321,-13.78,6.05,-0.154,0.0696,0.6867,,1
1763,197.5,-1.142,1.066,-5.87,20.1,-0.435,0.2312,0.2359,,0
1764,434.6,-0.685,0.634,-30.04,11.97,-0.4987,0.1376,0.1478,,0
1765,906.4,1.336,1.11,-3.25,20.94,0.3731,0.2409,0.2671,,0
1766,742.6,-1.052,0.557,-23.74,10.51,-0.4914,0.1209,0.6535,,1
1767,905.0,-0.64,1.329,49.54,25.06,1.2208,0.2883,0.0494,,0
1768,477.5,-0.528,0.8,22.38,15.09,-0.4337,0.1736,0.158,,0
1769,957.6,-0.491,0.538,-16.23,10.15,0.1647,0.1168,0.5722,,1
1770,427.5,2.177,0.389,-46.08,7.33,-0.2928,0.0844,0.524,,1
1771,978.5,-0.651,0.783,-19.52,14.78,0.067,0.17,0.4112,,1
1772,492.5,-1.247,0.801,-0.67,15.11,-0.0627,0.1738,0.0887,,0
1773,806.4,0.243,0.717,-3.3,13.53,-0.1245,0.1556,0.2356,,0
1774,45.7,-1.134,0.662,-29.8,12.48,-0.4356,0.1436,0.2191,,0
1775,870.9,0.784,0.672,-17.56,12.68,0.088,0.1459,0.1534,,0
1776,523.6,0.13,0.615,22.17,11.61,-0.0285,0.1335,0.5728,,1
1777,1071.4,1.23,0.648,28.83,12.23,0.9573,0.1407,0.0664,,0
1778,1003.4,1.222,0.989,6.73,18.66,0.5556,0.2147,0.1575,,0
1779,908.2,0.273,0.559,8.41,10.55,0.1594,0.1213,0.3159,,0
1780,863.1,-0.222,0.415,3.51,7.83,0.032,0.09,0.5135,,1
1781,467.3,-0.063,0.601,-19.56,11.34,-0.4623,0.1305,0.3452,,0
1782,118.4,0.46,0.903,33.89,17.03,0.0625,0.1959,0.1064,,0
1783,69.4,0.459,1.038,-22.57,19.58,-0.4727,0.2252,0.3509,,1
1784,266.9,0.537,1.131,-0.56,21.34,-0.2002,0.2454,0.066,,0
1785,897.3,-0.72,0.659,18.06,12.42,0.4897,0.1429,0.4612,,1
1786,760.6,-0.378,1.235,61.49,23.29,0.7294,0.268,0.1222,,0
1787,382.1,0.131,0.458,-17.97,8.64,-0.4716,0.0994,0.3897,,1
1788,334.2,1.588,0.68,20.74,12.82,0.1702,0.1475,0.2071,,0
1789,1054.7,1.484,0.761,40.51,14.36,1.0048,0.1651,0.062,,0
1790,1.7,0.714,1.132,1.15,21.35,-0.3744,0.2456,0.2899,,0
1791,84.1,-0.052,0.969,-17.92,18.28,-0.1272,0.2103,0.232,,0
1792,231.5,0.969,0.4,-36.31,7.54,-0.4959,0.0868,0.4934,,1
1793,380.0,0.199,0.538,-13.45,10.15,-0.1283,0.1168,0.2163,,0
1794,675.1,0.142,0.492,13.83,9.29,0.1575,0.1068,0.4379,,1
1795,872.0,0.745,1.163,81.89,21.94,0.2752,0.2523,0.2476,,0
1796,865.9,0.743,0.85,-5.97,16.03,0.2034,0.1843,0.3151,,0
1797,929.8,0.055,0.749,-8.81,14.13,0.4636,0.1626,0.1758,,0
1798,992.0,0.501,1.213,-23.89,22.87,0.839,0.2631,0.1649,,0
1799,52.2,0.98,0.714,35.06,13.46,0.1617,0.1549,0.129,,0
1800,418.3,1.175,0.583,-19.45,10.99,-0.5389,0.1265,0.1458,,0
1801,384.0,0.068,0.203,-42.65,3.82,-0.4857,0.044,0.8023,,1
1802,153.7,0.692,0.531,40.37,10.02,0.1515,0.1153,0.1955,,0
1803,472.5,1.892,1.092,7.57,20.6,-0.0529,0.237,0.0568,,0
1804,494.1,0.266,0.914,-7.55,17.24,-0.1255,0.1984,0.2609,,0
1805,56.5,1.769,0.993,51.22,18.72,0.3156,0.2154,0.2617,,0
1806,1093.7,1.608,0.901,10.95,17.0,1.1996,0.1956,0.2794,,0
1807,843.7,0.434,1.423,46.37,26.85,0.337,0.3088,0.0731,,0
1808,44.7,0.916,1.076,2.17,20.3,-0.1924,0.2335,0.2648,,0
1809,372.6,3.395,0.602,40.21,11.36,-0.0884,0.1307,0.3383,,0
1810,460.5,0.808,1.644,32.09,31.01,0.8754,0.3567,0.0984,,0
1811,470.1,0.368,0.172,-39.73,3.24,-0.4288,0.0372,0.8503,,1
1812,3.0,2.061,1.364,-5.05,25.72,-0.4762,0.2959,0.1767,,0
1813,20.7,2.625,1.448,-24.68,27.32,-0.2424,0.3143,0.0263,,0
1814,17.0,-0.75,1.129,7.07,21.3,-0.314,0.245,0.3441,,0
1815,1021.1,0.422,1.12,0.13,21.13,0.6936,0.243,0.0714,,0
1816,190.5,2.025,1.21,7.92,22.82,-0.3902,0.2625,0.0944,,0
1817,187.4,-0.461,0.919,-1.41,17.33,0.4069,0.1994,0.0832,,0
1818,23.6,0.913,0.422,-52.6,7.95,-0.5976,0.0915,0.5207,,1
1819,364.6,1.494,0.61,-9.05,11.51,-0.2958,0.1324,0.4699,,1
1820,572.2,-0.366,0.455,-12.16,8.58,-0.4221,0.0986,0.5879,,1
1821,412.8,0.85,0.551,-24.62,10.4,-0.0522,0.1196,0.3515,,1
1822,82.3,0.622,0.752,24.64,14.19,-0.1358,0.1632,0.1517,,0
1823,382.8,-0.557,0.16,-30.52,3.02,-0.4294,0.0348,0.8676,,1
1824,449.7,1.359,0.591,-15.84,11.15,-0.3629,0.1283,0.5171,,1
1825,493.6,-0.142,0.488,10.51,9.2,-0.1722,0.1058,0.4105,,1
1826,14.6,1.773,1.4,5.95,26.4,-0.6294,0.3037,0.1073,,0
1827,416.6,0.099,1.038,-2.29,19.59,-0.5261,0.2253,0.156,,0
1828,55.1,0.289,1.648,12.15,31.09,0.1304,0.3576,0.1173,,0
1829,423.0,-0.574,0.213,-34.25,4.02,-0.3583,0.0463,0.7773,,1
1830,106.1,-0.204,0.632,-24.35,11.93,-0.4927,0.1372,0.3983,,1
1831,73.1,1.359,1.045,41.32,19.72,-0.3138,0.2268,0.0666,,0
1832,472.8,0.077,0.431,-27.3,8.13,-0.2929,0.0935,0.4392,,1
1833,239.9,1.448,0.529,16.3,9.98,0.1196,0.1147,0.391,,1
1834,61.9,1.932,1.039,8.73,19.59,-0.458,0.2254,0.1227,,0
1835,324.0,1.884,0.464,-0.14,8.75,0.0079,0.1007,0.3461,,0
1836,866.7,0.129,0.67,11.78,12.63,-0.1227,0.1453,0.2702,,0
1837,1007.0,0.618,0.644,29.56,12.15,0.3449,0.1397,0.1809,,0
1838,760.1,-0.095,0.455,-35.14,8.59,-0.5019,0.0988,0.7632,,1
1839,938.9,-0.228,0.972,23.95,18.34,0.576,0.211,0.0522,,0
1840,120.1,1.82,1.021,13.09,19.26,-0.308,0.2215,0.1637,,0
1841,761.7,1.617,1.077,90.76,20.32,-0.0223,0.2338,0.0276,,0
1842,376.8,1.588,0.532,41.3,10.03,0.2356,0.1154,0.5274,,1
1843,465.0,0.025,0.49,-3.44,9.25,0.1889,0.1064,0.4545,,1
1844,104.0,1.633,0.862,15.76,16.26,0.1768,0.1871,0.1334,,0
1845,831.4,-0.462,0.553,13.21,10.44,0.4351,0.12,0.5644,,1
1846,466.8,-0.989,0.852,9.27,16.06,-0.359,0.1848,0.0736,,0
1847,637.3,1.6,0.66,-69.15,12.45,-0.6671,0.1432,0.1962,,0
1848,547.7,0.434,0.328,-2.11,6.2,-0.1381,0.0713,0.7552,,1
1849,372.1,-1.139,0.529,-24.31,9.97,-0.4926,0.1147,0.3353,,0
1850,1042.1,1.208,0.625,35.3,11.78,0.9581,0.1355,0.2433,,0
1851,836.6,0.857,1.011,102.54,19.07,0.2558,0.2194,0.1634,,0
1852,596.0,1.111,1.521,-19.4,28.69,-0.1584,0.33,0.1357,,0
1853,797.0,-0.243,0.817,-47.94,15.42,-0.6508,0.1773,0.2351,,0
1854,442.1,1.638,0.966,-32.25,18.22,-0.0291,0.2096,0.3791,,1
1855,300.1,-0.066,0.528,-9.74,9.96,-0.0886,0.1145,0.2017,,0
1856,946.2,0.365,0.884,20.13,16.68,-0.4565,0.1918,0.0657,,0
1857,385.0,-0.341,0.539,-18.97,10.17,-0.0056,0.117,0.5272,,1
1858,74.6,0.766,0.63,6.25,11.89,-0.5578,0.1368,0.3119,,0
1859,465.3,0.333,0.659,-37.29,12.44,-0.5437,0.143,0.0645,,0
1860,499.5,1.878,0.55,-25.71,10.37,-0.1932,0.1192,0.3576,,1
1861,915.8,0.449,0.578,-4.68,10.9,0.2178,0.1254,0.5562,,1
1862,743.9,-0.899,0.456,-7.42,8.6,0.1206,0.099,0.4469,,1
1863,404.0,-1.035,0.945,6.01,17.82,-0.5946,0.205,0.3149,,0
1864,208.2,1.614,1.258,-9.87,23.73,-0.6964,0.273,0.2543,,0
1865,36.0,0.53,0.623,23.18,11.75,0.072,0.1351,0.1749,,0
1866,174.3,0.171,0.322,-18.28,6.07,-0.2648,0.0698,0.6289,,1
1867,129.4,-2.071,0.926,-11.53,17.47,0.014,0.201,0.1191,,0
1868,506.0,-0.058,0.352,-18.14,6.64,-0.0281,0.0764,0.6478,,1
1869,536.0,-0.299,0.607,-5.94,11.46,0.0759,0.1318,0.3524,,1
1870,151.4,0.122,0.507,-30.91,9.56,-0.2959,0.11,0.3941,,1
1871,280.7,0.705,0.23,-37.88,4.34,-0.6001,0.0499,0.7507,,1
1872,480.9,-0.605,0.812,-5.73,15.31,-0.0141,0.1762,0.1489,,0
1873,1077.0,0.967,0.685,26.92,12.92,1.1583,0.1486,0.0989,,0
1874,114.1,0.034,0.499,-29.75,9.42,-0.4749,0.1083,0.2431,,0
1875,584.9,-0.635,1.134,-1.38,21.4,-0.1941,0.2462,0.18,,0
1876,983.7,0.142,0.708,28.49,13.36,0.1717,0.1537,0.0545,,0
1877,901.6,0.016,0.751,-3.09,14.17,-0.1181,0.163,0.3917,,1
1878,230.0,-1.71,0.888,5.45,16.75,-0.3264,0.1927,0.1842,,0
1879,665.3,0.31,0.663,-7.35,12.5,0.1026,0.1438,0.2034,,0
1880,409.3,0.241,0.437,-61.15,8.23,-0.6377,0.0947,0.5263,,1
1881,30.4,-0.435,0.627,-5.73,11.83,-0.3735,0.1361,0.5787,,1
1882,854.2,-0.171,0.881,2.97,16.62,0.117,0.1911,0.1801,,0
1883,476.3,1.402,0.869,-15.3,16.39,-0.0377,0.1885,0.3985,,1
1884,383.9,1.869,0.862,22.7,16.26,0.1506,0.187,0.223,,0
1885,409.6,1.888,0.624,21.91,11.76,0.1059,0.1353,0.3081,,0
1886,525.4,-0.742,0.63,23.1,11.88,-0.1516,0.1367,0.4067,,1
1887,361.4,0.184,0.463,-34.58,8.72,-0.2387,0.1004,0.5661,,1
1888,611.7,1.236,0.849,-8.94,16.01,-0.2011,0.1841,0.533,,1
1889,512.5,-0.512,0.406,-9.62,7.65,-0.0817,0.088,0.6101,,1
1890,218.4,-1.219,0.945,-0.56,17.83,-0.3638,0.205,0.1445,,0
1891,888.2,-2.468,1.065,14.38,20.1,-0.2461,0.2312,0.1504,,0
1892,470.4,0.852,0.697,47.6,13.15,0.179,0.1513,0.3289,,0
1893,288.5,0.467,0.554,-35.27,10.45,-0.4604,0.1202,0.4437,,1
1894,6.0,0.53,1.049,44.29,19.79,-0.1937,0.2277,0.334,,0
1895,913.2,0.852,0.672,-22.61,12.67,-0.0894,0.1458,0.3021,,0
1896,141.8,2.034,0.608,12.82,11.48,0.2194,0.132,0.1771,,0
1897,814.3,1.381,1.152,67.44,21.73,0.1339,0.2499,0.147,,0
1898,875.8,1.733,1.075,2.71,20.28,0.529,0.2333,0.1115,,0
1899,322.6,2.051,0.305,10.48,5.76,-0.0601,0.0663,0.6024,,1
1900,81.8,0.091,0.638,-65.18,12.03,-0.3684,0.1384,0.2762,,0
1901,586.1,0.682,0.865,-34.54,16.32,-0.3855,0.1878,0.1322,,0
1902,383.4,-1.205,0.807,24.32,15.21,-0.6998,0.175,0.1413,,0
1903,721.1,0.68,0.628,-32.13,11.85,-0.449,0.1363,0.3014,,0
1904,277.1,0.037,0.207,-37.9,3.9,-0.5501,0.0449,0.7866,,1
1905,442.3,-0.451,0.352,-45.44,6.64,-0.4547,0.0764,0.5505,,1
1906,280.3,1.056,0.745,12.12,14.05,0.0203,0.1616,0.2898,,0
1907,542.1,-0.102,1.502,-71.85,28.33,0.1674,0.3259,0.0804,,0
1908,240.4,1.843,0.623,1.32,11.75,-0.5033,0.1352,0.3317,,0
1909,203.4,-2.48,1.091,-16.76,20.58,-0.3966,0.2367,0.1425,,0
1910,299.0,0.834,0.588,-39.16,11.08,-0.3833,0.1275,0.2837,,0
1911,905.8,-0.357,0.718,-7.48,13.54,-0.2355,0.1558,0.2324,,0
1912,258.1,1.331,0.614,35.23,11.59,0.3848,0.1333,0.2026,,0
1913,616.7,-0.312,0.988,16.97,18.63,-0.065,0.2143,0.0886,,0
1914,206.2,2.008,0.558,34.67,10.52,0.0635,0.121,0.2152,,0
1915,2.2,-0.894,0.373,-20.92,7.03,-0.0189,0.0808,0.5786,,1
1916,807.4,-0.58,0.738,-46.91,13.92,-0.5799,0.1601,0.4953,,1
1917,899.7,0.894,1.0,34.06,18.87,0.0416,0.217,0.0901,,0
1918,1094.7,0.71,0.734,4.8,13.85,-0.0016,0.1593,0.0808,,0
1919,334.6,1.913,1.516,-41.64,28.59,-0.5853,0.3289,0.0426,,0
1920,371.0,1.421,0.671,-12.29,12.66,-0.2345,0.1456,0.3236,,0
1921,125.1,0.003,0.536,-55.88,10.11,-0.6037,0.1163,0.1834,,0
1922,64.8,0.873,0.662,11.95,12.49,-0.0666,0.1437,0.1775,,0
1923,315.8,1.832,0.604,-16.95,11.39,-0.4848,0.131,0.0538,,0
1924,944.5,1.361,0.83,14.13,15.66,0.4408,0.1801,0.1209,,0
1925,852.4,0.49,0.516,-31.53,9.73,-0.136,0.1119,0.5574,,1
1926,151.4,-0.325,0.558,-21.77,10.53,0.0937,0.1212,0.2433,,0
1927,981.3,-0.684,0.622,10.22,11.74,0.35,0.135,0.4304,,1
1928,98.6,-0.306,0.621,-17.09,11.71,-0.5553,0.1347,0.4224,,1
1929,126.4,0.766,0.522,-15.31,9.85,-0.2332,0.1133,0.4933,,1
1930,233.3,-1.698,0.96,-51.72,18.11,-0.5567,0.2083,0.0712,,0
1931,237.3,-1.478,0.352,-18.84,6.65,-0.4435,0.0765,0.672,,1
1932,341.2,1.605,0.528,32.09,9.96,0.0896,0.1145,0.3912,,1
1933,381.5,2.239,0.268,-38.94,5.05,-0.4348,0.0581,0.6676,,1
1934,512.9,1.912,0.504,-42.59,9.5,-0.4503,0.1093,0.3044,,0
1935,51.7,-0.934,0.956,-10.65,18.04,-0.4504,0.2075,0.1633,,0
1936,366.3,1.522,0.328,-42.65,6.18,-0.4201,0.0711,0.5868,,1
1937,168.8,2.283,0.567,24.34,10.69,0.0186,0.123,0.2619,,0
1938,64.8,0.903,0.673,20.02,12.7,-0.1375,0.1461,0.2479,,0
1939,233.0,2.611,0.712,12.08,13.43,-0.0137,0.1544,0.2082,,0
1940,298.4,-0.301,0.208,-25.74,3.93,-0.54,0.0452,0.7952,,1
1941,872.0,0.477,0.659,-26.9,12.42,0.0848,0.1429,0.5066,,1
1942,175.7,1.407,0.582,32.46,10.98,0.0639,0.1263,0.2826,,0
