idx,dist_to_deck_m,velocity_mm_yr,sigma_v,height_dh_m,sigma_dh,thermal_mm_per_C,sigma_thermal,temporal_coherence,asi,is_ps
0,530.5,0.747,0.359,30.34,6.69,0.312,0.0783,0.5708,,1
1,15.2,0.145,0.771,-99.78,14.35,-0.2871,0.168,0.1061,,0
2,8.1,0.571,0.754,-105.46,14.03,-0.3205,0.1643,0.2438,,0
3,257.8,0.561,0.681,-95.46,12.67,-0.5297,0.1484,0.0983,,0
4,245.5,-0.227,0.673,-96.58,12.52,-0.5657,0.1466,0.0674,,0
5,623.2,1.009,0.314,38.31,5.84,0.2838,0.0683,0.635,,1
6,523.5,0.536,0.369,31.0,6.86,0.3223,0.0804,0.5257,,1
7,18.0,0.754,0.8,-117.15,14.89,-0.511,0.1743,0.2107,,0
8,278.3,-0.262,0.44,31.51,8.18,0.2725,0.0958,0.3882,,1
9,533.0,-1.201,0.421,31.58,7.83,0.3415,0.0917,0.364,,1
10,11.0,0.601,0.966,-117.92,17.99,-0.6631,0.2106,0.084,,0
11,613.6,1.247,0.364,38.32,6.78,0.3205,0.0793,0.5205,,1
12,542.6,0.145,0.555,20.27,10.33,0.194,0.1209,0.2585,,0
13,540.1,-1.049,0.397,36.08,7.4,0.3193,0.0866,0.4164,,1
14,620.7,1.321,0.379,30.35,7.05,0.3943,0.0826,0.4833,,1
15,8.5,1.115,0.818,-100.53,15.22,0.0595,0.1783,0.0529,,0
16,150.5,1.704,0.65,-47.68,12.1,0.1773,0.1416,0.2558,,0
17,549.7,-0.876,0.643,17.8,11.98,0.2369,0.1402,0.4994,,1
18,151.4,-0.837,1.008,-75.31,18.76,0.191,0.2197,0.0531,,0
19,351.4,-0.896,0.692,24.3,12.87,0.3008,0.1507,0.0523,,0
20,547.2,-1.209,0.41,37.4,7.63,0.2916,0.0893,0.3658,,1
21,6.4,1.305,0.844,-56.67,15.71,0.1326,0.184,0.0199,,0
22,566.3,0.39,0.335,39.5,6.24,0.2796,0.073,0.5871,,1
23,13.5,1.165,0.844,-54.6,15.71,0.133,0.1839,0.0471,,0
24,345.0,-0.622,0.557,43.85,10.37,0.5855,0.1214,0.2103,,0
25,284.8,1.323,1.396,-179.87,25.99,-0.6782,0.3043,0.1875,,0
26,625.7,1.109,0.309,48.04,5.76,0.397,0.0674,0.6285,,1
27,169.7,1.665,0.667,-57.01,12.41,0.1531,0.1454,0.2114,,0
28,1.4,0.724,0.811,-106.52,15.1,-0.4886,0.1768,0.1642,,0
29,554.2,-0.021,0.878,26.05,16.35,0.3096,0.1914,0.2315,,0
30,556.7,0.495,0.414,30.04,7.72,0.28,0.0903,0.4921,,1
31,43.9,2.259,1.043,-94.96,19.41,-0.3028,0.2272,0.0659,,0
32,3.9,0.018,0.966,-116.42,17.98,-0.5022,0.2105,0.0843,,0
33,1.1,0.939,0.862,-102.92,16.05,-0.4012,0.1879,0.0616,,0
34,160.1,1.504,0.666,-51.79,12.4,0.178,0.1452,0.199,,0
35,181.3,1.485,0.584,-50.98,10.87,0.1306,0.1273,0.2387,,0
36,287.9,-0.581,0.437,20.5,8.14,0.3038,0.0954,0.4973,,1
37,157.6,1.133,0.71,-39.86,13.21,0.2357,0.1547,0.1567,,0
38,618.6,0.838,0.368,47.65,6.84,0.3948,0.0801,0.5501,,1
39,176.7,1.731,0.673,-57.69,12.53,0.1528,0.1467,0.2222,,0
40,242.3,2.225,0.856,-140.0,15.94,-0.2421,0.1866,0.1362,,0
41,516.4,0.002,0.435,26.46,8.09,0.3396,0.0948,0.3681,,1
42,36.8,2.877,1.148,-91.16,21.37,-0.2293,0.2502,0.1104,,0
43,341.0,0.134,0.663,45.54,12.34,0.4584,0.1445,0.1279,,0
44,50.9,1.72,1.156,-93.21,21.53,-0.2467,0.252,0.1061,,0
45,630.3,1.169,0.303,41.08,5.64,0.2454,0.066,0.64,,1
46,5.6,0.752,0.81,-105.5,15.08,-0.4891,0.1765,0.1848,,0
47,27.6,2.164,0.947,-132.5,17.62,-0.6372,0.2063,0.0681,,0
48,162.6,1.583,0.714,-61.59,13.29,0.2132,0.1556,0.2796,,0
49,294.9,-0.158,0.617,30.35,11.49,0.3236,0.1345,0.2258,,0
50,302.0,-0.447,0.567,40.06,10.55,0.2485,0.1236,0.097,,0
51,361.0,-1.19,0.418,17.2,7.79,0.057,0.0912,0.4329,,1
52,232.8,1.45,0.705,-151.09,13.13,-0.3378,0.1537,0.2329,,0
53,230.3,2.057,0.71,-145.9,13.21,-0.2764,0.1547,0.0894,,0
54,190.8,0.851,0.629,-46.72,11.7,0.2242,0.137,0.2671,,0
55,604.1,1.471,0.416,28.59,7.74,0.3141,0.0907,0.4555,,1
56,616.1,0.897,0.342,39.52,6.36,0.2949,0.0744,0.5793,,1
57,153.9,-0.513,0.948,-55.42,17.65,0.3083,0.2067,0.1105,,0
58,377.1,-0.591,0.575,19.11,10.7,0.0174,0.1253,0.5192,,1
59,167.2,2.185,0.64,-56.97,11.9,0.2638,0.1394,0.1912,,0
60,223.2,2.138,0.816,-150.67,15.19,-0.3078,0.1779,0.2325,,0
61,635.3,2.609,0.47,26.12,8.75,0.3759,0.1025,0.301,,0
62,304.5,-0.649,0.448,27.54,8.35,0.2676,0.0977,0.4833,,1
63,34.3,1.294,0.843,-96.18,15.7,-0.1698,0.1838,0.1282,,0
64,217.0,1.675,0.829,-87.35,15.43,0.2717,0.1807,0.246,,0
65,158.5,-0.853,0.949,-69.53,17.67,0.0966,0.2069,0.0687,,0
66,27.3,1.058,0.867,-96.44,16.14,-0.0923,0.189,0.1151,,0
67,248.7,1.195,0.688,-104.13,12.8,-0.5686,0.1499,0.0635,,0
68,216.1,2.384,1.069,-147.61,19.89,-0.3792,0.2329,0.0698,,0
69,358.5,-0.32,0.749,8.29,13.94,-0.0858,0.1633,0.3139,,0
70,288.8,0.8,1.379,-170.07,25.67,-0.6511,0.3006,0.1062,,0
71,179.2,1.657,0.714,-64.98,13.29,0.1044,0.1556,0.2599,,0
72,370.1,-0.509,0.688,19.55,12.81,0.1745,0.15,0.1224,,0
73,643.0,0.198,0.697,52.66,12.98,0.5737,0.152,0.3869,,1
74,161.0,-0.974,0.913,-57.29,16.99,0.1196,0.1989,0.191,,0
75,207.5,1.225,0.541,-49.24,10.08,0.0521,0.118,0.22,,0
76,153.0,1.59,0.663,-50.12,12.34,0.1624,0.1445,0.2538,,0
77,537.6,-0.206,0.608,35.83,11.31,0.2267,0.1324,0.1511,,0
78,265.8,-0.479,0.665,-94.0,12.38,-0.4758,0.145,0.1065,,0
79,209.1,1.238,0.71,-145.5,13.22,-0.302,0.1548,0.2461,,0
80,526.0,-0.872,0.541,50.52,10.06,0.4607,0.1178,0.2518,,0
81,261.7,1.148,0.72,-106.49,13.4,-0.4838,0.1569,0.0803,,0
82,377.6,-1.283,0.673,22.72,12.53,0.2269,0.1468,0.3894,,1
83,206.6,2.464,0.905,-139.72,16.85,-0.2864,0.1973,0.0597,,0
84,690.8,0.052,0.378,33.78,7.04,0.0196,0.0824,0.6083,,1
85,253.1,0.295,0.668,-92.39,12.43,-0.4002,0.1455,0.1016,,0
86,368.0,-0.945,0.391,15.81,7.28,0.0466,0.0853,0.4714,,1
87,288.8,0.407,0.566,20.99,10.53,0.2887,0.1233,0.3696,,1
88,225.7,1.515,0.7,-154.32,13.04,-0.3451,0.1527,0.2668,,0
89,0.6,0.994,0.887,-60.89,16.51,0.2079,0.1933,0.0265,,0
90,22.3,1.02,0.833,-102.24,15.51,-0.5038,0.1816,0.2531,,0
91,606.6,1.34,0.429,37.66,7.99,0.3159,0.0935,0.3902,,1
92,630.7,1.374,0.648,36.61,12.07,0.2736,0.1413,0.4715,,1
93,563.8,-0.798,0.392,43.92,7.29,0.2633,0.0854,0.4283,,1
94,697.9,0.349,0.389,33.16,7.24,0.0193,0.0847,0.6085,,1
95,31.8,1.354,0.863,-99.06,16.06,-0.2686,0.188,0.0996,,0
96,186.3,1.758,0.7,-66.53,13.03,0.1378,0.1526,0.253,,0
97,174.2,0.842,0.634,-42.69,11.8,0.0234,0.1382,0.1937,,0
98,143.5,1.578,0.666,-44.09,12.39,0.1412,0.1451,0.2458,,0
99,314.1,-0.182,0.497,25.05,9.26,0.3086,0.1084,0.3895,,1
100,311.6,-0.748,0.444,29.15,8.27,0.2165,0.0968,0.457,,1
101,239.8,1.112,0.649,-153.46,12.09,-0.3125,0.1415,0.2309,,0
102,200.4,1.369,0.537,-54.0,9.99,0.0182,0.117,0.2673,,0
103,344.3,-0.753,0.393,13.29,7.32,0.0008,0.0857,0.5081,,1
104,148.0,2.4,0.806,-66.32,14.99,0.2392,0.1756,0.073,,0
105,370.5,-0.872,0.576,30.12,10.73,0.1589,0.1256,0.2827,,0
106,628.2,2.071,0.367,41.98,6.83,0.4287,0.08,0.5195,,1
107,632.8,1.345,0.309,48.07,5.74,0.332,0.0673,0.6093,,1
108,705.0,0.825,0.457,16.95,8.51,0.3025,0.0996,0.3921,,1
109,700.4,0.092,0.368,33.24,6.86,0.127,0.0803,0.5841,,1
110,170.5,-0.62,1.034,-58.91,19.25,0.3081,0.2254,0.1928,,0
111,155.1,1.74,0.872,-63.57,16.23,0.2417,0.19,0.0108,,0
112,172.2,1.347,0.835,-60.51,15.55,0.0984,0.1821,0.113,,0
113,11.7,0.057,1.189,-69.91,22.13,0.0098,0.2591,0.0985,,0
114,237.3,1.736,0.643,-153.95,11.97,-0.2029,0.1401,0.2206,,0
115,18.7,0.792,1.209,-62.15,22.51,-0.054,0.2636,0.1043,,0
116,297.4,-0.675,0.457,19.96,8.5,0.3044,0.0995,0.5042,,1
117,249.4,1.335,0.92,-138.86,17.13,-0.3386,0.2006,0.1838,,0
118,714.5,0.6,0.386,33.78,7.19,0.261,0.0842,0.6057,,1
119,384.2,-0.657,0.803,25.78,14.95,0.1819,0.175,0.0389,,0
120,41.4,1.374,0.857,-91.77,15.96,-0.2493,0.1868,0.0621,,0
121,397.1,0.208,0.501,47.65,9.32,0.5448,0.1091,0.4123,,1
122,573.3,0.731,0.592,32.69,11.02,0.2695,0.129,0.3269,,0
123,22.6,2.371,0.858,-58.38,15.98,0.5546,0.1871,0.1727,,0
124,210.0,1.304,0.799,-72.34,14.87,0.3389,0.1741,0.1876,,0
125,627.8,1.906,0.621,43.3,11.56,0.436,0.1354,0.1221,,0
126,235.3,1.207,0.802,-141.82,14.93,-0.4034,0.1748,0.1875,,0
127,10.2,1.998,0.85,-58.42,15.82,0.162,0.1853,0.1743,,0
128,240.5,0.666,0.934,-92.67,17.38,-0.4026,0.2035,0.1284,,0
129,367.6,-0.658,0.592,18.67,11.02,0.0375,0.129,0.5296,,1
130,218.6,1.526,0.721,-161.5,13.42,-0.4344,0.1571,0.2177,,0
131,702.5,0.443,0.417,29.27,7.76,-0.0296,0.0908,0.5471,,1
132,695.4,-0.168,0.465,32.7,8.66,-0.0628,0.1014,0.4754,,1
133,291.5,0.913,0.688,15.95,12.81,0.5409,0.15,0.3086,,0
134,363.0,-0.32,0.787,-11.36,14.64,-0.1791,0.1714,0.3098,,0
135,280.7,0.967,0.547,36.65,10.19,0.4118,0.1193,0.2375,,0
136,623.7,1.496,0.605,24.16,11.27,0.3902,0.132,0.1518,,0
137,235.9,-0.254,0.7,-99.85,13.04,-0.498,0.1526,0.1627,,0
138,633.3,1.547,0.446,38.46,8.31,0.5463,0.0973,0.4375,,1
139,146.5,-0.158,0.814,-27.97,15.15,0.1499,0.1773,0.1428,,0
140,183.8,1.139,0.61,-54.02,11.36,0.1421,0.133,0.2738,,0
141,547.9,-0.484,0.489,13.29,9.11,0.2172,0.1067,0.552,,1
142,512.2,1.272,0.45,33.71,8.37,0.3266,0.098,0.3409,,0
143,15.5,1.818,0.789,-65.09,14.69,0.5443,0.1721,0.1517,,0
144,137.0,-0.068,0.775,-41.02,14.42,0.2225,0.1688,0.0377,,0
145,360.5,-0.806,0.577,19.26,10.73,0.0521,0.1257,0.5386,,1
146,280.8,-1.12,0.489,32.28,9.09,0.3264,0.1065,0.4917,,1
147,649.8,1.736,0.509,39.28,9.47,0.641,0.1109,0.3427,,0
148,390.1,0.478,0.418,35.94,7.78,0.4379,0.0911,0.6419,,1
149,164.7,1.575,0.588,-51.48,10.95,0.1402,0.1282,0.2781,,0
150,640.3,0.985,0.404,58.93,7.52,0.4231,0.0881,0.5169,,1
151,597.0,2.177,0.612,25.58,11.4,0.3135,0.1335,0.0618,,0
152,144.0,-0.324,0.947,-45.7,17.62,0.1109,0.2064,0.0907,,0
153,16.2,0.073,1.111,-58.77,20.68,-0.1704,0.2422,0.1354,,0
154,231.8,0.206,0.744,-90.09,13.85,-0.5156,0.1622,0.2127,,0
155,156.1,-0.362,0.868,-29.59,16.16,-0.0491,0.1892,0.1603,,0
156,24.8,1.419,0.83,-112.77,15.44,-0.278,0.1808,0.2472,,0
157,536.7,-0.335,0.486,40.59,9.05,0.1751,0.106,0.3998,,1
158,271.3,-0.963,0.475,50.06,8.85,0.3133,0.1036,0.3039,,0
159,12.6,0.77,0.874,-37.64,16.26,0.2962,0.1904,0.0714,,0
160,522.0,1.452,0.319,29.79,5.93,0.2956,0.0695,0.6276,,1
161,171.7,1.287,0.631,-57.47,11.74,0.0389,0.1375,0.2083,,0
162,277.8,0.978,1.26,-162.05,23.46,-0.6056,0.2747,0.1019,,0
163,681.3,0.097,0.59,23.41,10.97,-0.1395,0.1285,0.3213,,0
164,688.3,0.096,0.588,23.48,10.94,-0.1395,0.1281,0.3239,,0
165,307.0,0.097,0.704,25.75,13.1,0.3044,0.1534,0.1538,,0
166,134.8,-0.965,1.073,-73.9,19.98,0.0188,0.2339,0.1363,,0
167,378.6,0.64,0.415,39.41,7.73,0.3856,0.0906,0.4943,,1
168,202.0,1.296,0.688,-145.48,12.8,-0.3787,0.1499,0.217,,0
169,611.6,2.301,0.491,32.74,9.14,0.3036,0.107,0.3604,,1
170,637.8,1.763,0.403,41.98,7.5,0.3643,0.0878,0.512,,1
171,349.4,0.232,0.404,45.05,7.52,0.5079,0.088,0.6183,,1
172,143.6,0.44,0.83,-93.15,15.45,-0.7134,0.1809,0.1056,,0
173,195.8,0.054,0.751,-82.28,13.98,0.1591,0.1637,0.1748,,0
174,707.5,0.092,0.371,33.3,6.9,0.1478,0.0808,0.6112,,1
175,20.5,1.421,0.947,-129.8,17.63,-0.7024,0.2064,0.1369,,0
176,524.2,-0.506,0.537,1.52,9.99,0.1025,0.117,0.4259,,1
177,141.0,2.412,0.701,-60.13,13.05,0.1409,0.1528,0.0886,,0
178,546.3,-0.049,0.497,38.72,9.26,0.4088,0.1084,0.5691,,1
179,144.4,-1.626,1.021,-63.62,19.0,0.2745,0.2225,0.1834,,0
180,528.7,1.345,0.36,27.74,6.69,0.3592,0.0784,0.5374,,1
181,205.4,2.097,0.732,-54.13,13.62,0.1825,0.1595,0.1134,,0
182,561.3,-0.237,0.878,21.71,16.34,0.2067,0.1914,0.1801,,0
183,351.0,-1.895,0.795,22.56,14.79,0.1774,0.1732,0.3752,,1
184,12.7,1.689,0.757,-111.47,14.09,-0.6704,0.165,0.1749,,0
185,353.9,-1.246,0.477,17.97,8.88,0.0448,0.104,0.4674,,1
186,193.3,1.325,0.683,-66.91,12.72,0.1098,0.149,0.2747,,0
187,448.6,1.334,0.661,45.02,12.31,0.0946,0.1441,0.2017,,0
188,269.9,0.11,0.465,25.71,8.65,0.4574,0.1013,0.3206,,0
189,17.2,0.095,0.783,-43.05,14.57,0.247,0.1706,0.1961,,0
190,9.2,0.087,1.149,-61.16,21.4,-0.2039,0.2505,0.1379,,0
191,463.4,1.636,0.525,32.03,9.76,0.129,0.1143,0.2747,,0
192,310.7,0.442,0.662,37.16,12.32,0.3776,0.1443,0.3709,,1
193,212.5,2.297,0.737,-62.53,13.72,0.1439,0.1606,0.1264,,0
194,531.3,-0.883,0.487,14.5,9.07,0.103,0.1062,0.5451,,1
195,540.8,-0.263,0.56,10.68,10.43,0.2242,0.1221,0.5321,,1
196,7.0,0.878,0.733,-12.76,13.64,0.8584,0.1597,0.2427,,0
197,233.0,-0.395,0.554,29.95,10.31,0.0888,0.1207,0.2745,,0
198,717.0,0.322,0.407,37.69,7.58,0.1726,0.0888,0.547,,1
199,575.7,0.869,1.154,-149.67,21.47,0.6057,0.2514,0.2223,,0
200,127.4,-0.868,1.115,-28.64,20.75,0.2692,0.243,0.2605,,0
201,199.5,1.197,0.786,-139.96,14.64,-0.1547,0.1714,0.2233,,0
202,4.6,0.454,1.284,-59.48,23.9,-0.0089,0.2799,0.0928,,0
203,337.6,0.157,0.764,32.95,14.22,0.4117,0.1665,0.0143,,0
204,290.4,-0.655,0.534,20.3,9.94,0.3988,0.1164,0.4266,,1
205,646.9,0.727,0.443,59.18,8.24,0.3717,0.0965,0.4643,,1
206,621.1,3.419,0.864,34.04,16.08,0.3173,0.1882,0.0591,,0
207,202.9,0.796,0.832,-74.66,15.48,0.2861,0.1813,0.1544,,0
208,334.4,0.565,0.416,34.88,7.74,0.4693,0.0907,0.601,,1
209,517.2,0.658,0.845,-10.53,15.73,0.2632,0.1842,0.2584,,0
210,2.6,0.669,0.74,-38.29,13.78,0.7063,0.1614,0.2656,,0
211,539.2,0.011,0.489,36.75,9.11,0.3938,0.1067,0.5778,,1
212,552.0,0.001,1.161,-131.88,21.61,0.7386,0.253,0.1239,,0
213,10.1,0.367,0.788,-44.41,14.68,0.1892,0.1719,0.1131,,0
214,153.6,-0.112,0.853,-46.46,15.89,0.046,0.186,0.1232,,0
215,5.5,0.509,0.788,-36.79,14.66,0.2998,0.1717,0.0765,,0
216,25.1,1.524,0.876,-107.19,16.31,-0.3544,0.191,0.1028,,0
217,197.9,1.226,0.603,-35.91,11.22,0.2943,0.1313,0.2638,,0
218,374.6,-0.46,0.736,22.08,13.71,0.0,0.1605,0.3958,,1
219,710.0,0.281,0.602,55.98,11.2,0.1321,0.1312,0.2858,,0
220,299.7,-0.044,0.601,36.63,11.18,0.3768,0.1309,0.5841,,1
221,213.6,2.238,0.789,-146.38,14.68,-0.4437,0.1719,0.1606,,0
222,188.8,0.033,0.801,-76.05,14.92,0.2698,0.1747,0.0821,,0
223,23.0,0.845,0.903,-62.52,16.81,0.162,0.1968,0.1298,,0
224,329.2,-2.204,0.942,-63.79,17.54,-0.5036,0.2054,0.1214,,0
225,664.7,-2.816,1.187,-80.58,22.09,-0.3919,0.2587,0.2076,,0
226,556.2,0.125,1.792,-63.04,33.36,-1.0738,0.3906,0.1624,,0
227,17.7,0.912,0.737,-110.19,13.72,-0.3718,0.1606,0.1936,,0
228,642.3,2.106,0.565,46.13,10.51,0.3988,0.1231,0.3651,,1
229,330.3,1.088,0.425,28.93,7.92,0.4226,0.0927,0.5958,,1
230,685.8,-0.045,0.505,31.35,9.39,-0.1349,0.11,0.5457,,1
231,324.1,0.814,0.499,52.44,9.29,0.4012,0.1088,0.3537,,1
232,321.6,0.813,0.5,52.48,9.3,0.4013,0.1089,0.3541,,1
233,228.5,-0.48,0.708,22.55,13.18,0.4279,0.1543,0.0991,,0
234,626.5,1.782,0.459,39.44,8.55,0.5626,0.1001,0.4599,,1
235,3.1,2.22,0.846,-62.35,15.75,0.288,0.1845,0.1725,,0
236,645.7,-1.431,1.207,-74.32,22.47,-0.8933,0.2631,0.1127,,0
237,357.7,-0.991,1.038,-92.27,19.32,-0.5697,0.2262,0.0252,,0
238,548.2,0.919,0.325,35.0,6.05,0.3808,0.0709,0.6001,,1
239,277.9,-0.105,0.454,30.71,8.45,0.4153,0.0989,0.4487,,1
240,211.6,1.824,0.717,-158.06,13.35,-0.4068,0.1563,0.2835,,0
241,35.4,0.488,0.791,-11.3,14.73,0.4717,0.1725,0.093,,0
242,165.5,-1.687,1.03,-67.34,19.18,0.2206,0.2245,0.0992,,0
243,53.4,2.047,1.004,-89.11,18.68,-0.505,0.2188,0.0515,,0
244,533.8,0.059,0.523,9.16,9.74,-0.0849,0.114,0.4808,,1
245,195.0,1.365,0.699,-143.93,13.0,-0.3265,0.1523,0.2317,,0
246,492.8,0.474,0.442,34.72,8.22,0.4678,0.0963,0.3073,,0
247,270.4,0.198,0.663,-99.46,12.34,-0.5499,0.1445,0.0578,,0
248,244.8,-0.052,0.686,-95.01,12.76,-0.5382,0.1494,0.112,,0
249,9.6,1.208,0.656,-27.01,12.21,0.6156,0.143,0.3616,,1
250,384.5,0.876,0.656,19.25,12.21,0.1926,0.1429,0.1513,,0
251,637.3,1.19,0.311,43.71,5.79,0.3229,0.0678,0.6202,,1
252,317.0,2.53,1.26,-161.43,23.45,0.0056,0.2745,0.1036,,0
253,20.5,0.935,0.971,-67.81,18.08,0.1148,0.2116,0.1225,,0
254,538.4,1.266,0.413,36.29,7.68,0.4128,0.0899,0.4153,,1
255,111.1,1.933,1.083,-142.54,20.17,-0.8492,0.2362,0.25,,0
256,373.4,1.182,0.544,67.19,10.12,0.6718,0.1185,0.2137,,0
257,177.6,-0.76,1.011,-52.62,18.83,0.295,0.2204,0.1718,,0
258,60.5,2.248,1.081,-102.17,20.13,-0.5117,0.2356,0.1347,,0
259,514.7,-0.659,0.599,15.96,11.15,0.1303,0.1306,0.4933,,1
260,713.2,1.319,1.3,-321.91,24.19,-0.6112,0.2833,0.2315,,0
261,0.5,1.124,0.832,-44.5,15.49,0.3245,0.1813,0.1555,,0
262,531.9,1.166,0.441,35.85,8.2,0.4397,0.096,0.3994,,1
263,351.8,1.181,0.716,11.67,13.34,0.1239,0.1562,0.0533,,0
264,358.0,-1.166,0.755,30.91,14.06,-0.0221,0.1646,0.2467,,0
265,375.1,-0.63,0.471,18.7,8.77,0.0678,0.1027,0.3509,,1
266,198.3,1.858,0.807,-64.99,15.02,0.3016,0.1759,0.1148,,0
267,266.9,0.187,0.5,25.51,9.31,0.3252,0.109,0.317,,0
268,739.1,0.084,0.553,44.14,10.29,0.2904,0.1205,0.2336,,0
269,499.8,-0.094,0.383,36.77,7.13,0.3451,0.0835,0.5074,,1
270,274.2,-0.063,0.428,25.13,7.96,0.2798,0.0932,0.5125,,1
271,509.4,-1.253,0.67,41.44,12.48,0.3855,0.1461,0.1876,,0
272,514.2,2.978,0.631,38.61,11.74,0.5526,0.1375,0.1983,,0
273,6.0,2.564,0.805,-46.99,14.99,0.4615,0.1755,0.2265,,0
274,652.2,-0.256,1.395,-295.6,25.98,-0.6831,0.3042,0.1809,,0
275,384.5,1.323,0.452,40.72,8.42,0.4757,0.0986,0.4144,,1
276,19.7,0.236,0.756,-48.93,14.08,0.1472,0.1649,0.1487,,0
277,302.3,-0.054,0.482,44.83,8.96,0.3591,0.105,0.5841,,1
278,0.6,2.786,0.953,-111.44,17.73,-0.5966,0.2076,0.0525,,0
279,339.0,0.662,0.413,27.3,7.68,0.3898,0.09,0.6275,,1
280,384.6,-2.102,0.708,27.79,13.18,0.0598,0.1543,0.3411,,0
281,501.3,0.454,1.307,-15.08,24.32,0.2607,0.2848,0.1939,,0
282,13.0,2.954,0.838,-45.31,15.6,0.5419,0.1826,0.2234,,0
283,678.8,-0.085,0.52,30.74,9.68,-0.137,0.1133,0.536,,1
284,393.8,-0.818,0.614,18.36,11.44,-0.0196,0.1339,0.5304,,1
285,278.7,1.747,0.705,-97.22,13.12,-0.7367,0.1537,0.2357,,0
286,30.1,2.528,1.177,-133.63,21.91,-0.5469,0.2566,0.0542,,0
287,292.2,0.928,1.366,-190.07,25.42,-0.7861,0.2977,0.0539,,0
288,604.5,2.827,0.7,33.91,13.04,0.2282,0.1527,0.3022,,0
289,192.5,0.687,0.875,-125.76,16.28,-0.3348,0.1907,0.1675,,0
290,411.3,-0.338,0.648,31.03,12.06,0.5952,0.1412,0.2883,,0
291,282.2,1.212,1.249,-168.4,23.26,-0.5578,0.2723,0.1216,,0
292,386.7,-0.599,0.615,17.34,11.45,0.0478,0.1341,0.5046,,1
293,150.6,0.775,0.804,-86.66,14.97,-0.6517,0.1753,0.0535,,0
294,283.0,0.033,0.684,-99.08,12.74,-0.6162,0.1492,0.1208,,0
295,163.2,-1.043,0.984,-26.7,18.32,-0.0978,0.2145,0.0789,,0
296,653.2,-0.608,1.156,-65.13,21.51,-0.9572,0.2519,0.1379,,0
297,555.8,-0.737,0.505,49.07,9.4,0.5121,0.11,0.5279,,1
298,566.2,0.857,1.213,-143.51,22.58,0.9564,0.2644,0.1581,,0
299,519.0,0.347,0.442,32.58,8.23,0.3115,0.0964,0.4863,,1
300,399.2,-0.121,0.707,33.8,13.17,0.2925,0.1542,0.2242,,0
301,223.5,-0.841,0.444,30.75,8.26,0.3225,0.0968,0.5141,,1
302,724.1,-0.943,0.438,48.95,8.16,0.1871,0.0955,0.483,,1
303,118.2,2.493,1.086,-127.28,20.22,-0.6929,0.2368,0.2002,,0
304,287.7,0.044,1.449,-153.21,26.98,-0.7488,0.3159,0.163,,0
305,178.8,1.378,0.585,-50.7,10.88,0.1544,0.1274,0.2339,,0
306,408.8,1.216,0.641,16.04,11.93,0.5368,0.1397,0.0767,,0
307,242.6,-1.296,0.664,36.18,12.36,0.3433,0.1447,0.2272,,0
308,226.0,-0.665,0.742,36.28,13.82,0.4068,0.1618,0.17,,0
309,535.5,0.562,0.645,13.13,12.01,0.1598,0.1406,0.2548,,0
310,3.6,2.193,0.848,-44.47,15.78,0.5551,0.1847,0.2742,,0
311,21.7,0.555,0.794,-20.33,14.78,0.6247,0.1731,0.304,,0
312,214.5,1.428,0.611,-38.89,11.37,0.1606,0.1331,0.248,,0
313,519.8,1.381,0.496,39.0,9.23,0.3216,0.108,0.4487,,1
314,418.3,-0.099,0.633,26.67,11.78,0.6156,0.1379,0.2787,,0
315,655.2,-2.178,1.127,-72.6,20.97,-0.6998,0.2456,0.0664,,0
316,7.6,1.372,0.816,-48.89,15.2,0.3419,0.1779,0.1697,,0
317,175.1,0.007,0.372,17.97,6.93,0.6004,0.0812,0.5055,,1
318,416.7,3.15,0.905,-169.41,16.84,0.2378,0.1972,0.1795,,0
319,94.6,2.651,1.109,-37.49,20.65,0.1736,0.2418,0.2993,,0
320,9.5,0.957,0.843,-34.57,15.68,0.7215,0.1836,0.077,,0
321,506.9,-0.18,0.399,31.71,7.43,0.3522,0.087,0.4454,,1
322,313.2,0.476,0.589,36.35,10.96,0.3821,0.1283,0.4831,,1
323,285.3,0.258,0.428,30.98,7.96,0.2366,0.0932,0.4968,,1
324,513.9,-0.924,0.505,26.38,9.39,0.2128,0.11,0.1395,,0
325,252.1,-1.625,0.537,30.8,9.99,0.3797,0.1169,0.4143,,1
326,212.0,1.845,0.55,-50.92,10.25,0.3717,0.12,0.3126,,0
327,139.5,-1.036,0.949,-31.28,17.67,0.0585,0.2069,0.1256,,0
328,336.2,-0.785,1.022,-75.79,19.03,-0.7276,0.2228,0.106,,0
329,727.0,-0.493,0.638,59.69,11.88,0.4464,0.1391,0.1547,,0
330,307.5,2.476,1.204,-150.23,22.42,0.2438,0.2625,0.1236,,0
331,3.8,0.74,1.692,-84.85,31.49,-0.1742,0.3687,0.2059,,0
332,204.5,1.669,0.823,-154.22,15.32,-0.4535,0.1794,0.2157,,0
333,722.5,0.489,0.709,51.67,13.2,0.4962,0.1546,0.1054,,0
334,85.9,2.917,1.0,-54.6,18.61,0.381,0.2179,0.2335,,0
335,573.2,0.214,1.657,-32.16,30.85,-0.8668,0.3613,0.1979,,0
336,356.6,1.926,0.577,31.33,10.75,0.4516,0.1258,0.1808,,0
337,379.6,-1.602,0.808,15.52,15.03,0.1035,0.176,0.1503,,0
338,345.7,1.517,0.605,24.09,11.26,0.3937,0.1319,0.2855,,0
339,365.5,-0.524,0.724,11.63,13.47,-0.1008,0.1577,0.1996,,0
340,221.6,1.098,0.598,-36.36,11.13,0.2374,0.1303,0.1188,,0
341,247.0,-0.243,0.972,-85.91,18.09,-0.1313,0.2118,0.2008,,0
342,107.8,-0.02,0.62,-2.76,11.55,0.402,0.1352,0.418,,1
343,3.0,0.61,0.762,-40.77,14.18,0.2782,0.166,0.1193,,0
344,0.1,0.894,0.748,-15.08,13.92,0.6417,0.163,0.2377,,0
345,8.4,0.896,0.746,-15.14,13.88,0.6416,0.1625,0.2402,,0
346,639.8,1.333,0.318,50.62,5.93,0.4227,0.0694,0.5613,,1
347,548.8,-0.709,0.509,46.59,9.47,0.466,0.1109,0.5194,,1
348,559.2,1.0,0.381,34.42,7.1,0.2914,0.0831,0.4661,,1
349,367.5,1.447,0.511,43.94,9.5,0.3029,0.1113,0.4051,,1
350,151.1,-1.016,0.76,-43.03,14.15,-0.0511,0.1657,0.0886,,0
351,20.2,2.17,1.135,-88.87,21.12,-0.1952,0.2473,0.1262,,0
352,220.7,1.847,0.772,-143.77,14.38,-0.3382,0.1683,0.1765,,0
353,510.8,0.726,1.219,-20.92,22.68,0.4994,0.2656,0.2442,,0
354,362.3,0.989,0.411,51.0,7.66,0.5816,0.0897,0.4748,,1
355,616.8,1.187,0.472,36.76,8.79,0.4454,0.1029,0.4221,,1
356,13.3,-0.484,1.919,-84.08,35.72,-0.2049,0.4183,0.1489,,0
357,250.9,-1.262,0.79,-90.95,14.7,-0.3968,0.1721,0.2223,,0
358,129.9,0.033,0.75,-46.16,13.95,0.2232,0.1634,0.0716,,0
359,706.2,1.052,1.311,-313.92,24.41,-0.669,0.2858,0.1579,,0
360,781.4,-0.278,0.706,46.5,13.14,0.5284,0.1539,0.0823,,0
361,391.3,-1.216,0.725,27.52,13.5,0.172,0.158,0.2757,,0
362,557.5,0.471,0.581,22.69,10.82,-0.0206,0.1266,0.2775,,0
363,407.2,4.091,1.048,-184.18,19.51,0.2378,0.2284,0.0288,,0
364,720.0,-0.562,0.693,51.49,12.9,0.438,0.151,0.0755,,0
365,244.4,1.332,0.753,-153.77,14.03,-0.3413,0.1642,0.2125,,0
366,353.5,-0.199,0.642,17.26,11.94,0.0449,0.1398,0.335,,0
367,262.5,-0.393,0.652,48.14,12.13,0.3987,0.1421,0.2459,,0
368,395.6,-0.285,0.539,37.09,10.04,0.1298,0.1176,0.2947,,0
369,13.5,2.396,0.981,-149.54,18.27,-0.9056,0.2139,0.111,,0
370,529.7,0.221,0.578,33.88,10.76,0.3683,0.126,0.2448,,0
371,400.1,3.102,0.981,-164.12,18.26,0.0826,0.2139,0.1591,,0
372,22.4,1.641,1.656,-93.1,30.83,-0.2464,0.361,0.2238,,0
373,152.9,-1.02,0.469,-3.08,8.72,0.3065,0.1021,0.448,,1
374,721.6,0.841,0.512,31.23,9.54,0.0924,0.1116,0.4701,,1
375,15.5,0.535,0.848,-110.26,15.79,-0.1969,0.1849,0.2229,,0
376,328.6,-0.125,0.556,16.38,10.35,0.4047,0.1212,0.28,,0
377,727.5,-1.163,1.388,-228.91,25.84,-0.0838,0.3026,0.1405,,0
378,415.8,1.185,0.651,8.35,12.11,0.5119,0.1418,0.0241,,0
379,614.1,1.441,0.461,40.12,8.58,0.4063,0.1005,0.5018,,1
380,10.3,1.188,0.886,-30.5,16.5,0.6136,0.1932,0.2046,,0
381,404.2,0.021,0.622,27.52,11.57,0.6215,0.1355,0.2659,,0
382,699.1,1.26,1.367,-304.32,25.44,-0.7058,0.2979,0.0721,,0
383,401.7,1.23,0.653,13.04,12.15,0.5642,0.1422,0.081,,0
384,508.9,2.564,0.59,43.18,10.98,0.3002,0.1286,0.0935,,0
385,541.8,0.738,0.347,42.1,6.46,0.4261,0.0756,0.5272,,1
386,712.0,0.609,0.454,27.32,8.45,0.155,0.0989,0.5697,,1
387,26.1,0.831,0.691,-22.84,12.87,0.095,0.1507,0.3519,,1
388,373.3,1.123,0.576,30.85,10.72,0.3908,0.1256,0.2169,,0
389,220.0,-0.077,1.051,-141.82,19.57,-0.6251,0.2291,0.1183,,0
390,263.2,0.231,0.447,48.83,8.31,0.3483,0.0973,0.3229,,0
391,467.9,1.185,0.592,55.31,11.02,0.3621,0.129,0.2807,,0
392,29.8,2.637,1.157,-95.58,21.53,-0.1895,0.2521,0.2259,,0
393,246.9,0.911,0.718,-149.38,13.37,-0.3103,0.1565,0.175,,0
394,18.0,1.612,0.745,-58.35,13.87,0.3445,0.1624,0.2516,,0
395,168.0,-1.002,0.926,-55.59,17.24,0.1438,0.2019,0.1306,,0
396,245.1,-1.574,0.586,31.46,10.91,0.4123,0.1278,0.3771,,1
397,235.5,-1.069,0.606,30.57,11.28,0.4121,0.1321,0.2393,,0
398,395.6,0.924,0.533,38.54,9.92,0.3475,0.1162,0.388,,1
399,671.2,1.107,1.593,-303.21,29.66,0.1394,0.3473,0.0655,,0
400,9.8,1.206,1.132,-79.25,21.07,0.3886,0.2467,0.0686,,0
401,323.9,-0.012,0.519,15.48,9.66,0.3987,0.1132,0.4279,,1
402,319.7,-0.129,0.438,15.66,8.16,0.2937,0.0955,0.578,,1
403,264.7,0.094,0.669,39.67,12.45,0.3729,0.1458,0.1078,,0
404,190.6,1.604,1.02,-151.47,18.99,-0.8067,0.2223,0.2102,,0
405,241.9,-0.687,0.596,32.75,11.09,0.8109,0.1298,0.361,,1
406,381.0,0.854,0.49,54.37,9.11,0.3412,0.1067,0.3658,,1
407,378.5,1.452,0.605,60.58,11.26,0.2127,0.1318,0.1763,,0
408,538.3,-0.277,0.693,26.3,12.9,-0.0981,0.151,0.2292,,0
409,274.7,0.209,0.684,-97.14,12.72,-0.3855,0.149,0.1483,,0
410,226.7,-1.074,0.457,22.95,8.51,0.4981,0.0996,0.407,,1
411,157.6,2.042,0.706,-42.65,13.15,0.4537,0.1539,0.2179,,0
412,416.0,1.284,1.394,-220.35,25.95,-0.1624,0.3039,0.3039,,0
413,34.7,1.557,0.887,-128.14,16.52,-0.4307,0.1934,0.1676,,0
414,170.7,-0.322,0.756,-12.65,14.07,-0.1578,0.1647,0.1196,,0
415,216.4,-0.416,0.438,40.11,8.15,0.3404,0.0954,0.5036,,1
416,286.6,0.033,0.626,18.73,11.66,0.468,0.1365,0.1801,,0
417,585.3,1.321,1.153,-159.91,21.46,0.638,0.2513,0.0826,,0
418,359.3,1.069,0.579,35.99,10.78,0.3281,0.1263,0.3009,,0
419,409.7,3.454,0.922,-178.1,17.17,0.1064,0.201,0.1306,,0
420,363.5,-1.16,0.676,45.38,12.59,0.2023,0.1474,0.1133,,0
421,38.3,0.465,0.719,-22.33,13.38,0.1436,0.1567,0.2618,,0
422,542.5,0.442,1.05,-150.3,19.55,0.7463,0.2289,0.1458,,0
423,555.0,-1.141,0.716,24.07,13.32,0.2962,0.156,0.0516,,0
424,20.1,2.872,0.899,-45.08,16.74,0.4875,0.1959,0.1662,,0
425,406.7,1.194,0.557,31.71,10.36,0.3127,0.1213,0.3906,,1
426,225.3,2.202,0.755,-140.4,14.05,-0.2118,0.1645,0.0904,,0
427,565.4,0.952,0.737,26.31,13.72,0.3613,0.1606,0.3459,,0
428,392.1,0.999,0.673,27.89,12.53,0.3786,0.1468,0.388,,1
429,406.3,-0.069,0.65,41.62,12.09,0.3499,0.1416,0.0629,,0
430,362.5,1.442,0.583,27.26,10.86,0.2287,0.1271,0.0992,,0
431,370.1,1.144,0.511,46.04,9.51,0.2289,0.1113,0.437,,1
432,727.9,0.333,1.261,-227.92,23.47,-0.1119,0.2748,0.0071,,0
433,602.0,1.554,0.411,35.07,7.64,0.343,0.0895,0.4766,,1
434,309.1,-1.58,0.572,33.82,10.65,0.2596,0.1247,0.339,,0
435,798.1,1.5,0.688,68.56,12.81,0.4083,0.15,0.1948,,0
436,340.2,-1.209,1.009,-52.41,18.79,-0.7044,0.22,0.0753,,0
437,343.9,-1.676,0.799,19.7,14.87,0.0515,0.1741,0.3947,,1
438,715.4,0.549,0.625,35.31,11.64,0.3979,0.1363,0.2284,,0
439,784.0,-0.181,1.416,-210.66,26.36,-0.1087,0.3086,0.2178,,0
440,219.1,1.903,0.575,-55.9,10.7,0.3477,0.1253,0.2811,,0
441,236.3,1.358,0.921,-28.09,17.15,0.6432,0.2008,0.1778,,0
442,209.3,-0.035,0.631,8.91,11.74,0.3153,0.1374,0.2151,,0
443,526.7,0.204,0.463,7.92,8.62,-0.0228,0.101,0.4831,,1
444,142.0,1.612,0.715,-23.51,13.31,0.5818,0.1558,0.1366,,0
445,286.8,0.33,0.516,48.2,9.6,0.3944,0.1124,0.4514,,1
446,545.1,-1.095,0.591,31.35,11.0,0.2609,0.1288,0.0773,,0
447,607.1,1.516,0.554,35.33,10.31,0.2742,0.1208,0.1583,,0
448,104.1,2.183,1.083,-129.73,20.17,-0.8122,0.2362,0.0838,,0
449,729.5,0.55,0.497,40.43,9.26,0.2498,0.1084,0.4174,,1
450,678.2,1.061,1.811,-302.87,33.72,0.1212,0.3948,0.0725,,0
451,426.3,2.506,0.878,-186.59,16.34,0.0745,0.1913,0.0955,,0
452,249.6,-0.588,0.796,55.27,14.83,0.5192,0.1736,0.0322,,0
453,505.8,-0.901,0.53,37.12,9.86,0.4083,0.1155,0.1022,,0
454,48.3,-0.098,1.368,-110.49,25.46,-0.0324,0.2981,0.0767,,0
455,365.5,0.727,0.571,40.81,10.62,0.1985,0.1244,0.2167,,0
456,636.3,1.63,0.612,55.21,11.39,0.5334,0.1333,0.3311,,0
457,231.9,0.15,0.883,38.84,16.44,0.4032,0.1925,0.4612,,1
458,327.0,1.57,0.702,37.42,13.06,0.5785,0.1529,0.1549,,0
459,10.8,0.809,1.636,-85.67,30.46,-0.276,0.3566,0.1513,,0
460,373.4,0.577,0.529,74.65,9.85,0.6779,0.1154,0.3389,,0
461,118.9,3.163,1.159,-96.16,21.57,-0.2541,0.2526,0.2162,,0
462,379.4,3.531,1.03,-201.1,19.17,-0.3698,0.2245,0.0719,,0
463,532.9,0.263,1.142,-133.69,21.26,0.8241,0.2489,0.1423,,0
464,413.8,0.983,0.577,31.48,10.75,0.3342,0.1258,0.3381,,0
465,233.3,0.135,0.812,-91.32,15.12,-0.4647,0.177,0.1164,,0
466,202.5,1.11,0.617,-43.05,11.49,0.5025,0.1345,0.2138,,0
467,254.7,0.009,0.75,-107.72,13.96,-0.5875,0.1634,0.0791,,0
468,26.7,0.424,0.82,-50.94,15.27,0.138,0.1788,0.108,,0
469,6.4,2.128,0.862,-129.37,16.05,-0.6031,0.188,0.1207,,0
470,620.0,1.048,0.472,51.43,8.79,0.3259,0.1029,0.324,,0
471,309.1,1.667,1.334,-121.18,24.82,0.2536,0.2907,0.2256,,0
472,261.7,-1.087,0.701,52.62,13.04,0.3137,0.1527,0.0819,,0
473,658.9,0.14,1.34,-271.8,24.95,-0.6293,0.2921,0.0661,,0
474,520.4,-0.794,1.281,-15.07,23.84,0.5044,0.2791,0.0182,,0
475,200.5,-0.45,1.176,-28.01,21.9,-0.2384,0.2564,0.1871,,0
476,543.3,-0.139,0.435,21.23,8.1,0.0744,0.0948,0.532,,1
477,498.6,1.547,0.475,37.24,8.84,0.3499,0.1035,0.2977,,0
478,548.5,0.37,1.584,-66.79,29.48,-1.0244,0.3452,0.1011,,0
479,568.7,0.7,1.15,-146.76,21.4,0.6693,0.2506,0.1476,,0
480,515.7,1.711,0.371,36.1,6.91,0.2524,0.0809,0.6001,,1
481,498.0,-0.23,0.642,9.56,11.96,-0.0307,0.14,0.6065,,1
482,224.1,1.968,0.779,-87.77,14.49,-0.0055,0.1697,0.0517,,0
483,669.2,0.892,0.464,24.37,8.64,0.0137,0.1012,0.4209,,1
484,41.1,1.905,1.697,-79.84,31.59,-0.367,0.3699,0.1109,,0
485,525.7,0.626,0.703,39.52,13.09,0.5652,0.1533,0.3507,,1
486,464.5,2.727,1.02,-185.17,18.99,-0.4156,0.2224,0.1214,,0
487,712.9,0.648,0.486,35.19,9.04,0.3406,0.1059,0.3882,,1
488,348.5,0.779,0.698,40.73,12.98,0.2376,0.152,0.1669,,0
489,545.9,1.192,0.716,48.46,13.33,0.3956,0.1561,0.0816,,0
490,696.6,0.711,1.221,-300.79,22.73,-0.499,0.2661,0.1286,,0
491,319.8,1.963,0.629,47.16,11.71,0.3513,0.1371,0.1793,,0
492,207.9,0.007,0.433,5.09,8.06,0.3683,0.0944,0.4979,,1
493,5.8,1.098,1.653,-82.76,30.77,-0.2181,0.3603,0.0279,,0
494,404.0,1.748,1.132,-211.29,21.06,0.0533,0.2466,0.1138,,0
495,293.5,0.568,0.684,29.94,12.74,0.2581,0.1491,0.4004,,1
496,249.1,1.271,1.055,-22.91,19.65,0.7255,0.23,0.1141,,0
497,264.6,0.373,0.545,36.13,10.14,0.3333,0.1187,0.2825,,0
498,316.4,1.682,0.965,-98.18,17.95,0.2027,0.2102,0.1359,,0
499,384.0,0.789,0.523,46.29,9.73,0.2964,0.1139,0.354,,1
500,671.7,0.011,0.594,31.56,11.06,-0.0586,0.1295,0.3217,,0
501,215.7,2.723,0.748,-135.93,13.93,-0.1481,0.1631,0.161,,0
502,16.0,0.572,0.881,-58.82,16.41,0.0788,0.1921,0.0372,,0
503,710.7,0.411,1.392,-281.71,25.92,-0.6836,0.3035,0.2668,,0
504,152.6,1.41,0.558,-20.4,10.39,0.3583,0.1216,0.1992,,0
505,276.0,0.595,1.448,-154.81,26.96,-0.758,0.3157,0.1601,,0
506,263.0,0.086,0.726,-82.07,13.51,-0.4543,0.1582,0.0441,,0
507,524.9,0.825,0.371,33.83,6.92,0.3703,0.081,0.5291,,1
508,459.2,2.105,0.453,39.53,8.43,0.3546,0.0987,0.325,,0
509,3.3,0.674,1.848,-92.86,34.4,-0.2955,0.4028,0.1853,,0
510,108.6,2.006,1.264,-112.99,23.54,-0.7537,0.2756,0.1898,,0
511,318.7,1.839,1.302,-113.19,24.24,0.1634,0.2838,0.1807,,0
512,369.8,3.193,0.861,-179.48,16.03,-0.3049,0.1877,0.1065,,0
513,333.7,-1.675,0.985,-77.31,18.34,-0.9748,0.2147,0.2831,,0
514,218.9,-0.886,0.695,42.57,12.94,0.4452,0.1516,0.0632,,0
515,565.4,-0.988,1.593,-34.8,29.66,-0.9106,0.3473,0.1729,,0
516,321.1,-1.406,0.662,36.74,12.32,0.2617,0.1443,0.1447,,0
517,241.3,-0.052,0.723,-99.34,13.46,-0.5146,0.1576,0.166,,0
518,115.7,2.213,1.274,-118.46,23.71,-0.7345,0.2776,0.1036,,0
519,550.4,0.074,0.44,19.07,8.18,0.0574,0.0958,0.5327,,1
520,553.3,-0.569,0.635,45.24,11.81,0.5216,0.1383,0.3177,,0
521,416.3,0.869,0.625,38.39,11.63,0.3664,0.1362,0.2634,,0
522,502.5,1.685,0.447,24.89,8.32,0.4959,0.0974,0.5103,,1
523,169.2,1.343,1.085,-164.96,20.2,-0.796,0.2365,0.2687,,0
524,14.0,1.064,0.774,-12.48,14.42,0.6736,0.1688,0.1129,,0
525,311.4,1.693,1.118,-92.27,20.81,0.1178,0.2436,0.1125,,0
526,215.7,0.23,1.079,-137.6,20.09,-0.5724,0.2352,0.0263,,0
527,652.7,0.739,0.806,35.72,15.0,0.4079,0.1756,0.2881,,0
528,256.4,1.735,0.839,-151.89,15.61,-0.1516,0.1828,0.1515,,0
529,515.4,-0.129,1.408,-28.44,26.21,0.2788,0.3068,0.1868,,0
530,733.6,-1.067,0.84,67.43,15.63,0.1129,0.183,0.1373,,0
531,417.8,0.748,0.552,35.16,10.28,0.5176,0.1204,0.3348,,0
532,12.8,0.717,1.644,-81.3,30.59,-0.2312,0.3582,0.1096,,0
533,207.6,0.961,0.642,-23.86,11.94,0.6846,0.1398,0.2436,,0
534,791.0,2.024,0.664,44.32,12.37,0.4614,0.1448,0.2833,,0
535,206.1,1.691,1.02,-122.76,18.99,-0.0961,0.2223,0.1634,,0
536,326.8,1.414,0.621,26.06,11.56,0.3059,0.1353,0.1886,,0
537,16.7,1.251,0.715,-23.95,13.32,0.5643,0.1559,0.2678,,0
538,554.8,1.072,0.565,33.51,10.52,0.2736,0.1232,0.4423,,1
539,230.9,-1.259,0.396,37.82,7.37,0.453,0.0863,0.5575,,1
540,3.1,1.778,0.895,-132.94,16.67,-0.7457,0.1952,0.0514,,0
541,6.5,-0.353,1.014,-30.92,18.88,0.0492,0.2211,0.1093,,0
542,645.6,-0.247,1.321,-287.0,24.58,-0.492,0.2878,0.1751,,0
543,275.6,-0.137,0.431,47.86,8.02,0.4905,0.0939,0.5948,,1
544,774.4,-0.943,1.538,-193.92,28.64,-0.1574,0.3353,0.0544,,0
545,781.5,-0.94,1.54,-193.98,28.66,-0.1567,0.3356,0.0593,,0
546,6.7,-0.528,1.25,-52.97,23.28,-0.3427,0.2725,0.0477,,0
547,386.5,3.5,0.942,-182.47,17.54,-0.3263,0.2054,0.0822,,0
548,446.9,-0.9,1.41,-247.34,26.25,-1.1594,0.3074,0.0186,,0
549,165.8,2.205,1.216,-174.96,22.64,-0.9572,0.2651,0.1666,,0
550,703.7,0.011,1.332,-306.06,24.8,-0.4419,0.2904,0.2088,,0
551,513.3,0.148,1.216,-13.86,22.63,0.6058,0.265,0.1279,,0
552,297.8,-0.141,0.637,34.69,11.86,0.3476,0.1389,0.4639,,1
553,284.1,-0.028,0.637,35.69,11.86,0.4922,0.1389,0.2254,,0
554,284.2,-0.522,0.835,3.19,15.55,0.754,0.1821,0.2407,,0
555,534.2,-0.206,0.436,29.13,8.12,0.1702,0.0951,0.6075,,1
556,194.5,0.918,1.024,-150.55,19.05,-0.7396,0.2231,0.2025,,0
557,524.9,0.207,1.174,-13.59,21.86,0.3508,0.2559,0.1795,,0
558,12.2,0.887,0.656,-36.0,12.21,0.4178,0.143,0.3247,,0
559,228.2,2.493,0.896,-151.96,16.68,-0.3517,0.1953,0.1627,,0
560,2.1,0.232,1.176,-60.2,21.9,-0.1692,0.2564,0.1181,,0
561,273.7,-0.084,0.787,-4.55,14.65,0.6887,0.1715,0.2563,,0
562,354.5,0.145,0.629,28.29,11.7,0.3172,0.137,0.0985,,0
563,316.1,0.26,0.651,16.06,12.12,0.149,0.142,0.1178,,0
564,617.9,0.551,0.477,30.58,8.88,0.4024,0.104,0.4497,,1
565,428.9,1.139,0.652,51.08,12.14,0.463,0.1421,0.2479,,0
566,35.3,-0.615,1.25,-61.93,23.28,0.0137,0.2725,0.101,,0
567,240.1,-0.255,0.558,15.47,10.38,0.2039,0.1215,0.171,,0
568,324.1,2.331,1.156,-158.43,21.51,-0.123,0.2519,0.1654,,0
569,300.0,-0.166,0.635,24.37,11.81,0.3369,0.1383,0.3303,,0
570,308.8,-0.263,0.704,39.82,13.11,0.4028,0.1535,0.364,,1
571,376.9,3.762,0.919,-178.45,17.1,-0.1192,0.2002,0.1456,,0
572,120.4,-0.839,1.004,-28.35,18.68,0.1979,0.2188,0.3006,,0
573,473.9,1.609,0.544,55.69,10.12,0.2834,0.1185,0.1837,,0
574,549.5,0.117,1.025,-141.33,19.08,0.8847,0.2234,0.0487,,0
575,398.0,0.922,0.761,24.27,14.16,0.3612,0.1658,0.2488,,0
576,558.3,0.701,0.841,52.12,15.65,0.4598,0.1832,0.0678,,0
577,572.5,0.206,0.763,33.44,14.2,0.3592,0.1663,0.1966,,0
578,582.8,0.719,1.148,-139.28,21.38,0.6302,0.2503,0.0946,,0
579,421.5,2.035,1.676,-205.81,31.2,-0.4525,0.3654,0.1928,,0
580,423.1,1.795,1.33,-219.43,24.75,-0.2556,0.2898,0.0193,,0
581,404.7,0.615,0.661,25.02,12.31,0.1708,0.1442,0.3953,,1
582,440.4,1.175,0.638,60.85,11.87,0.6159,0.139,0.214,,0
583,731.1,0.256,0.684,40.06,12.72,0.1335,0.149,0.2872,,0
584,662.2,0.473,0.436,21.38,8.11,0.0834,0.0949,0.4145,,1
585,219.5,1.88,0.925,-79.97,17.23,0.1913,0.2017,0.0998,,0
586,22.2,1.072,0.836,-48.89,15.57,0.3243,0.1823,0.1517,,0
587,277.5,-0.569,0.554,18.85,10.31,0.4953,0.1208,0.3062,,0
588,238.0,-0.694,0.749,40.18,13.95,0.3415,0.1633,0.3292,,0
589,480.1,0.129,1.129,-62.56,21.01,-0.8154,0.246,0.161,,0
590,558.0,1.049,0.507,53.72,9.44,0.5205,0.1106,0.3027,,0
591,720.3,-0.097,1.335,-321.48,24.84,-0.7112,0.2909,0.1116,,0
592,420.5,0.235,0.623,16.01,11.59,0.4047,0.1358,0.1114,,0
593,162.2,2.082,0.791,-48.68,14.73,0.1672,0.1725,0.2644,,0
594,56.7,0.559,1.264,-79.77,23.53,0.2455,0.2755,0.0524,,0
595,241.0,2.739,1.303,-186.09,24.25,-0.8266,0.284,0.0104,,0
596,99.1,1.59,1.28,-105.74,23.83,-0.4818,0.279,0.1277,,0
597,647.3,1.458,0.534,35.46,9.94,0.5799,0.1164,0.3303,,0
598,264.3,2.865,0.889,-33.24,16.54,0.4246,0.1937,0.0949,,0
599,209.5,1.466,0.629,-47.32,11.71,0.4412,0.1371,0.1322,,0
600,9.0,0.636,0.974,-49.37,18.13,0.3809,0.2122,0.065,,0
601,423.3,0.867,0.626,39.71,11.65,0.4313,0.1365,0.2373,,0
602,230.5,1.736,1.184,-149.58,22.04,-0.7008,0.258,0.1688,,0
603,152.6,1.719,0.907,-58.8,16.88,0.2915,0.1977,0.1251,,0
604,228.1,0.259,0.731,-102.59,13.6,-0.3844,0.1592,0.1203,,0
605,389.6,0.594,0.596,17.6,11.09,0.2778,0.1299,0.1842,,0
606,205.0,1.595,0.646,-33.62,12.02,0.4767,0.1407,0.2513,,0
607,283.7,-0.177,0.561,22.73,10.45,0.5833,0.1223,0.3245,,0
608,499.7,-0.885,0.451,33.63,8.4,0.2479,0.0984,0.3562,,1
609,273.6,-0.923,0.545,21.78,10.14,0.278,0.1187,0.358,,1
610,241.6,0.249,0.961,-61.41,17.89,0.2469,0.2095,0.1955,,0
611,840.1,-1.905,1.495,-2.34,27.82,-0.799,0.3257,0.0962,,0
612,397.6,3.472,0.988,-171.48,18.39,0.225,0.2153,0.0724,,0
613,49.3,0.053,0.709,-10.08,13.19,0.3174,0.1545,0.2703,,0
614,302.0,1.749,1.257,-119.66,23.4,0.1758,0.2739,0.2351,,0
615,573.2,0.858,1.128,-143.2,20.99,0.9146,0.2458,0.1373,,0
616,331.7,1.683,1.341,-209.12,24.96,-0.5497,0.2923,0.0682,,0
617,552.9,-0.18,0.59,19.64,10.97,0.1324,0.1285,0.4257,,1
618,390.6,3.447,0.983,-168.21,18.3,0.177,0.2143,0.0921,,0
619,564.5,-0.43,0.436,16.58,8.11,0.2479,0.0949,0.5828,,1
620,138.5,3.214,0.847,-61.98,15.78,0.3643,0.1847,0.176,,0
621,106.1,1.613,1.336,-111.43,24.87,-0.5788,0.2912,0.1383,,0
622,92.0,0.351,1.134,-85.62,21.11,0.0789,0.2472,0.1977,,0
623,318.6,-1.238,0.544,30.25,10.14,0.4516,0.1187,0.2827,,0
624,509.7,1.584,0.337,40.33,6.27,0.3025,0.0734,0.5873,,1
625,185.4,1.852,0.923,-154.36,17.18,-0.3482,0.2012,0.2281,,0
626,737.5,0.688,1.267,-234.52,23.59,-0.1571,0.2762,0.1031,,0
627,230.5,-0.236,0.694,13.05,12.91,0.2281,0.1512,0.0486,,0
628,396.9,2.64,1.274,-216.78,23.72,0.0304,0.2777,0.0623,,0
629,188.7,0.356,0.882,-1.73,16.41,0.4654,0.1921,0.1876,,0
630,223.3,0.114,0.909,-87.02,16.92,-0.172,0.1982,0.1172,,0
631,235.8,-1.638,0.391,35.22,7.27,0.477,0.0851,0.5523,,1
632,256.6,0.255,0.897,-75.91,16.69,0.1309,0.1955,0.0543,,0
633,145.5,3.382,0.867,-51.14,16.14,0.1082,0.189,0.1011,,0
634,726.6,0.41,0.621,45.07,11.56,0.1288,0.1354,0.5178,,1
635,344.7,0.866,0.932,-90.72,17.35,0.1401,0.2031,0.1379,,0
636,147.5,2.222,0.705,-35.36,13.13,0.3935,0.1537,0.2941,,0
637,29.5,1.783,1.625,-100.03,30.24,-0.3901,0.3541,0.1468,,0
638,452.9,0.362,0.477,55.43,8.88,0.366,0.104,0.3095,,0
639,151.6,-0.578,0.476,-0.5,8.85,0.3402,0.1036,0.4562,,1
640,104.3,1.76,0.85,-36.25,15.83,0.2619,0.1854,0.2378,,0
641,396.1,0.791,0.6,10.61,11.17,0.2268,0.1308,0.0663,,0
642,471.6,2.774,1.053,-189.43,19.6,-0.3191,0.2295,0.028,,0
643,718.4,0.696,1.315,-218.19,24.48,-0.03,0.2867,0.0759,,0
644,155.5,-0.388,0.593,-9.11,11.04,0.2823,0.1293,0.2161,,0
645,169.2,1.333,0.816,-32.66,15.19,0.1992,0.1779,0.3468,,0
646,756.1,-1.33,1.549,-29.92,28.83,-0.0537,0.3376,0.1422,,0
647,20.4,-0.497,1.771,-73.75,32.97,0.0036,0.3861,0.0041,,0
648,202.6,0.45,0.953,-14.46,17.74,0.482,0.2077,0.1735,,0
649,187.9,1.011,0.695,-133.64,12.93,-0.3511,0.1514,0.1559,,0
650,543.8,-0.146,0.416,31.38,7.75,0.2237,0.0908,0.5913,,1
651,112.1,1.948,1.033,-45.26,19.22,0.2443,0.2251,0.2369,,0
652,11.0,2.625,0.734,-58.96,13.67,0.2146,0.16,0.1812,,0
653,582.4,-1.297,1.584,-31.86,29.49,-0.894,0.3453,0.1532,,0
654,299.1,0.03,0.598,24.31,11.13,0.2859,0.1303,0.2808,,0
655,200.0,1.319,0.732,-28.79,13.63,0.5038,0.1596,0.2377,,0
656,330.6,1.119,0.946,-93.14,17.61,0.2883,0.2062,0.0911,,0
657,540.1,1.687,0.697,39.39,12.98,0.336,0.1519,0.0616,,0
658,315.0,0.651,0.512,18.95,9.53,0.599,0.1115,0.3564,,1
659,195.4,1.674,0.578,-39.66,10.76,0.4265,0.126,0.2962,,0
660,592.5,1.712,0.389,31.08,7.25,0.4429,0.0849,0.4815,,1
661,494.2,-0.172,1.297,-21.28,24.14,0.3915,0.2827,0.226,,0
662,275.7,-0.458,0.539,39.44,10.03,0.4119,0.1175,0.5293,,1
663,287.7,-1.146,0.702,-105.4,13.07,-0.5733,0.1531,0.0809,,0
664,720.4,-0.973,1.33,-230.45,24.76,-0.0877,0.2899,0.0915,,0
665,183.7,-0.069,0.405,24.7,7.53,0.573,0.0882,0.3909,,1
666,400.3,2.767,1.11,-63.56,20.67,0.1958,0.242,0.1874,,0
667,247.2,2.895,1.302,-196.8,24.24,-0.7789,0.2839,0.2248,,0
668,535.4,1.04,0.438,42.34,8.15,0.3914,0.0955,0.4191,,1
669,671.0,1.45,0.685,41.92,12.75,0.2664,0.1492,0.3202,,0
670,0.4,-0.013,1.369,-89.17,25.49,-0.331,0.2985,0.1628,,0
671,507.6,-1.89,0.672,32.83,12.51,-0.1237,0.1465,0.2522,,0
672,2.0,0.283,0.717,-36.87,13.34,0.3833,0.1562,0.2156,,0
673,488.9,0.71,0.487,45.99,9.06,0.4626,0.1061,0.453,,1
674,351.2,0.861,0.571,42.55,10.63,0.4505,0.1245,0.3102,,0
675,134.0,-0.389,0.868,-96.73,16.15,-0.5402,0.1891,0.1414,,0
676,4.5,1.268,0.659,-47.56,12.26,0.3858,0.1435,0.2034,,0
677,375.7,1.749,1.264,-215.96,23.53,-0.1897,0.2755,0.1411,,0
678,176.7,1.52,1.014,-157.5,18.88,-0.6868,0.221,0.2134,,0
679,536.3,-0.475,0.416,18.91,7.75,0.0339,0.0907,0.567,,1
680,179.9,1.485,1.074,-152.62,20.0,-0.7158,0.2341,0.162,,0
681,406.5,1.784,1.235,-200.58,22.99,-0.0301,0.2692,0.0804,,0
682,521.0,-0.265,0.549,33.88,10.22,0.2706,0.1196,0.3542,,1
683,251.4,1.562,0.924,-141.7,17.2,-0.3429,0.2014,0.1045,,0
684,19.4,0.367,0.842,-9.44,15.67,0.381,0.1835,0.083,,0
685,579.9,-1.066,1.072,-267.42,19.96,-0.9922,0.2337,0.1305,,0
686,310.0,1.719,1.204,-142.84,22.41,0.3067,0.2623,0.0344,,0
687,517.1,-1.795,1.544,-239.21,28.74,-0.1972,0.3366,0.1745,,0
688,39.6,0.298,1.173,-74.84,21.84,0.5816,0.2557,0.0503,,0
689,557.8,-0.839,1.688,-25.74,31.42,-0.912,0.3678,0.0358,,0
690,293.1,1.494,1.214,-189.57,22.6,-0.2134,0.2646,0.1205,,0
691,262.5,0.048,0.502,24.93,9.35,0.3321,0.1094,0.2437,,0
692,562.5,-0.216,0.627,20.52,11.67,0.1788,0.1366,0.4088,,1
693,123.7,-1.267,0.827,37.73,15.39,0.4471,0.1802,0.2597,,0
694,207.0,-0.356,0.517,14.39,9.62,0.4833,0.1127,0.2846,,0
695,396.7,0.494,0.529,33.14,9.85,0.303,0.1153,0.38,,1
696,674.2,0.153,0.482,23.38,8.97,-0.0011,0.1051,0.3495,,0
697,347.0,-1.487,1.059,-65.8,19.72,-0.6427,0.2309,0.0711,,0
698,429.4,0.825,1.183,-110.14,22.03,0.334,0.2579,0.1,,0
699,181.7,1.122,0.961,-66.78,17.88,0.3613,0.2094,0.194,,0
700,246.1,-1.143,0.417,29.98,7.77,0.4116,0.0909,0.5793,,1
701,642.4,0.154,1.292,-286.81,24.04,-0.678,0.2815,0.127,,0
702,36.9,2.461,1.033,-115.95,19.23,-0.4189,0.2251,0.1636,,0
703,264.2,-0.525,0.626,31.92,11.65,0.3293,0.1364,0.1159,,0
704,29.2,0.596,0.951,-41.31,17.7,0.5213,0.2072,0.0144,,0
705,29.7,2.507,0.882,-32.81,16.41,0.6356,0.1921,0.0812,,0
706,705.8,0.421,0.494,41.19,9.19,0.408,0.1076,0.3993,,1
707,237.4,-0.871,0.614,8.14,11.42,0.2103,0.1338,0.1511,,0
708,192.0,2.113,0.82,-121.86,15.26,-0.211,0.1787,0.2262,,0
709,223.7,1.44,0.848,-20.79,15.79,0.743,0.1849,0.1312,,0
710,300.4,2.037,1.194,-144.94,22.22,0.1017,0.2602,0.1308,,0
711,300.1,1.417,1.22,-181.83,22.71,-0.1579,0.2659,0.2015,,0
712,189.8,-0.53,0.706,18.3,13.14,0.3425,0.1539,0.2045,,0
713,562.9,-0.519,0.494,43.75,9.2,0.471,0.1077,0.5589,,1
714,656.9,0.701,0.72,39.37,13.41,0.3105,0.157,0.0261,,0
715,503.8,0.345,1.132,-18.74,21.08,0.4811,0.2468,0.1242,,0
716,455.0,3.487,0.871,-204.33,16.21,-0.3726,0.1898,0.0746,,0
717,692.9,-0.458,0.635,22.67,11.82,-0.3136,0.1384,0.1196,,0
718,595.0,2.461,0.342,37.5,6.36,0.3805,0.0745,0.526,,1
719,406.7,2.086,0.43,43.18,8.01,0.4871,0.0938,0.5268,,1
720,564.2,0.735,1.645,-36.98,30.62,-0.821,0.3585,0.0574,,0
721,273.9,-1.104,0.553,36.99,10.29,0.5216,0.1205,0.5068,,1
722,545.8,-0.349,0.552,27.79,10.27,0.2117,0.1203,0.5903,,1
723,927.8,-1.533,1.727,-252.11,32.15,-0.0672,0.3764,0.1014,,0
724,478.4,2.331,0.59,32.29,10.99,0.2824,0.1287,0.4071,,1
725,238.5,0.577,1.008,22.06,18.76,0.6009,0.2196,0.2894,,0
726,16.5,0.724,0.919,-30.4,17.11,0.4559,0.2004,0.253,,0
727,74.1,0.735,1.27,-138.22,23.64,-0.8661,0.2768,0.1304,,0
728,304.4,1.69,1.114,-92.2,20.73,0.1174,0.2428,0.1131,,0
729,417.8,1.114,0.836,56.44,15.55,0.5377,0.1821,0.1388,,0
730,348.5,-1.567,0.733,24.84,13.65,-0.0226,0.1598,0.379,,1
731,365.2,-0.637,1.024,-91.07,19.06,-0.5059,0.2232,0.2039,,0
732,160.7,-0.786,0.941,-38.68,17.51,0.0226,0.2051,0.1257,,0
733,315.7,-1.538,0.874,-88.39,16.27,-0.6949,0.1904,0.0836,,0
734,248.2,-0.355,0.619,24.74,11.53,0.6673,0.1349,0.3289,,0
735,251.1,0.933,0.917,-57.53,17.06,0.2156,0.1998,0.1684,,0
736,314.5,2.361,1.156,-152.8,21.51,0.2677,0.2519,0.1263,,0
737,406.7,1.948,0.478,43.89,8.89,0.3091,0.1041,0.4585,,1
738,226.2,2.394,0.575,-26.65,10.71,0.5593,0.1254,0.0964,,0
739,65.9,0.02,0.884,-18.63,16.46,0.2147,0.1927,0.3101,,0
740,571.2,1.161,1.212,-146.19,22.56,0.4748,0.2642,0.2081,,0
741,578.2,1.164,1.212,-146.25,22.56,0.4752,0.2641,0.2021,,0
742,737.1,-0.441,1.443,-214.52,26.86,-0.116,0.3145,0.1293,,0
743,520.4,1.455,0.589,39.05,10.97,0.2944,0.1284,0.2879,,0
744,240.3,-0.069,0.601,-2.41,11.18,0.3665,0.131,0.1903,,0
745,612.2,0.594,0.481,33.48,8.95,0.5239,0.1048,0.4241,,1
746,389.8,1.229,1.247,-204.66,23.22,0.0157,0.2719,0.1683,,0
747,793.5,0.147,1.469,-231.73,27.35,0.008,0.3202,0.1174,,0
748,66.3,0.847,1.376,-78.96,25.61,0.6413,0.2998,0.1408,,0
749,209.7,-0.329,0.551,-0.76,10.27,0.2132,0.1202,0.3672,,1
750,275.3,-0.45,0.694,-91.4,12.92,-0.5684,0.1512,0.1002,,0
751,34.0,1.482,1.612,-80.6,30.01,-0.3372,0.3514,0.1154,,0
752,247.8,-1.427,0.578,59.91,10.76,0.4041,0.126,0.0702,,0
753,470.3,-1.136,1.253,-63.87,23.33,-0.9529,0.2731,0.1079,,0
754,564.5,0.831,0.324,29.88,6.03,0.4575,0.0707,0.6132,,1
755,232.9,-0.357,0.943,-90.12,17.55,-0.0068,0.2055,0.1234,,0
756,17.3,2.033,0.791,-53.9,14.72,0.0434,0.1723,0.1873,,0
757,422.4,-0.901,1.573,-41.19,29.29,-0.4262,0.3429,0.1215,,0
758,504.0,1.408,0.338,41.25,6.3,0.3733,0.0738,0.5703,,1
759,297.9,2.187,1.268,-154.38,23.6,-0.0372,0.2763,0.1165,,0
760,432.0,-1.442,0.639,40.24,11.9,0.2414,0.1393,0.0497,,0
761,196.9,-0.466,0.708,16.77,13.18,0.5666,0.1543,0.0654,,0
762,403.8,1.103,0.633,20.33,11.79,0.1894,0.138,0.1697,,0
763,429.3,1.414,0.457,58.07,8.51,0.6092,0.0996,0.3847,,1
764,746.6,0.393,1.263,-195.06,23.5,-0.1718,0.2752,0.1888,,0
765,246.1,0.475,1.02,20.48,18.99,1.0351,0.2224,0.2764,,0
766,400.8,-0.789,0.609,20.75,11.33,-0.0487,0.1326,0.5202,,1
767,711.3,0.706,1.431,-227.01,26.63,-0.0668,0.3119,0.1129,,0
768,132.1,0.664,0.638,-25.21,11.88,0.5666,0.1392,0.2467,,0
769,33.7,0.903,0.805,-21.2,14.98,0.5566,0.1754,0.0954,,0
770,61.4,0.798,1.288,-86.82,23.97,-0.1741,0.2807,0.0823,,0
771,409.2,0.705,0.704,29.81,13.11,0.4806,0.1535,0.2072,,0
772,402.1,0.706,0.705,29.76,13.13,0.4805,0.1537,0.2079,,0
773,561.6,0.998,1.139,-141.91,21.21,0.5733,0.2483,0.1935,,0
774,560.0,1.132,0.659,5.84,12.27,0.0273,0.1437,0.1559,,0
775,325.7,1.662,1.283,-137.27,23.89,0.3053,0.2797,0.131,,0
776,151.7,1.575,0.565,-13.88,10.51,0.5553,0.1231,0.3812,,1
777,332.5,1.586,0.763,26.91,14.2,0.4989,0.1663,0.3089,,0
778,749.1,-1.864,1.566,-28.63,29.15,-0.3603,0.3414,0.0741,,0
779,488.5,-0.055,0.711,8.06,13.24,0.0036,0.155,0.4612,,1
780,163.9,1.858,0.579,-14.74,10.77,0.6446,0.1261,0.2826,,0
781,330.8,0.687,0.44,47.43,8.19,0.6805,0.0959,0.4076,,1
782,235.7,1.841,0.698,-23.27,13.0,0.6608,0.1522,0.279,,0
783,574.7,-1.501,1.606,-23.64,29.9,-0.8401,0.35,0.0871,,0
784,103.6,0.871,1.4,-151.9,26.06,-0.5916,0.3051,0.0201,,0
785,132.7,1.933,0.673,-34.62,12.52,0.4767,0.1466,0.3519,,1
786,730.0,-1.003,1.29,-217.96,24.02,-0.1507,0.2812,0.1379,,0
787,399.6,1.335,0.59,40.53,10.97,0.4137,0.1285,0.314,,0
788,182.7,-0.577,0.597,10.66,11.11,0.2346,0.1301,0.5435,,1
789,58.0,1.277,0.996,-90.64,18.54,-0.2032,0.2171,0.1359,,0
790,176.7,1.2,0.8,-46.85,14.9,0.6796,0.1744,0.2549,,0
791,256.5,1.111,0.654,21.35,12.18,0.2691,0.1426,0.0498,,0
792,230.4,0.26,1.053,-116.2,19.59,-0.0037,0.2294,0.0372,,0
793,65.9,0.915,0.921,-20.34,17.15,0.4889,0.2008,0.1661,,0
794,188.3,2.356,0.682,-46.18,12.7,0.315,0.1487,0.1555,,0
795,63.4,0.224,1.144,-38.06,21.3,0.3782,0.2494,0.1176,,0
796,67.6,1.72,1.188,-106.72,22.12,-0.3555,0.2589,0.2498,,0
797,833.1,-2.057,1.461,10.13,27.2,-0.8019,0.3185,0.1008,,0
798,177.7,-0.272,0.862,-10.05,16.05,-0.2174,0.1879,0.22,,0
799,240.0,-0.307,0.978,-91.56,18.2,0.0286,0.2131,0.2413,,0
800,3.5,2.531,0.887,-45.44,16.51,0.5805,0.1934,0.2787,,0
801,356.5,-2.797,1.543,-43.77,28.72,-0.1298,0.3362,0.1224,,0
802,774.4,0.944,0.692,41.98,12.88,0.5979,0.1508,0.1534,,0
803,659.5,1.54,0.54,37.36,10.05,0.4209,0.1176,0.3817,,1
804,609.1,0.141,0.568,42.39,10.57,0.2981,0.1237,0.3576,,1
805,25.8,0.691,1.358,-91.33,25.28,-0.2021,0.296,0.2258,,0
806,266.9,1.141,1.074,-56.5,19.98,0.0904,0.234,0.0902,,0
807,495.9,0.331,0.583,31.11,10.86,0.4563,0.1272,0.109,,0
808,215.1,0.741,0.95,-24.72,17.69,-0.364,0.2071,0.1595,,0
809,510.1,-0.698,0.904,0.67,16.84,0.2263,0.1971,0.0344,,0
810,248.6,-0.237,0.995,-46.88,18.53,0.3172,0.2169,0.1003,,0
811,311.6,1.74,1.311,-131.96,24.41,0.1635,0.2858,0.143,,0
812,259.2,-0.838,0.608,34.27,11.32,0.3954,0.1326,0.3046,,0
813,156.3,1.521,0.899,-61.97,16.73,0.0978,0.1958,0.0587,,0
814,77.0,2.406,1.134,-156.02,21.11,-0.7125,0.2472,0.0807,,0
815,63.6,1.366,0.612,-25.19,11.39,0.4012,0.1334,0.3248,,0
816,258.5,2.141,0.915,-164.81,17.03,-0.2664,0.1994,0.1534,,0
817,592.3,1.017,1.144,-154.14,21.3,0.61,0.2494,0.0542,,0
818,77.9,1.981,1.146,-78.83,21.33,0.3087,0.2498,0.0957,,0
819,364.8,3.7,0.935,-163.21,17.4,-0.1633,0.2037,0.0565,,0
820,318.4,-2.174,0.994,-66.07,18.5,-0.8027,0.2166,0.1679,,0
821,144.0,2.116,0.916,-20.25,17.06,0.1112,0.1997,0.1566,,0
822,295.8,0.062,0.712,-101.0,13.25,-0.5745,0.1552,0.1017,,0
823,254.1,-0.327,0.942,-93.54,17.53,0.0408,0.2052,0.1574,,0
824,776.9,-0.479,1.466,-206.14,27.29,-0.051,0.3196,0.133,,0
825,46.3,0.723,1.091,-99.28,20.3,-0.4702,0.2377,0.2354,,0
826,25.8,-0.606,1.243,-53.49,23.14,0.0462,0.271,0.1107,,0
827,425.6,1.378,1.52,-218.94,28.3,-0.1045,0.3313,0.1728,,0
828,273.9,1.601,1.451,-135.49,27.0,-0.165,0.3162,0.1283,,0
829,297.3,2.075,1.213,-96.53,22.59,0.2352,0.2645,0.1266,,0
830,120.4,1.733,0.831,-22.33,15.47,0.5918,0.1812,0.0346,,0
831,236.2,-0.638,0.675,35.08,12.57,0.7493,0.1472,0.3498,,0
832,413.5,1.54,1.33,-214.44,24.76,-0.0701,0.2899,0.0569,,0
833,85.0,1.108,1.193,-74.03,22.2,0.2203,0.2599,0.0231,,0
834,36.7,2.0,0.793,-113.88,14.76,-0.396,0.1728,0.228,,0
835,316.6,-0.731,0.567,36.93,10.55,0.381,0.1235,0.4221,,1
836,344.0,0.365,0.47,48.11,8.75,0.4405,0.1025,0.4686,,1
837,732.0,1.793,0.619,35.44,11.52,0.3045,0.1349,0.1232,,0
838,116.7,1.109,0.776,-29.83,14.44,0.4695,0.1691,0.045,,0
839,208.9,-0.726,0.734,19.59,13.67,0.4032,0.16,0.243,,0
840,258.2,0.178,0.991,-62.53,18.44,0.1404,0.2159,0.1887,,0
841,16.9,1.015,1.146,-70.19,21.33,0.6815,0.2497,0.0677,,0
842,541.3,-0.122,0.436,31.8,8.13,0.149,0.0951,0.6334,,1
843,391.9,0.847,0.573,53.14,10.68,0.4901,0.125,0.2419,,0
844,635.8,0.196,1.153,-285.05,21.46,-0.6793,0.2513,0.074,,0
845,155.5,2.09,0.906,-68.5,16.87,0.2579,0.1975,0.1224,,0
846,376.6,0.007,0.428,23.22,7.97,0.3425,0.0934,0.4515,,1
847,577.4,0.82,1.326,-288.49,24.68,-0.6141,0.289,0.1029,,0
848,49.2,-0.107,1.099,-65.58,20.46,0.6132,0.2396,0.1093,,0
849,31.7,0.624,1.258,-101.58,23.42,0.0566,0.2742,0.2492,,0
850,38.7,0.635,1.184,-103.4,22.03,0.0353,0.258,0.1685,,0
851,273.4,0.802,0.618,45.91,11.5,0.1663,0.1347,0.0811,,0
852,114.3,0.917,1.411,-99.36,26.27,0.1503,0.3076,0.0671,,0
853,306.9,0.326,1.091,-82.96,20.31,-0.0048,0.2378,0.1693,,0
854,343.6,0.467,1.423,-234.97,26.49,-0.6598,0.3102,0.0222,,0
855,422.3,0.638,1.252,-105.07,23.31,0.3981,0.2729,0.1766,,0
856,155.6,2.49,0.978,-34.92,18.2,0.1523,0.2131,0.1295,,0
857,263.6,-0.57,0.906,-89.29,16.86,0.0788,0.1974,0.0269,,0
858,490.2,-0.219,0.464,26.93,8.63,0.3325,0.101,0.2579,,0
859,522.5,2.056,1.422,-79.53,26.47,0.5764,0.31,0.1464,,0
860,139.1,-0.287,1.358,-98.79,25.28,-0.0781,0.296,0.2314,,0
861,163.6,2.363,1.24,-170.5,23.08,-0.8894,0.2703,0.0732,,0
862,199.1,2.131,0.729,-125.55,13.58,-0.1375,0.159,0.2243,,0
863,225.5,-0.192,0.611,42.2,11.37,0.3096,0.1331,0.0684,,0
864,574.3,1.071,0.456,32.97,8.49,0.3352,0.0994,0.5577,,1
865,245.3,1.465,0.577,-49.55,10.74,0.4491,0.1258,0.1847,,0
866,222.8,2.043,0.77,-122.97,14.34,-0.127,0.1679,0.1853,,0
867,351.5,-0.629,0.846,-61.34,15.76,-0.8406,0.1845,0.0747,,0
868,322.5,-1.378,0.962,-69.2,17.91,-0.6986,0.2096,0.1594,,0
869,343.5,1.676,0.558,33.23,10.39,0.4488,0.1216,0.2129,,0
870,294.8,-0.464,0.849,36.4,15.81,0.5626,0.1851,0.2193,,0
871,232.3,2.2,0.935,-142.07,17.4,-0.2229,0.2038,0.2273,,0
872,153.1,-0.754,1.017,-107.25,18.94,-0.6889,0.2218,0.2022,,0
873,190.4,1.324,0.942,-43.64,17.54,0.3439,0.2054,0.2663,,0
874,242.1,-0.998,0.664,22.12,12.35,0.1689,0.1446,0.5157,,1
875,75.0,1.541,1.014,-40.4,18.88,-0.022,0.2211,0.1433,,0
876,95.2,2.675,0.928,-45.37,17.27,0.3293,0.2023,0.0979,,0
877,233.6,-0.544,0.803,-83.89,14.95,-0.5835,0.1751,0.1817,,0
878,164.5,1.4,0.793,-104.8,14.76,-0.4371,0.1728,0.1707,,0
879,287.4,-0.591,0.687,24.48,12.79,0.2718,0.1497,0.2762,,0
880,31.5,0.756,1.595,-89.44,29.69,-0.3261,0.3476,0.1212,,0
881,373.9,0.867,0.403,54.51,7.5,0.5377,0.0878,0.514,,1
882,280.5,-0.794,0.718,-92.21,13.36,-0.6084,0.1565,0.141,,0
883,394.4,1.669,1.076,-223.81,20.03,-0.5481,0.2345,0.0313,,0
884,651.9,1.355,0.566,46.02,10.53,0.1215,0.1233,0.1701,,0
885,662.9,-0.228,1.325,48.19,24.67,-0.1558,0.2888,0.0376,,0
886,88.1,1.973,1.12,-127.78,20.85,-0.1794,0.2441,0.264,,0
887,23.0,1.939,0.935,-135.25,17.41,-0.5467,0.2038,0.1655,,0
888,362.8,1.488,0.406,48.66,7.55,0.5822,0.0884,0.4848,,1
889,130.8,-1.246,0.959,21.96,17.85,0.5731,0.209,0.1313,,0
890,32.6,0.602,1.094,-73.42,20.37,0.5737,0.2386,0.1524,,0
891,223.2,-0.302,0.772,-85.82,14.37,-0.4604,0.1682,0.0607,,0
892,218.1,-1.052,0.713,10.92,13.27,0.447,0.1553,0.1953,,0
893,585.4,0.985,0.625,42.55,11.64,0.314,0.1362,0.3701,,1
894,2.7,1.278,1.067,-81.93,19.86,0.2734,0.2325,0.1399,,0
895,241.0,2.322,0.842,8.22,15.67,0.7422,0.1835,0.085,,0
896,505.1,0.396,0.706,4.9,13.14,-0.0268,0.1539,0.4528,,1
897,567.2,-2.355,1.694,-31.32,31.54,-0.9107,0.3693,0.0807,,0
898,385.0,0.397,0.568,47.63,10.57,0.494,0.1238,0.2581,,0
899,254.6,0.006,0.755,37.21,14.05,0.3821,0.1645,0.1844,,0
900,419.2,2.454,1.136,-175.68,21.15,-0.5006,0.2476,0.208,,0
901,114.8,0.522,0.57,-5.85,10.62,0.313,0.1243,0.3197,,0
902,292.0,-0.236,0.648,26.84,12.05,0.2088,0.1411,0.094,,0
903,15.1,1.095,0.828,-47.65,15.42,0.2525,0.1805,0.1643,,0
904,23.4,2.148,1.119,-125.49,20.83,-0.2923,0.2439,0.195,,0
905,524.1,-1.845,1.485,-241.66,27.65,0.0583,0.3238,0.0577,,0
906,663.9,1.243,0.61,42.55,11.36,0.3068,0.1331,0.4337,,1
907,201.6,1.793,0.861,-130.05,16.03,-0.3458,0.1876,0.1867,,0
908,538.8,-0.038,0.505,21.35,9.4,0.2192,0.11,0.5542,,1
909,354.2,0.666,1.031,-104.39,19.19,0.3672,0.2247,0.0611,,0
910,740.7,-0.777,0.811,63.38,15.09,0.045,0.1767,0.1342,,0
911,261.7,-0.85,0.616,8.59,11.46,0.0511,0.1342,0.1924,,0
912,175.4,1.744,0.766,-116.14,14.27,-0.0892,0.167,0.2873,,0
913,259.1,-0.17,0.714,27.8,13.29,0.1838,0.1557,0.1418,,0
914,73.3,1.629,1.313,-95.92,24.44,0.396,0.2862,0.1007,,0
915,251.7,1.174,0.765,-28.89,14.24,0.4806,0.1667,0.1476,,0
916,746.6,-1.654,1.446,-21.9,26.92,-0.3825,0.3152,0.2042,,0
917,205.1,0.054,1.0,-157.18,18.62,-0.6332,0.2181,0.1761,,0
918,165.8,1.979,0.848,-116.98,15.78,-0.121,0.1848,0.2678,,0
919,43.8,1.513,0.889,-32.35,16.56,0.1402,0.1939,0.1536,,0
920,264.8,2.169,1.295,-151.59,24.1,-0.6078,0.2822,0.0876,,0
921,298.1,-1.684,0.928,-76.95,17.28,-0.6447,0.2024,0.0854,,0
922,63.0,0.919,0.914,-10.52,17.01,0.5412,0.1992,0.1043,,0
923,693.3,-0.243,0.711,32.29,13.24,0.1383,0.155,0.1098,,0
924,661.9,-0.012,1.367,-283.87,25.45,-0.5811,0.298,0.1223,,0
925,163.6,-0.66,0.671,-1.67,12.49,0.0097,0.1463,0.168,,0
926,487.2,0.979,1.274,-26.03,23.72,0.5036,0.2777,0.3255,,0
927,305.8,0.242,0.788,-2.47,14.67,0.6731,0.1717,0.1476,,0
928,268.5,-0.955,0.758,-95.41,14.11,-0.7546,0.1652,0.0284,,0
929,138.0,1.869,0.803,-42.94,14.94,0.4296,0.175,0.2688,,0
930,257.3,3.256,0.912,-21.55,16.98,0.3722,0.1988,0.1243,,0
931,649.4,0.855,0.386,51.03,7.18,0.2366,0.0841,0.5315,,1
932,51.4,0.702,0.701,-22.23,13.05,0.3393,0.1528,0.2531,,0
933,169.8,-0.457,0.682,19.34,12.69,0.4174,0.1486,0.1026,,0
934,275.4,-0.522,0.741,30.93,13.8,0.2769,0.1616,0.0877,,0
935,481.6,1.962,1.346,-209.98,25.06,-0.1936,0.2935,0.1023,,0
936,466.1,1.805,0.722,20.55,13.44,0.8217,0.1573,0.1957,,0
937,690.1,1.685,0.893,24.17,16.62,0.4389,0.1946,0.2289,,0
938,434.9,-0.094,0.498,47.56,9.26,0.4352,0.1085,0.504,,1
939,890.0,-0.586,1.555,-279.0,28.94,-0.094,0.3388,0.2027,,0
940,226.0,-0.029,0.872,47.01,16.24,0.3887,0.1901,0.3711,,1
941,201.2,0.511,0.694,28.29,12.92,0.7633,0.1513,0.3206,,0
942,756.2,-0.295,1.486,-216.48,27.67,-0.114,0.3239,0.0931,,0
943,407.2,1.277,0.466,41.47,8.68,0.3632,0.1017,0.4127,,1
944,197.5,0.974,0.774,-139.42,14.4,-0.6486,0.1686,0.1442,,0
945,508.3,0.382,1.385,-18.95,25.78,0.2427,0.3019,0.1605,,0
946,292.7,-1.218,0.732,-91.42,13.63,-0.6503,0.1596,0.0845,,0
947,266.3,-0.449,0.729,41.66,13.58,0.2961,0.159,0.3996,,1
948,345.2,-0.829,0.952,-69.94,17.72,-0.8346,0.2075,0.1181,,0
949,243.0,1.89,0.55,-38.34,10.24,0.5197,0.1198,0.2314,,0
950,337.6,0.927,0.946,-87.4,17.61,0.183,0.2061,0.1963,,0
951,531.0,1.265,0.385,54.8,7.17,0.5974,0.084,0.457,,1
952,150.1,1.217,0.799,-52.06,14.86,0.3387,0.1741,0.0753,,0
953,535.7,0.358,0.508,39.21,9.46,0.4833,0.1108,0.1322,,0
954,425.4,0.12,0.611,18.74,11.37,0.5448,0.1331,0.2267,,0
955,156.2,0.752,1.534,-39.95,28.55,-0.2295,0.3343,0.0924,,0
956,230.0,1.452,1.287,-39.98,23.95,0.6106,0.2804,0.0853,,0
957,241.5,-0.526,0.519,39.68,9.67,0.3074,0.1132,0.3555,,1
958,355.8,0.547,0.572,40.64,10.65,0.3251,0.1246,0.2772,,0
959,141.9,0.165,0.581,0.78,10.82,0.4144,0.1267,0.3532,,1
960,208.6,2.164,0.735,-128.25,13.68,-0.1995,0.1602,0.1275,,0
961,454.0,-1.081,1.46,-254.06,27.18,-0.9917,0.3182,0.1427,,0
962,414.3,0.156,0.476,18.75,8.87,0.0502,0.1038,0.4184,,1
963,341.4,-1.446,0.647,27.49,12.04,0.2228,0.141,0.3935,,1
964,214.9,-0.945,0.868,-92.51,16.15,-0.6397,0.1891,0.1815,,0
965,159.2,-1.156,0.618,5.25,11.51,0.2318,0.1347,0.2785,,0
966,51.8,-0.278,0.824,-38.76,15.34,0.2946,0.1796,0.1822,,0
967,176.1,-1.186,1.442,-116.54,26.85,-0.6244,0.3144,0.0839,,0
968,238.1,2.169,1.108,-76.46,20.62,0.2743,0.2414,0.092,,0
969,79.5,0.484,1.374,-138.78,25.57,-0.1804,0.2994,0.2641,,0
970,99.6,-0.664,1.001,-36.74,18.63,0.2529,0.2181,0.3142,,0
971,198.2,-0.709,0.751,-105.18,13.99,-0.5437,0.1638,0.0959,,0
972,118.3,0.192,1.163,-73.36,21.64,0.0208,0.2534,0.1082,,0
973,58.9,-0.328,0.887,-21.41,16.51,0.1937,0.1933,0.3518,,1
974,51.8,1.551,1.09,-130.69,20.29,-0.5302,0.2376,0.0602,,0
975,304.5,2.154,1.348,-129.61,25.09,0.0814,0.2938,0.0765,,0
976,101.6,1.796,1.095,-75.65,20.39,0.1885,0.2387,0.2215,,0
977,157.4,2.251,0.689,-22.83,12.83,0.5294,0.1502,0.1555,,0
978,479.7,1.653,0.538,26.67,10.01,0.2939,0.1172,0.1779,,0
979,306.6,0.549,0.576,20.23,10.73,-0.0474,0.1256,0.2076,,0
980,391.2,0.283,1.42,-183.77,26.42,-0.5985,0.3094,0.0667,,0
981,703.3,0.348,0.474,50.8,8.83,0.2838,0.1034,0.528,,1
982,248.2,2.648,1.283,-148.16,23.89,-0.7897,0.2797,0.0699,,0
983,55.4,0.456,0.77,-23.76,14.34,0.4051,0.1679,0.3002,,0
984,181.7,-0.699,0.705,-101.34,13.12,-0.6523,0.1537,0.0961,,0
985,213.2,1.697,0.792,-114.2,14.75,-0.3983,0.1727,0.0499,,0
986,544.4,-1.163,1.568,-17.32,29.19,-0.1338,0.3418,0.0387,,0
987,24.2,2.007,1.0,-43.82,18.61,0.3207,0.2179,0.1508,,0
988,6.8,0.37,1.066,-79.23,19.85,0.3967,0.2324,0.1723,,0
989,146.1,-0.039,1.364,-105.95,25.4,-0.1838,0.2974,0.2222,,0
990,215.4,1.158,1.121,-216.85,20.86,-0.8861,0.2442,0.1847,,0
991,259.8,1.605,1.148,-51.47,21.38,0.1526,0.2503,0.0951,,0
992,749.1,-0.645,1.279,-210.97,23.82,-0.0392,0.2789,0.0553,,0
993,431.5,0.918,0.467,33.21,8.69,0.4327,0.1017,0.3348,,0
994,683.1,1.081,0.808,42.18,15.04,0.4137,0.176,0.2135,,0
995,552.2,0.74,0.613,31.1,11.4,0.2448,0.1335,0.1097,,0
996,864.1,2.665,1.232,37.59,22.93,0.1511,0.2684,0.1683,,0
997,115.3,1.011,0.749,-32.74,13.94,0.4522,0.1632,0.3138,,0
998,380.3,2.616,1.109,-213.05,20.64,-0.1343,0.2417,0.0555,,0
999,719.5,0.461,0.699,55.72,13.01,0.189,0.1524,0.2578,,0
1000,255.3,2.526,1.18,-147.7,21.96,-0.5641,0.2572,0.0959,,0
1001,25.1,1.556,0.87,-53.95,16.2,0.0871,0.1897,0.2424,,0
1002,570.3,0.656,1.1,-293.92,20.47,-0.6572,0.2397,0.1533,,0
1003,877.1,-0.729,1.497,-258.76,27.86,-0.1301,0.3262,0.0576,,0
1004,409.0,0.817,1.328,-214.9,24.72,-0.0756,0.2894,0.2204,,0
1005,512.9,0.7,1.652,-87.19,30.76,0.609,0.3601,0.208,,0
1006,599.5,1.342,0.517,23.58,9.63,0.3028,0.1127,0.2622,,0
1007,235.1,-0.217,0.54,7.65,10.06,0.2207,0.1178,0.3877,,1
1008,664.1,0.551,1.109,47.78,20.64,0.1298,0.2417,0.179,,0
1009,150.8,1.667,1.273,-85.65,23.69,-0.5733,0.2774,0.0747,,0
1010,37.2,0.856,1.072,-146.08,19.95,-0.6419,0.2336,0.163,,0
1011,78.0,-0.304,0.999,-29.84,18.59,0.4366,0.2177,0.256,,0
1012,57.9,1.715,0.898,-118.61,16.71,-0.6089,0.1957,0.2898,,0
1013,670.0,-0.51,1.339,61.67,24.92,0.1829,0.2918,0.0427,,0
1014,264.5,0.396,1.054,-77.61,19.62,0.4476,0.2298,0.0943,,0
1015,3.9,2.755,0.774,-55.62,14.42,0.18,0.1688,0.1205,,0
1016,279.9,0.431,1.223,-70.3,22.77,-0.0095,0.2667,0.0815,,0
1017,39.2,0.907,1.01,-99.04,18.81,-0.282,0.2202,0.1655,,0
1018,639.8,1.104,0.717,33.63,13.35,0.2808,0.1564,0.036,,0
1019,652.6,-0.187,0.748,40.32,13.92,0.1673,0.163,0.1719,,0
1020,678.6,-1.16,1.347,80.26,25.07,0.4028,0.2935,0.1039,,0
1021,355.3,3.647,0.957,-163.82,17.82,0.0904,0.2087,0.0173,,0
1022,676.0,1.08,0.699,38.04,13.01,0.4919,0.1523,0.0481,,0
1023,263.7,0.746,0.714,21.21,13.29,0.7955,0.1556,0.2964,,0
1024,525.9,0.527,1.082,-138.71,20.14,0.8338,0.2358,0.1376,,0
1025,739.6,-0.039,1.264,-198.68,23.54,-0.1197,0.2756,0.1827,,0
1026,708.3,0.61,0.404,38.18,7.52,0.3356,0.088,0.4952,,1
1027,257.8,2.741,1.263,-166.37,23.52,-0.5688,0.2754,0.0577,,0
1028,241.4,-0.778,0.511,25.35,9.51,0.4444,0.1114,0.4693,,1
1029,218.1,-0.238,0.516,6.39,9.6,0.3294,0.1124,0.4186,,1
1030,218.2,2.553,0.853,-125.8,15.88,-0.237,0.186,0.2697,,0
1031,10.6,0.929,0.843,-87.76,15.69,-0.1379,0.1837,0.0762,,0
1032,227.1,2.408,1.015,-50.69,18.9,0.0794,0.2213,0.2359,,0
1033,347.2,1.314,0.98,-94.79,18.24,0.3161,0.2136,0.0485,,0
1034,396.3,-0.702,0.787,17.41,14.65,0.0606,0.1716,0.0242,,0
1035,218.8,0.071,0.796,-88.39,14.81,-0.4704,0.1734,0.1936,,0
1036,197.0,-0.708,1.453,-163.15,27.05,-0.884,0.3168,0.0757,,0
1037,63.1,0.709,0.643,-22.22,11.97,0.2998,0.1402,0.2831,,0
1038,245.7,2.447,1.169,-133.37,21.75,-0.6021,0.2547,0.1479,,0
1039,97.7,0.633,1.303,-97.77,24.26,0.3423,0.2841,0.0087,,0
1040,323.6,-0.766,0.554,59.08,10.31,0.4423,0.1207,0.2767,,0
1041,121.4,1.989,0.799,-53.07,14.87,0.2827,0.1741,0.2284,,0
1042,45.3,0.588,0.896,-27.61,16.69,0.2619,0.1954,0.082,,0
1043,382.8,0.951,1.12,-209.17,20.85,0.1942,0.2441,0.199,,0
1044,271.0,1.432,1.399,-171.7,26.05,-0.6263,0.305,0.0578,,0
1045,111.9,2.241,1.211,-99.59,22.54,-0.3276,0.2639,0.0608,,0
1046,103.1,2.246,1.04,-29.92,19.36,0.2916,0.2267,0.1702,,0
1047,69.5,2.729,0.958,-45.64,17.84,0.4639,0.2089,0.2382,,0
1048,102.2,1.258,0.952,-0.17,17.72,0.2625,0.2075,0.1154,,0
1049,228.6,1.181,0.589,-36.04,10.96,0.5048,0.1284,0.2102,,0
1050,290.6,1.508,1.053,-60.41,19.61,-0.0313,0.2296,0.0316,,0
1051,483.7,0.258,0.37,30.48,6.9,0.1578,0.0807,0.5437,,1
1052,32.8,-0.326,1.376,-63.36,25.62,0.0746,0.2999,0.0536,,0
1053,456.1,-0.773,1.722,-54.83,32.05,-0.2486,0.3752,0.123,,0
1054,305.5,0.283,0.626,39.72,11.66,0.5711,0.1365,0.234,,0
1055,146.7,1.624,1.409,-59.68,26.24,-0.4416,0.3072,0.0344,,0
1056,22.5,0.67,0.77,-21.18,14.33,0.3136,0.1677,0.2834,,0
1057,418.2,0.435,0.565,39.71,10.52,0.5525,0.1232,0.2963,,0
1058,61.4,-0.614,0.873,-37.36,16.26,0.3461,0.1904,0.2555,,0
1059,225.6,1.074,0.674,37.33,12.54,0.3577,0.1469,0.0626,,0
1060,263.3,0.18,0.607,19.01,11.29,0.4943,0.1322,0.2964,,0
1061,211.5,-0.294,0.674,-99.6,12.54,-0.5321,0.1469,0.1236,,0
1062,493.8,-0.233,0.507,38.11,9.44,0.2394,0.1105,0.2257,,0
1063,309.0,0.178,0.375,20.96,6.98,0.4427,0.0817,0.5378,,1
1064,447.9,3.655,0.888,-206.28,16.53,-0.3123,0.1935,0.1121,,0
1065,597.5,3.117,0.524,21.03,9.74,0.2057,0.1141,0.221,,0
1066,122.1,2.473,1.028,-18.88,19.13,0.3553,0.224,0.2106,,0
1067,52.0,0.415,0.769,-37.17,14.31,0.2762,0.1676,0.0831,,0
1068,393.5,2.744,0.949,-189.92,17.67,-0.0545,0.2069,0.2345,,0
1069,284.7,0.265,0.543,33.07,10.11,0.4604,0.1183,0.3274,,0
1070,541.6,0.889,0.417,34.49,7.76,0.3956,0.0908,0.4457,,1
1071,307.5,0.301,0.62,5.79,11.54,0.4488,0.1352,0.3228,,0
1072,601.6,-1.112,1.63,-61.98,30.35,-0.5348,0.3553,0.1457,,0
1073,33.8,0.286,1.006,-52.34,18.72,0.1873,0.2192,0.1251,,0
1074,265.3,0.562,0.936,-55.97,17.42,0.1559,0.204,0.1783,,0
1075,680.6,0.499,0.575,22.8,10.7,0.1885,0.1253,0.3359,,0
1076,489.7,2.771,0.467,16.6,8.7,0.1872,0.1018,0.4679,,1
1077,555.3,1.582,0.748,66.27,13.92,0.4931,0.163,0.2137,,0
1078,146.0,0.489,0.86,-50.88,16.01,0.1569,0.1875,0.1052,,0
1079,62.8,0.91,1.003,-131.16,18.67,-0.7915,0.2186,0.1005,,0
1080,208.4,1.451,1.103,-199.87,20.53,-0.8108,0.2404,0.1799,,0
1081,121.0,-1.26,1.07,-131.5,19.92,-0.9392,0.2332,0.166,,0
1082,367.5,0.899,1.356,-170.78,25.24,-0.5883,0.2955,0.2466,,0
1083,74.9,1.455,0.712,-36.37,13.25,0.416,0.1552,0.2083,,0
1084,551.7,1.395,0.526,37.67,9.79,0.4272,0.1146,0.2451,,0
1085,720.9,0.282,1.269,-225.04,23.62,-0.1041,0.2765,0.1033,,0
1086,132.9,-0.358,1.105,-80.76,20.56,0.202,0.2408,0.1652,,0
1087,567.8,0.199,1.093,-274.56,20.35,-0.4125,0.2383,0.1497,,0
1088,7.5,-0.332,1.246,-85.93,23.19,-0.1539,0.2715,0.0733,,0
1089,297.0,-0.621,0.556,25.98,10.36,0.2095,0.1213,0.434,,1
1090,362.8,3.651,0.868,-179.23,16.16,-0.1835,0.1892,0.1145,,0
1091,354.3,0.096,0.707,26.81,13.15,0.3887,0.154,0.2469,,0
1092,155.9,1.028,0.745,-102.33,13.87,-0.3055,0.1624,0.1056,,0
1093,227.3,-0.409,0.724,-109.16,13.48,-0.4405,0.1578,0.0426,,0
1094,708.4,0.438,1.4,-196.31,26.06,-0.2979,0.3052,0.0956,,0
1095,324.7,2.151,1.049,-83.29,19.52,0.2687,0.2286,0.0588,,0
1096,248.9,1.876,0.851,-147.17,15.85,-0.4319,0.1855,0.1134,,0
1097,444.7,0.045,0.816,23.17,15.19,0.2836,0.1778,0.225,,0
1098,735.0,0.772,1.299,-227.92,24.19,-0.0954,0.2832,0.1138,,0
1099,387.6,1.195,0.461,31.82,8.57,0.3452,0.1004,0.439,,1
1100,253.9,1.132,0.811,-147.75,15.1,-0.2993,0.1769,0.2575,,0
1101,556.4,1.091,0.446,41.87,8.3,0.4492,0.0972,0.3716,,1
1102,354.0,0.432,0.806,-63.18,15.0,-0.8801,0.1756,0.1446,,0
1103,478.1,-0.111,0.368,31.9,6.86,0.2217,0.0803,0.5796,,1
1104,463.5,-0.693,1.515,-255.07,28.19,-1.1539,0.3301,0.1044,,0
1105,77.0,1.557,1.0,-120.9,18.62,-0.5608,0.218,0.1082,,0
1106,534.8,-2.532,1.524,-20.42,28.36,-0.3506,0.3321,0.2493,,0
1107,4.0,-0.102,0.817,-30.95,15.2,0.2733,0.178,0.06,,0
1108,189.8,1.106,1.256,-81.87,23.37,-0.1118,0.2737,0.1577,,0
1109,414.4,1.964,1.495,-191.7,27.82,-0.3569,0.3257,0.1978,,0
1110,563.3,-0.072,0.786,42.07,14.64,0.4606,0.1714,0.2126,,0
1111,108.5,-0.084,0.666,-40.37,12.4,0.5885,0.1451,0.2602,,0
1112,252.4,1.546,0.648,-41.92,12.07,0.4502,0.1413,0.1773,,0
1113,332.8,1.475,1.394,-130.98,25.94,0.2046,0.3038,0.0803,,0
1114,316.2,1.42,1.341,-125.6,24.95,0.2648,0.2922,0.1904,,0
1115,462.9,0.037,1.184,-203.94,22.04,-0.1498,0.258,0.227,,0
1116,439.0,-0.258,1.134,-106.66,21.11,0.4405,0.2472,0.2435,,0
1117,527.2,0.16,0.512,30.01,9.52,0.1835,0.1115,0.468,,1
1118,207.0,-0.169,0.728,19.5,13.55,0.4201,0.1587,0.3235,,0
1119,832.8,-1.386,1.207,65.38,22.47,0.0823,0.2631,0.1424,,0
1120,323.5,1.251,0.971,-105.16,18.08,0.2977,0.2116,0.1749,,0
1121,394.8,1.022,0.603,58.67,11.22,0.2605,0.1314,0.2503,,0
1122,310.2,-0.529,0.9,-81.92,16.75,-0.5677,0.1961,0.0572,,0
1123,122.0,1.291,0.605,-14.06,11.26,0.4979,0.1318,0.2018,,0
1124,212.4,0.08,0.449,27.01,8.35,0.3857,0.0978,0.3018,,0
1125,282.9,0.052,0.605,25.26,11.26,-0.1344,0.1319,0.1783,,0
1126,469.8,0.534,0.752,56.0,14.0,0.3845,0.164,0.0516,,0
1127,245.0,1.124,1.088,-20.12,20.25,0.7615,0.2371,0.0907,,0
1128,269.3,0.849,1.179,14.99,21.95,0.847,0.257,0.0535,,0
1129,340.1,1.986,0.972,-93.01,18.1,0.0968,0.2119,0.0401,,0
1130,595.7,2.118,1.483,-174.86,27.61,0.5455,0.3233,0.1727,,0
1131,358.4,0.626,1.309,-90.38,24.36,0.4844,0.2852,0.133,,0
1132,488.3,1.115,0.386,26.69,7.19,0.3438,0.0842,0.4871,,1
1133,734.1,-1.232,0.76,49.29,14.14,0.2248,0.1656,0.11,,0
1134,70.9,-0.284,1.014,-25.25,18.87,0.3354,0.2209,0.1782,,0
1135,178.9,2.49,0.658,-24.54,12.25,0.6179,0.1434,0.2105,,0
1136,461.0,0.096,1.496,-261.78,27.85,-0.7814,0.3261,0.1229,,0
1137,251.5,-0.854,0.384,23.19,7.14,0.2949,0.0836,0.5965,,1
1138,192.7,0.823,1.408,-45.77,26.21,0.0274,0.3069,0.0595,,0
1139,52.2,0.918,0.95,-130.86,17.69,-0.3924,0.2071,0.0637,,0
1140,250.6,2.062,0.888,-49.45,16.52,0.5173,0.1934,0.2165,,0
1141,519.7,-0.695,0.549,26.62,10.22,-0.134,0.1196,0.4606,,1
1142,561.7,1.589,0.791,48.23,14.72,0.3796,0.1723,0.4718,,1
1143,567.9,1.588,0.791,48.27,14.72,0.3797,0.1723,0.4711,,1
1144,556.6,0.344,1.071,-143.58,19.94,0.7619,0.2335,0.0495,,0
1145,283.5,1.686,1.232,-159.88,22.94,-0.0877,0.2686,0.0534,,0
1146,4.3,1.112,1.098,-80.62,20.44,0.4129,0.2394,0.1447,,0
1147,144.5,0.212,1.287,-71.69,23.96,-0.0387,0.2805,0.1328,,0
1148,166.3,0.071,0.645,-3.92,12.0,0.1554,0.1405,0.2983,,0
1149,261.9,1.01,0.561,-61.46,10.45,0.2652,0.1223,0.2247,,0
1150,77.0,0.48,0.726,-23.57,13.52,0.3539,0.1583,0.2221,,0
1151,216.8,1.735,0.73,-33.09,13.59,0.5454,0.1591,0.0595,,0
1152,529.6,1.176,0.562,36.03,10.47,0.41,0.1226,0.2329,,0
1153,249.5,-0.575,0.921,-87.79,17.14,-0.129,0.2007,0.1232,,0
1154,755.9,-0.602,1.793,-214.62,33.37,-0.0445,0.3907,0.1942,,0
1155,389.4,1.964,1.257,-219.08,23.41,-0.6742,0.2741,0.1545,,0
1156,123.3,0.715,1.32,-77.73,24.57,-0.5686,0.2877,0.0355,,0
1157,165.8,0.094,1.328,-48.52,24.72,0.0887,0.2894,0.1072,,0
1158,503.6,-0.824,1.43,-294.68,26.62,-0.6602,0.3117,0.0305,,0
1159,14.2,0.154,1.378,-79.39,25.65,-0.0306,0.3003,0.0613,,0
1160,139.6,0.282,1.51,-31.4,28.1,-0.4517,0.3291,0.1694,,0
1161,220.4,0.488,0.484,29.79,9.01,0.3362,0.1055,0.3957,,1
1162,413.3,0.391,0.672,19.45,12.51,0.3516,0.1465,0.0937,,0
1163,114.5,0.265,1.512,-75.85,28.15,0.4447,0.3296,0.3084,,0
1164,258.1,1.875,1.03,6.74,19.17,0.5918,0.2245,0.1799,,0
1165,30.1,1.106,0.961,-37.32,17.88,0.3187,0.2094,0.1839,,0
1166,739.5,-1.842,1.447,-17.15,26.93,-0.497,0.3153,0.1445,,0
1167,389.4,1.122,0.656,54.42,12.22,0.4394,0.1431,0.1605,,0
1168,46.8,1.841,1.138,-65.87,21.19,-0.774,0.2481,0.1134,,0
1169,342.9,2.483,1.006,-59.76,18.72,-0.021,0.2192,0.173,,0
1170,558.2,-0.142,1.184,-274.52,22.04,-0.3985,0.2581,0.0709,,0
1171,274.1,0.962,1.12,-78.31,20.84,0.2751,0.244,0.1771,,0
1172,467.5,1.032,1.328,-216.21,24.71,-0.3367,0.2893,0.1013,,0
1173,351.3,1.042,1.15,-94.55,21.4,0.311,0.2506,0.1758,,0
1174,669.1,0.672,0.679,35.98,12.64,0.3962,0.1481,0.225,,0
1175,68.4,-0.739,0.891,-19.19,16.58,0.3113,0.1942,0.215,,0
1176,428.1,1.402,1.33,-227.22,24.75,-0.0591,0.2898,0.1336,,0
1177,275.8,-0.742,0.572,25.78,10.65,0.1407,0.1247,0.202,,0
1178,264.3,1.509,1.283,-186.3,23.89,-0.8095,0.2797,0.1251,,0
1179,688.2,-1.209,1.5,73.79,27.92,0.1672,0.3269,0.0488,,0
1180,404.7,3.081,1.139,-167.49,21.2,0.1123,0.2482,0.0885,,0
1181,136.5,0.381,0.847,-90.59,15.76,-0.6272,0.1845,0.0633,,0
1182,65.0,0.771,0.962,-120.38,17.91,-0.494,0.2097,0.2587,,0
1183,87.0,0.885,1.181,-135.95,21.99,-0.8842,0.2575,0.2512,,0
1184,321.0,0.943,0.921,-94.18,17.14,0.2655,0.2007,0.1086,,0
1185,97.1,-0.523,0.889,-32.19,16.55,0.138,0.1938,0.2748,,0
1186,548.3,0.154,0.45,25.06,8.38,0.1074,0.0981,0.5237,,1
1187,473.7,2.108,0.385,26.38,7.17,0.181,0.0839,0.5184,,1
1188,654.5,0.284,1.079,39.44,20.08,0.0656,0.2351,0.2302,,0
1189,201.2,0.656,0.677,36.98,12.6,0.628,0.1476,0.0608,,0
1190,363.7,2.491,1.144,-195.0,21.3,0.2451,0.2494,0.1975,,0
1191,193.5,0.222,1.144,-29.94,21.3,-0.2265,0.2494,0.1867,,0
1192,231.1,1.634,1.207,-153.13,22.46,-0.3959,0.263,0.1712,,0
1193,328.1,1.533,0.987,-91.63,18.38,0.2885,0.2152,0.0316,,0
1194,297.7,0.009,0.639,24.48,11.9,0.4955,0.1393,0.0895,,0
1195,241.9,1.72,0.805,-141.4,14.98,-0.3263,0.1754,0.2827,,0
1196,230.1,-1.854,0.918,33.17,17.08,0.3994,0.2,0.0256,,0
1197,421.3,1.031,0.675,24.75,12.56,0.3455,0.1471,0.2157,,0
1198,332.7,-0.869,0.452,30.54,8.41,0.3688,0.0985,0.4091,,1
1199,362.3,1.062,0.42,47.55,7.82,0.6014,0.0916,0.4377,,1
1200,477.6,0.972,1.362,-19.46,25.35,0.2525,0.2969,0.1888,,0
1201,496.7,-0.459,1.319,-22.89,24.56,0.3869,0.2876,0.1971,,0
1202,404.4,1.259,1.287,-220.84,23.96,-0.2,0.2805,0.172,,0
1203,373.2,2.119,1.184,-209.18,22.04,-0.1928,0.2581,0.1559,,0
1204,322.1,-1.367,1.247,-45.59,23.22,-0.3913,0.2719,0.1169,,0
1205,182.0,1.121,0.755,-101.75,14.05,-0.393,0.1645,0.117,,0
1206,150.1,1.485,0.892,-42.5,16.6,0.4962,0.1943,0.2298,,0
1207,865.1,-3.373,1.707,45.02,31.78,0.0702,0.3721,0.0665,,0
1208,487.9,0.099,1.058,-69.4,19.69,-0.8067,0.2306,0.1252,,0
1209,237.6,-0.594,0.68,24.05,12.67,0.4166,0.1483,0.3377,,0
1210,226.4,2.611,1.288,-155.49,23.97,-0.7248,0.2807,0.0863,,0
1211,221.1,1.663,0.871,-158.63,16.22,-0.3449,0.1899,0.2451,,0
1212,645.5,0.007,0.406,34.8,7.56,0.1238,0.0885,0.4039,,1
1213,399.4,0.976,1.193,-219.69,22.21,0.2442,0.2601,0.0457,,0
1214,8.5,1.763,0.775,-52.99,14.43,0.2316,0.1689,0.2324,,0
1215,173.1,1.231,0.853,-100.46,15.87,-0.2842,0.1859,0.2268,,0
1216,239.0,-0.943,0.655,-84.67,12.2,-0.4929,0.1428,0.0329,,0
1217,698.8,0.464,1.428,-210.78,26.59,-0.146,0.3113,0.0566,,0
1218,736.6,0.433,0.531,37.89,9.88,0.2063,0.1157,0.3202,,0
1219,341.3,1.315,1.488,-207.06,27.7,-0.9787,0.3244,0.1764,,0
1220,23.3,-0.068,1.303,-59.67,24.25,-0.0864,0.284,0.0642,,0
1221,67.0,1.71,1.033,-51.67,19.22,0.657,0.2251,0.1498,,0
1222,715.4,0.584,1.489,-212.38,27.71,-0.2013,0.3245,0.0973,,0
1223,159.7,1.222,0.82,-42.02,15.27,0.3697,0.1787,0.1057,,0
1224,576.2,1.705,1.468,-150.19,27.33,0.6047,0.32,0.0788,,0
1225,211.1,2.386,0.794,-140.75,14.78,-0.2985,0.1731,0.1396,,0
1226,290.9,2.528,1.233,-133.76,22.96,0.1769,0.2688,0.1588,,0
1227,358.0,-1.258,1.084,-69.49,20.17,-0.6613,0.2362,0.1356,,0
1228,387.3,2.279,1.127,-219.48,20.98,-0.4113,0.2457,0.201,,0
1229,346.8,-1.259,0.621,34.78,11.57,0.1293,0.1354,0.2369,,0
1230,419.8,0.902,1.112,-102.84,20.69,0.452,0.2423,0.1842,,0
1231,76.6,2.489,0.905,-48.13,16.84,0.5769,0.1972,0.1565,,0
1232,86.6,0.28,1.448,-131.8,26.96,-0.1262,0.3157,0.1043,,0
1233,70.3,-1.347,1.666,-95.23,31.01,-0.8073,0.3631,0.0109,,0
1234,47.2,1.718,1.142,-79.87,21.26,0.2131,0.2489,0.1614,,0
1235,746.1,0.971,0.619,36.63,11.52,0.2766,0.1349,0.15,,0
1236,274.8,0.948,1.023,-64.88,19.05,0.3,0.2231,0.1804,,0
1237,16.1,0.646,0.908,-41.17,16.9,0.4884,0.1979,0.2606,,0
1238,39.8,1.703,0.983,-81.3,18.29,-0.7337,0.2142,0.1173,,0
1239,683.8,-0.444,0.515,44.51,9.59,0.0,0.1123,0.2144,,0
1240,106.7,1.262,1.195,-55.91,22.25,-0.487,0.2605,0.1349,,0
1241,94.5,1.516,1.101,-67.85,20.5,0.343,0.24,0.0647,,0
1242,96.3,-0.529,1.835,-93.8,34.16,-0.2014,0.3999,0.1562,,0
1243,795.6,0.715,1.727,-189.27,32.14,-0.2923,0.3763,0.1342,,0
1244,23.7,-0.23,1.148,-87.95,21.37,-0.2334,0.2503,0.1056,,0
1245,692.6,0.497,0.698,39.15,12.98,0.1477,0.152,0.4457,,1
1246,396.9,2.789,1.506,-274.33,28.03,-0.9612,0.3282,0.1091,,0
1247,253.1,0.684,0.757,19.23,14.1,0.7924,0.1651,0.2401,,0
1248,313.1,2.132,1.254,-197.98,23.34,-0.8878,0.2732,0.1083,,0
1249,182.5,1.82,0.761,-108.81,14.16,-0.1731,0.1658,0.1504,,0
1250,391.6,0.686,0.658,27.7,12.24,0.4168,0.1434,0.3902,,1
1251,250.8,0.742,0.637,-32.71,11.86,0.5074,0.1389,0.2932,,0
1252,55.6,1.42,0.753,-33.22,14.01,0.1616,0.1641,0.1958,,0
1253,289.5,-0.578,1.058,-63.39,19.7,0.1793,0.2306,0.1242,,0
1254,251.9,1.026,0.786,15.42,14.63,0.635,0.1713,0.2362,,0
1255,178.3,1.977,0.923,-149.02,17.19,-0.3214,0.2012,0.0308,,0
1256,495.5,-0.14,0.773,5.88,14.38,-0.1551,0.1684,0.3324,,0
1257,147.1,0.261,0.883,-109.76,16.44,-0.7196,0.1925,0.0646,,0
1258,192.4,2.085,1.015,-11.26,18.9,0.914,0.2213,0.1777,,0
1259,407.8,0.704,0.523,34.18,9.74,0.037,0.114,0.2322,,0
1260,46.4,1.902,1.106,-79.5,20.58,0.2423,0.241,0.2051,,0
1261,190.4,1.259,0.781,-144.87,14.55,-0.4522,0.1703,0.3161,,0
1262,10.8,-0.239,1.374,-70.01,25.57,-0.2834,0.2994,0.1362,,0
1263,567.0,0.959,0.768,11.87,14.3,0.0455,0.1674,0.3567,,1
1264,286.1,2.607,0.739,-70.63,13.76,0.0485,0.1612,0.2454,,0
1265,365.4,0.736,1.404,-183.37,26.14,-1.0656,0.3061,0.2192,,0
1266,303.9,1.58,0.91,-89.48,16.94,0.0536,0.1984,0.2284,,0
1267,935.0,-1.021,1.237,60.05,23.02,-0.0614,0.2695,0.0416,,0
1268,884.7,0.553,1.625,48.3,30.24,-0.0124,0.3541,0.1139,,0
1269,329.6,0.456,0.398,47.59,7.4,0.6527,0.0867,0.4964,,1
1270,216.0,0.021,0.457,24.57,8.5,0.3379,0.0995,0.4039,,1
1271,537.7,1.31,0.364,28.05,6.78,0.3879,0.0794,0.6338,,1
1272,175.2,3.09,0.792,-68.95,14.74,0.7186,0.1726,0.1899,,0
1273,690.2,1.112,1.427,-246.69,26.56,-0.0105,0.311,0.0476,,0
1274,133.5,2.237,0.986,-120.65,18.35,-0.5276,0.2149,0.1318,,0
1275,217.6,1.199,1.013,-27.24,18.86,-0.2905,0.2208,0.1688,,0
1276,335.2,-1.21,0.563,42.45,10.48,0.3387,0.1227,0.1829,,0
1277,430.4,1.203,0.633,40.29,11.78,0.3384,0.138,0.1881,,0
1278,47.3,2.149,1.362,-94.72,25.35,0.0348,0.2968,0.066,,0
1279,54.4,2.152,1.367,-94.84,25.45,0.0358,0.298,0.0633,,0
1280,548.6,-0.437,1.176,-16.37,21.89,0.4819,0.2563,0.1582,,0
1281,251.9,-0.724,0.66,23.67,12.29,0.6727,0.144,0.3876,,1
1282,234.0,0.223,0.893,29.37,16.63,1.0206,0.1947,0.1822,,0
1283,89.7,1.127,1.403,-79.77,26.11,-0.2769,0.3058,0.2004,,0
1284,730.4,0.351,1.288,-230.33,23.97,-0.1176,0.2806,0.1203,,0
1285,187.6,1.61,0.999,-154.99,18.6,-0.8404,0.2178,0.18,,0
1286,291.5,0.722,0.714,25.47,13.29,0.6734,0.1556,0.1505,,0
1287,185.0,2.278,0.735,-123.3,13.69,-0.2211,0.1603,0.0843,,0
1288,335.1,1.479,0.997,-92.6,18.56,0.2497,0.2173,0.1317,,0
1289,198.8,1.533,1.147,-202.85,21.36,-0.8584,0.2501,0.0869,,0
1290,241.1,2.706,1.155,-139.31,21.49,-0.8337,0.2517,0.0355,,0
1291,384.7,2.313,1.378,-159.51,25.65,-0.3517,0.3004,0.088,,0
1292,435.0,-0.655,1.23,-81.38,22.89,-0.8607,0.268,0.207,,0
1293,655.1,0.788,0.664,18.19,12.37,0.2334,0.1448,0.2476,,0
1294,238.6,1.516,1.318,-135.04,24.53,-0.4793,0.2872,0.058,,0
1295,388.7,2.133,1.359,-210.22,25.3,-0.702,0.2963,0.0873,,0
1296,44.8,0.505,1.259,-68.73,23.43,-0.2788,0.2743,0.0853,,0
1297,145.2,0.952,0.794,-30.09,14.78,0.4162,0.1731,0.1784,,0
1298,240.3,-0.038,0.722,-6.25,13.43,0.3933,0.1573,0.1937,,0
1299,514.6,-1.958,1.496,-212.39,27.85,-0.3104,0.3261,0.2006,,0
1300,52.7,1.495,1.266,-64.38,23.57,-0.1534,0.276,0.0885,,0
1301,44.5,1.366,1.416,-68.53,26.36,-0.2944,0.3086,0.1351,,0
1302,156.5,-0.634,1.08,-57.75,20.1,0.1515,0.2354,0.1072,,0
1303,376.5,1.362,0.667,57.76,12.42,0.4337,0.1454,0.1131,,0
1304,126.2,1.717,0.777,-38.19,14.47,0.5336,0.1694,0.1793,,0
1305,313.6,0.398,0.508,20.73,9.45,-0.0042,0.1107,0.3646,,1
1306,180.8,1.411,0.855,-140.19,15.92,-0.5664,0.1864,0.2969,,0
1307,1.5,0.861,0.928,-54.35,17.28,0.2561,0.2023,0.0443,,0
1308,127.0,0.12,0.912,-87.58,16.98,-0.655,0.1988,0.11,,0
1309,585.7,2.158,1.355,-164.38,25.22,0.5861,0.2953,0.0996,,0
1310,367.1,-0.338,1.233,-107.3,22.94,-1.0331,0.2686,0.0806,,0
1311,730.0,-2.385,1.348,-18.1,25.09,-0.3823,0.2937,0.0763,,0
1312,288.6,-0.115,0.639,47.2,11.89,0.5358,0.1392,0.3105,,0
1313,14.7,1.123,0.743,-33.37,13.83,0.2968,0.162,0.1013,,0
1314,65.4,1.014,0.896,-47.97,16.67,0.0982,0.1952,0.2972,,0
1315,36.3,2.559,1.149,-98.17,21.39,-0.3817,0.2504,0.1981,,0
1316,343.8,1.129,1.012,-79.49,18.85,0.3265,0.2207,0.1067,,0
1317,48.4,2.241,0.872,-92.63,16.24,-0.3513,0.1902,0.1078,,0
1318,398.2,0.86,1.356,-194.67,25.24,-0.5184,0.2955,0.0694,,0
1319,274.4,1.161,1.329,-183.53,24.74,-0.5687,0.2897,0.2577,,0
1320,254.1,1.283,1.124,-205.37,20.93,-0.6926,0.245,0.1812,,0
1321,18.8,0.099,1.387,-84.69,25.81,-0.1935,0.3022,0.0501,,0
1322,404.6,-0.512,1.708,-88.56,31.79,-0.4348,0.3722,0.0088,,0
1323,241.1,0.347,0.647,6.54,12.05,0.4481,0.1411,0.2504,,0
1324,228.0,1.787,0.801,-90.95,14.91,-0.4912,0.1746,0.2451,,0
1325,250.7,2.382,1.371,-185.6,25.53,-1.0086,0.2989,0.0281,,0
1326,702.9,-0.276,0.623,34.21,11.59,0.1723,0.1357,0.2779,,0
1327,255.0,1.645,1.159,-105.39,21.57,0.2826,0.2526,0.1263,,0
1328,676.3,0.605,0.693,36.09,12.9,0.0149,0.1511,0.2197,,0
1329,7.2,1.203,1.367,-89.5,25.45,-0.1431,0.298,0.0482,,0
1330,565.2,-0.415,1.458,-20.97,27.13,0.6287,0.3177,0.0674,,0
1331,418.5,1.514,1.429,-219.19,26.59,0.0211,0.3114,0.1048,,0
1332,691.7,1.455,0.394,38.46,7.34,0.0847,0.086,0.5041,,1
1333,920.8,-1.986,1.72,-257.18,32.01,0.0744,0.3748,0.1217,,0
1334,300.2,0.603,0.772,-82.89,14.38,-0.5178,0.1684,0.1258,,0
1335,281.2,1.785,1.024,12.99,19.07,0.8324,0.2232,0.0716,,0
1336,173.8,0.533,0.815,-107.51,15.18,-0.5462,0.1777,0.1359,,0
1337,547.3,0.278,1.353,-59.16,25.19,-0.8378,0.295,0.1475,,0
1338,84.2,1.529,1.216,-100.37,22.64,-0.5958,0.2651,0.078,,0
1339,273.3,-0.196,0.605,27.52,11.27,0.3607,0.1319,0.3456,,0
1340,529.2,0.292,0.624,13.97,11.62,0.1559,0.136,0.0604,,0
1341,556.5,1.372,1.65,-254.83,30.71,-0.662,0.3596,0.2314,,0
1342,430.2,1.329,0.455,61.58,8.47,0.5674,0.0991,0.4685,,1
1343,192.4,-0.03,0.686,11.2,12.76,0.5819,0.1494,0.4498,,1
1344,175.7,-0.225,0.596,13.3,11.09,0.2236,0.1299,0.4346,,1
1345,8.9,0.828,0.917,-52.23,17.07,0.1982,0.1999,0.1064,,0
1346,206.8,0.157,0.469,20.72,8.74,0.2825,0.1023,0.396,,1
1347,223.0,-0.382,0.891,7.27,16.59,0.3183,0.1942,0.0903,,0
1348,561.2,0.011,1.017,-278.09,18.92,-0.4672,0.2216,0.0551,,0
1349,287.6,0.166,0.706,24.17,13.13,0.1659,0.1538,0.288,,0
1350,206.4,-2.141,0.656,25.71,12.21,0.3512,0.143,0.2413,,0
1351,296.5,0.078,1.246,-83.53,23.19,0.1847,0.2716,0.1004,,0
1352,189.5,1.65,0.836,-107.71,15.57,-0.0237,0.1823,0.1006,,0
1353,713.4,-0.642,1.238,-228.19,23.05,-0.1749,0.2699,0.2119,,0
1354,287.3,0.645,1.082,-96.55,20.14,-0.0679,0.2359,0.0585,,0
1355,274.8,0.999,1.6,-58.07,29.78,0.2463,0.3487,0.151,,0
1356,305.1,-0.684,0.656,-98.61,12.22,-0.581,0.1431,0.0362,,0
1357,15.3,1.865,1.573,-92.7,29.28,-0.2669,0.3428,0.1743,,0
1358,848.5,-4.252,1.604,50.75,29.86,0.1369,0.3496,0.1475,,0
1359,277.1,-0.772,0.775,17.32,14.42,0.7094,0.1689,0.4786,,1
1360,712.5,0.179,0.728,58.86,13.56,0.2127,0.1587,0.0246,,0
1361,325.6,-1.926,1.219,-76.54,22.69,-0.6218,0.2656,0.0854,,0
1362,261.9,1.465,0.953,5.31,17.74,0.5546,0.2077,0.1667,,0
1363,585.8,-0.172,1.733,-23.97,32.25,0.0704,0.3776,0.1683,,0
1364,767.4,-0.981,1.437,-194.32,26.74,-0.1343,0.3131,0.1132,,0
1365,822.7,0.657,1.371,-237.27,25.52,-0.3217,0.2988,0.1402,,0
1366,360.3,3.025,0.958,-177.87,17.82,-0.2534,0.2087,0.2054,,0
1367,86.7,0.291,1.854,-93.69,34.52,-0.0688,0.4042,0.0845,,0
1368,32.9,-0.493,1.554,-117.79,28.93,-0.3309,0.3388,0.1905,,0
1369,510.0,-2.019,1.5,-229.79,27.92,-0.3101,0.3269,0.158,,0
1370,356.4,-1.3,0.594,34.08,11.06,0.1052,0.1295,0.2955,,0
1371,213.7,1.805,1.131,-192.09,21.06,-0.7478,0.2466,0.1601,,0
1372,687.1,0.13,1.206,-307.23,22.45,-0.649,0.2629,0.055,,0
1373,267.7,0.781,1.494,-59.39,27.8,0.0018,0.3255,0.1839,,0
1374,144.7,-0.294,0.511,10.19,9.51,0.3774,0.1114,0.3348,,0
1375,227.3,0.377,0.969,17.42,18.03,0.4494,0.2112,0.1168,,0
1376,786.9,-0.428,0.925,15.02,17.21,0.4117,0.2015,0.1367,,0
1377,114.4,2.034,0.808,-60.45,15.04,0.6158,0.1761,0.2253,,0
1378,233.8,2.306,0.546,-36.35,10.16,0.5636,0.1189,0.2744,,0
1379,112.1,2.345,0.752,-51.77,14.01,0.2749,0.164,0.2843,,0
1380,14.2,-0.059,1.177,-92.2,21.91,-0.4397,0.2566,0.0496,,0
1381,149.2,1.084,1.399,-53.31,26.05,-0.1131,0.305,0.0576,,0
1382,544.7,-1.197,0.753,23.69,14.02,0.3589,0.1642,0.0366,,0
1383,717.9,-0.068,0.631,45.48,11.75,0.265,0.1376,0.3461,,0
1384,199.8,0.19,0.55,10.29,10.24,0.3104,0.1199,0.2169,,0
1385,560.5,0.269,1.233,-257.8,22.95,-0.4542,0.2688,0.1269,,0
1386,695.3,-0.414,1.477,66.46,27.5,0.2203,0.3219,0.2743,,0
1387,292.5,1.634,1.391,-111.0,25.88,0.2441,0.3031,0.1785,,0
1388,132.8,1.901,0.811,-20.16,15.09,0.4937,0.1767,0.2744,,0
1389,270.3,0.632,0.691,1.32,12.86,0.4124,0.1506,0.3826,,1
1390,336.7,-0.114,1.007,-69.62,18.74,0.329,0.2194,0.1945,,0
1391,708.8,0.038,1.31,-189.03,24.39,-0.0263,0.2856,0.1638,,0
1392,30.5,1.272,1.089,-69.51,20.26,0.4769,0.2373,0.1335,,0
1393,467.9,1.747,0.316,23.81,5.88,0.2519,0.0689,0.5974,,1
1394,139.7,1.309,0.658,-22.63,12.25,0.4731,0.1434,0.2383,,0
1395,26.7,2.846,1.135,-89.9,21.13,-0.2841,0.2474,0.0995,,0
1396,303.7,-2.648,1.07,-43.45,19.91,-0.2752,0.2331,0.1711,,0
1397,539.1,-0.775,1.127,-14.45,20.99,0.5596,0.2457,0.1431,,0
1398,586.9,0.408,1.064,-303.4,19.8,-0.8811,0.2318,0.0915,,0
1399,123.0,0.276,0.737,-19.88,13.72,0.5041,0.1606,0.2455,,0
1400,155.0,0.623,1.101,-162.64,20.49,-1.0517,0.24,0.0817,,0
1401,180.2,-0.016,0.717,-11.05,13.34,0.1765,0.1562,0.2606,,0
1402,346.7,0.486,1.477,-13.29,27.49,0.2662,0.3219,0.248,,0
1403,578.5,2.412,1.854,-19.49,34.51,-0.286,0.4041,0.1928,,0
1404,722.9,-0.498,1.324,-198.91,24.65,-0.1363,0.2886,0.0754,,0
1405,256.7,-0.552,0.673,37.94,12.54,0.2952,0.1468,0.308,,0
1406,32.2,-0.049,0.888,-102.83,16.53,-0.146,0.1936,0.1932,,0
1407,692.8,0.226,1.369,67.16,25.48,0.1725,0.2983,0.1398,,0
1408,341.8,0.911,0.536,49.17,9.98,0.4575,0.1169,0.2956,,0
1409,251.1,2.239,1.308,-186.49,24.34,-0.5287,0.285,0.2407,,0
1410,824.2,2.044,0.841,66.38,15.65,0.5659,0.1833,0.1752,,0
1411,117.4,-0.404,0.823,36.77,15.33,0.3756,0.1794,0.3785,,1
1412,168.8,1.911,0.951,-153.32,17.7,-0.2608,0.2072,0.2254,,0
1413,67.5,2.533,1.103,-117.65,20.52,-0.5976,0.2403,0.1433,,0
1414,12.3,1.085,1.219,-85.91,22.69,0.3022,0.2657,0.1389,,0
1415,321.6,2.277,1.196,-154.7,22.26,0.2606,0.2607,0.1946,,0
1416,1.1,3.169,0.826,-46.18,15.38,0.6206,0.1801,0.0225,,0
1417,19.2,0.964,0.703,-39.85,13.09,0.4009,0.1532,0.26,,0
1418,435.1,2.16,1.46,-213.19,27.18,0.164,0.3183,0.2775,,0
1419,141.9,-0.906,1.006,-48.7,18.73,0.1862,0.2193,0.1745,,0
1420,583.2,1.495,1.469,-122.83,27.35,0.6825,0.3202,0.0755,,0
1421,302.2,1.304,1.149,-172.81,21.39,-0.2155,0.2505,0.1324,,0
1422,71.4,1.296,0.9,-5.59,16.75,0.5837,0.1961,0.0735,,0
1423,106.7,-1.292,1.039,-36.96,19.35,0.447,0.2265,0.1553,,0
1424,245.7,-0.245,0.815,6.67,15.17,0.847,0.1777,0.2038,,0
1425,594.5,-1.333,0.641,51.27,11.93,0.3427,0.1396,0.1718,,0
1426,396.0,1.5,1.484,-272.58,27.63,-0.9293,0.3235,0.2872,,0
1427,146.9,-0.015,1.021,-53.46,19.01,0.2524,0.2225,0.0965,,0
1428,660.4,-2.025,1.383,36.09,25.74,-0.1236,0.3014,0.0851,,0
1429,263.7,1.636,0.795,-1.63,14.81,0.6473,0.1734,0.1391,,0
1430,668.6,-0.014,1.283,-277.18,23.88,-0.7686,0.2797,0.1361,,0
1431,219.5,0.166,0.915,19.1,17.03,0.5865,0.1994,0.382,,1
1432,206.3,1.443,1.178,-87.02,21.93,0.062,0.2568,0.07,,0
1433,192.7,0.547,0.652,22.09,12.13,0.2609,0.142,0.4287,,1
1434,547.5,0.497,1.287,-4.1,23.95,-0.4243,0.2804,0.0499,,0
1435,129.8,2.182,0.826,-33.56,15.38,0.3076,0.1801,0.2359,,0
1436,237.6,-0.635,0.706,15.05,13.15,0.5695,0.1539,0.1957,,0
1437,63.8,1.287,1.309,-83.61,24.36,0.1622,0.2852,0.1311,,0
1438,257.1,2.301,1.41,-165.37,26.24,-0.5663,0.3073,0.2673,,0
1439,324.7,0.714,1.465,-197.28,27.27,-0.5543,0.3193,0.1016,,0
1440,360.9,0.532,1.217,-97.22,22.66,0.4174,0.2653,0.1149,,0
1441,196.6,2.145,0.725,-119.14,13.49,-0.2033,0.158,0.1682,,0
1442,173.2,-0.93,0.664,-1.72,12.36,0.2334,0.1447,0.4499,,1
1443,296.4,-0.292,0.549,54.24,10.22,0.5381,0.1197,0.4441,,1
1444,742.0,-1.535,1.585,-39.57,29.51,-0.3438,0.3455,0.0639,,0
1445,666.4,1.038,0.502,36.79,9.35,0.5075,0.1094,0.5099,,1
1446,128.0,0.53,1.143,-60.06,21.27,0.0584,0.2491,0.0526,,0
1447,258.0,-0.405,0.721,32.04,13.42,0.6344,0.1571,0.3359,,0
1448,215.9,0.453,0.709,-32.82,13.2,0.5525,0.1545,0.2068,,0
1449,611.1,1.821,0.693,32.85,12.91,0.2817,0.1511,0.1045,,0
1450,254.7,1.355,0.947,-8.75,17.63,0.6567,0.2064,0.1189,,0
1451,545.0,0.611,1.279,21.08,23.8,-0.4695,0.2787,0.157,,0
1452,329.7,1.657,0.996,-87.72,18.55,0.1652,0.2172,0.1231,,0
1453,384.1,0.889,1.484,-198.21,27.63,-0.7345,0.3236,0.1189,,0
1454,255.7,0.186,0.983,-51.19,18.29,0.2086,0.2141,0.1593,,0
1455,442.6,0.501,0.593,61.66,11.05,0.587,0.1293,0.2952,,0
1456,245.0,-1.981,0.808,-81.88,15.04,-0.4772,0.1761,0.1161,,0
1457,331.7,2.348,0.966,-81.07,17.98,0.4245,0.2105,0.0598,,0
1458,184.1,0.389,0.752,29.24,13.99,0.62,0.1638,0.2011,,0
1459,176.6,0.388,0.753,29.29,14.01,0.6201,0.164,0.2,,0
1460,262.7,1.348,1.347,-188.81,25.06,-0.8009,0.2935,0.0764,,0
1461,271.4,1.496,0.909,-60.0,16.92,0.0258,0.1981,0.1916,,0
1462,252.5,1.832,0.763,2.89,14.21,0.6003,0.1664,0.0997,,0
1463,391.6,2.033,1.298,-288.77,24.16,-0.9929,0.2829,0.0666,,0
1464,445.4,4.539,1.128,-203.5,20.99,-0.2089,0.2458,0.0958,,0
1465,673.5,0.778,0.507,29.44,9.43,0.2577,0.1104,0.5138,,1
1466,64.5,2.134,0.933,-58.43,17.37,0.5486,0.2033,0.194,,0
1467,697.2,1.1,0.81,46.25,15.08,0.4493,0.1766,0.1364,,0
1468,208.0,0.211,0.965,-18.73,17.96,-0.4393,0.2102,0.1226,,0
1469,412.8,1.023,1.125,-109.58,20.95,0.3088,0.2453,0.0879,,0
1470,702.3,0.737,1.395,60.82,25.96,0.2555,0.304,0.2713,,0
1471,591.6,-1.136,1.637,-60.72,30.48,-0.7774,0.3569,0.143,,0
1472,308.6,-0.446,0.912,-67.57,16.97,-0.623,0.1987,0.2212,,0
1473,406.6,2.328,1.279,-265.63,23.82,-1.1639,0.2789,0.2009,,0
1474,159.4,0.499,1.45,-34.37,26.98,0.4228,0.316,0.1509,,0
1475,422.3,0.005,0.606,28.73,11.29,0.3006,0.1322,0.1786,,0
1476,325.7,-0.91,0.427,34.52,7.94,0.4602,0.093,0.4955,,1
1477,657.0,0.792,1.153,48.22,21.47,0.1238,0.2514,0.1074,,0
1478,49.7,0.363,1.255,-88.74,23.36,0.3004,0.2735,0.0453,,0
1479,847.3,-0.665,1.104,73.81,20.55,0.0768,0.2406,0.1602,,0
1480,96.6,0.841,1.49,-143.32,27.74,-0.2543,0.3248,0.0534,,0
1481,497.3,-0.161,0.488,22.8,9.09,0.3252,0.1064,0.3115,,0
1482,560.7,-0.652,1.2,-250.02,22.33,-0.475,0.2615,0.1501,,0
1483,353.2,4.56,0.987,-191.59,18.36,-0.4243,0.215,0.1002,,0
1484,440.9,4.194,0.947,-213.09,17.64,-0.2718,0.2065,0.1021,,0
1485,294.9,0.436,0.971,-15.31,18.08,0.4023,0.2116,0.1957,,0
1486,203.9,0.215,1.062,-88.67,19.78,0.1364,0.2316,0.083,,0
1487,41.0,0.248,0.907,-23.63,16.88,0.2342,0.1976,0.1547,,0
1488,727.5,0.997,0.478,57.57,8.9,0.1038,0.1042,0.4279,,1
1489,846.3,-0.411,1.297,-253.68,24.15,-0.0792,0.2827,0.0994,,0
1490,277.0,0.678,0.74,-33.99,13.77,0.3138,0.1613,0.1083,,0
1491,837.9,2.788,1.12,37.32,20.86,0.2723,0.2442,0.2622,,0
1492,685.7,0.134,1.428,60.53,26.59,0.2026,0.3113,0.1148,,0
1493,287.0,0.573,1.319,-74.89,24.56,-0.0251,0.2875,0.1326,,0
1494,151.5,-0.548,1.05,-73.75,19.54,0.0085,0.2288,0.1473,,0
1495,234.8,1.775,0.739,-141.05,13.76,-0.3382,0.1611,0.1431,,0
1496,361.3,0.332,1.122,-87.73,20.89,0.4488,0.2446,0.1319,,0
1497,274.3,-1.404,0.554,42.97,10.3,0.3474,0.1206,0.2575,,0
1498,418.1,1.252,1.053,-222.32,19.6,-0.4073,0.2295,0.0542,,0
1499,56.4,0.023,1.121,-44.32,20.87,0.3709,0.2443,0.1258,,0
1500,266.8,0.157,0.753,41.42,14.01,0.267,0.1641,0.1488,,0
1501,265.3,1.122,1.125,-225.76,20.95,-0.7621,0.2453,0.0754,,0
1502,28.8,1.996,1.049,-127.54,19.52,-0.4344,0.2286,0.2106,,0
1503,767.3,0.964,0.71,31.39,13.23,0.5443,0.1549,0.3196,,0
1504,807.6,3.384,0.899,48.32,16.73,0.4453,0.1959,0.0932,,0
1505,316.3,0.075,0.673,17.67,12.53,0.3512,0.1467,0.2402,,0
1506,5.1,0.585,1.252,-96.11,23.31,-0.1969,0.273,0.1068,,0
1507,256.7,1.45,1.294,-187.63,24.09,-0.7741,0.2821,0.1237,,0
1508,688.7,0.679,1.452,-269.36,27.03,-0.2484,0.3165,0.0728,,0
1509,698.8,0.055,0.518,27.92,9.64,0.208,0.1129,0.2934,,0
1510,830.6,-1.449,1.281,7.93,23.85,-0.9695,0.2792,0.1182,,0
1511,572.3,-0.847,1.499,-12.88,27.9,0.6411,0.3267,0.1388,,0
1512,761.9,0.606,0.694,45.37,12.93,0.222,0.1513,0.0947,,0
1513,828.4,0.384,1.049,70.8,19.53,0.3026,0.2286,0.1658,,0
1514,546.7,1.024,0.911,38.71,16.96,0.4288,0.1986,0.0823,,0
1515,235.4,2.158,1.312,-183.45,24.42,-0.7401,0.286,0.0459,,0
1516,764.8,0.094,0.724,63.78,13.49,0.5164,0.1579,0.0472,,0
1517,311.7,0.616,1.398,-163.12,26.02,-0.0205,0.3046,0.0927,,0
1518,305.3,0.568,0.402,19.85,7.49,0.459,0.0877,0.4714,,1
1519,192.9,1.442,0.729,-35.21,13.56,0.3829,0.1588,0.2098,,0
1520,55.4,0.116,1.418,-105.73,26.39,0.0843,0.3091,0.0552,,0
1521,411.5,1.941,1.335,-219.99,24.84,0.0052,0.2909,0.0385,,0
1522,195.9,0.817,0.816,2.57,15.19,0.4926,0.1779,0.2172,,0
1523,514.4,1.288,0.771,34.3,14.35,0.5242,0.168,0.278,,0
1524,299.5,1.337,0.572,15.3,10.64,0.0354,0.1246,0.146,,0
1525,19.8,2.473,0.882,-51.52,16.42,0.0665,0.1923,0.2162,,0
1526,44.2,1.992,1.064,-144.55,19.81,-0.563,0.2319,0.2389,,0
1527,250.3,-0.061,0.984,-50.29,18.31,0.2345,0.2144,0.2829,,0
1528,55.5,3.133,0.878,-46.58,16.35,0.1001,0.1914,0.0499,,0
1529,694.3,0.234,1.383,-218.05,25.74,-0.4176,0.3013,0.0229,,0
1530,859.5,1.147,1.069,61.15,19.9,0.5754,0.233,0.1252,,0
1531,139.9,0.631,1.071,-82.33,19.94,0.1154,0.2335,0.109,,0
1532,504.7,0.791,1.324,-136.53,24.65,0.8316,0.2886,0.1809,,0
1533,215.8,-0.649,0.708,-100.52,13.18,-0.5025,0.1543,0.0682,,0
1534,125.3,1.975,1.068,-119.75,19.88,-0.5835,0.2328,0.1523,,0
1535,286.1,-0.645,0.963,-62.96,17.93,-0.6024,0.21,0.1272,,0
1536,329.2,-2.031,1.079,-37.59,20.08,-0.3244,0.2351,0.0341,,0
1537,24.0,-0.789,1.475,-115.16,27.46,0.0274,0.3215,0.1285,,0
1538,228.6,1.687,0.867,-5.33,16.15,0.8777,0.1891,0.1975,,0
1539,517.9,0.569,1.203,-14.71,22.39,0.4222,0.2622,0.2259,,0
1540,94.5,1.955,1.071,-112.66,19.93,-0.6951,0.2333,0.1149,,0
1541,550.8,-0.338,0.495,26.3,9.22,0.0755,0.108,0.4432,,1
1542,610.2,2.171,0.476,38.5,8.86,0.3538,0.1038,0.4954,,1
1543,549.2,0.073,0.857,38.18,15.95,0.4567,0.1868,0.2461,,0
1544,198.8,-0.276,0.687,8.67,12.78,0.4634,0.1496,0.0727,,0
1545,744.6,0.382,1.259,-234.87,23.43,-0.1707,0.2743,0.1145,,0
1546,647.5,-0.25,1.083,43.5,20.15,-0.0127,0.2359,0.1646,,0
1547,129.4,2.45,0.808,-52.55,15.04,0.1458,0.1761,0.0796,,0
1548,294.1,0.121,0.757,-41.52,14.09,0.6014,0.165,0.1124,,0
1549,49.0,1.145,1.376,-79.6,25.62,-0.1434,0.2999,0.1079,,0
1550,413.1,1.928,1.32,-244.88,24.58,-0.2505,0.2878,0.0756,,0
1551,284.9,-0.348,0.596,-6.43,11.09,0.2763,0.1298,0.2765,,0
1552,6.1,1.598,0.838,-58.57,15.6,0.6096,0.1826,0.1206,,0
1553,204.1,2.054,0.78,-125.67,14.53,-0.1648,0.1701,0.1327,,0
1554,232.0,1.605,0.764,-22.6,14.21,0.5649,0.1664,0.0689,,0
1555,701.8,0.906,1.305,-213.32,24.29,0.0,0.2844,0.179,,0
1556,800.6,1.394,0.821,54.12,15.29,0.4757,0.179,0.357,,1
1557,247.1,-0.667,0.636,31.51,11.83,0.3415,0.1385,0.4059,,1
1558,150.6,2.478,0.829,-35.46,15.43,0.3105,0.1807,0.3501,,1
1559,27.2,1.28,0.742,-101.26,13.81,-0.2798,0.1617,0.1678,,0
1560,704.3,0.577,1.359,-221.23,25.3,-0.1311,0.2962,0.1121,,0
1561,584.0,-1.757,1.597,-59.89,29.72,-0.7363,0.348,0.0432,,0
1562,343.6,-0.104,1.683,-77.32,31.33,-0.0679,0.3668,0.1173,,0
1563,267.8,0.375,1.114,-57.89,20.74,0.1737,0.2429,0.2303,,0
1564,649.3,0.726,1.282,-301.97,23.86,-0.7315,0.2794,0.1551,,0
1565,333.8,-0.547,0.589,30.46,10.96,0.265,0.1284,0.0297,,0
1566,148.5,0.249,1.083,-136.78,20.15,-0.7532,0.2359,0.0916,,0
1567,442.4,1.517,0.85,40.34,15.82,0.4201,0.1853,0.2401,,0
1568,5.2,0.637,1.165,-57.9,21.69,0.0243,0.2539,0.0669,,0
1569,154.0,-0.188,1.274,-72.68,23.72,0.0959,0.2777,0.0854,,0
1570,141.8,0.229,0.547,-3.19,10.18,0.4444,0.1192,0.2315,,0
1571,277.7,-0.231,0.54,43.01,10.05,0.4982,0.1177,0.5748,,1
1572,657.6,-1.957,1.317,-89.48,24.51,-0.4398,0.287,0.2209,,0
1573,643.4,-0.734,1.306,-279.07,24.31,-0.1534,0.2846,0.083,,0
1574,319.7,-0.611,0.546,34.35,10.16,0.4406,0.1189,0.497,,1
1575,508.5,-0.641,1.461,-280.95,27.19,-0.7431,0.3184,0.1447,,0
1576,489.9,-1.371,1.62,-19.23,30.15,-0.4857,0.353,0.156,,0
1577,428.8,3.498,0.919,-187.4,17.11,-0.1533,0.2003,0.147,,0
1578,293.4,1.579,1.329,-145.82,24.74,0.1151,0.2896,0.2635,,0
1579,330.2,-0.419,0.419,47.21,7.8,0.176,0.0913,0.3944,,1
1580,166.4,1.269,1.491,-37.8,27.76,0.178,0.3251,0.0483,,0
1581,136.4,2.458,0.758,-54.45,14.11,0.3012,0.1652,0.1848,,0
1582,10.5,0.647,0.855,-86.69,15.92,-0.2943,0.1864,0.3095,,0
1583,188.2,1.694,1.103,-179.4,20.53,-0.9563,0.2404,0.0465,,0
1584,592.0,-1.277,1.668,-54.91,31.05,-0.529,0.3636,0.2206,,0
1585,278.9,0.299,1.115,-57.39,20.76,0.2641,0.2431,0.1692,,0
1586,644.8,1.655,0.378,43.95,7.04,0.3498,0.0825,0.5481,,1
1587,163.9,-0.815,1.341,-147.25,24.96,-0.5103,0.2922,0.1929,,0
1588,134.9,-0.121,1.098,-75.73,20.44,-0.0042,0.2394,0.1271,,0
1589,28.3,-0.761,1.338,-83.13,24.92,-0.4354,0.2917,0.0673,,0
1590,162.3,-0.4,1.186,-120.57,22.08,-0.5018,0.2585,0.1256,,0
1591,393.2,1.861,1.29,-76.94,24.02,0.2872,0.2813,0.2067,,0
1592,25.3,1.235,1.336,-64.58,24.86,0.0816,0.2911,0.3101,,0
1593,430.1,2.495,1.277,-222.09,23.78,-0.2881,0.2784,0.0662,,0
1594,722.9,-2.647,1.372,-17.01,25.53,-0.2649,0.2989,0.0732,,0
1595,244.2,2.011,1.07,-56.63,19.92,0.3338,0.2333,0.2638,,0
1596,90.1,-0.449,0.883,1.64,16.44,0.4835,0.1926,0.1858,,0
1597,295.0,1.57,1.296,-121.24,24.13,0.2526,0.2825,0.0791,,0
1598,196.8,0.298,1.118,-78.55,20.81,0.0921,0.2436,0.164,,0
1599,117.8,0.483,0.581,24.31,10.82,0.4432,0.1267,0.2682,,0
1600,555.7,0.007,1.319,-4.54,24.55,0.4944,0.2874,0.2113,,0
1601,521.6,-2.135,1.484,-224.61,27.61,-0.1439,0.3233,0.1137,,0
1602,732.5,-0.309,1.223,-217.38,22.77,-0.0255,0.2666,0.0644,,0
1603,825.7,-0.863,1.278,56.13,23.78,-0.264,0.2785,0.1704,,0
1604,292.3,-0.902,1.303,-108.69,24.26,0.5711,0.284,0.0317,,0
1605,337.3,-1.216,0.48,30.25,8.94,0.231,0.1046,0.4767,,1
1606,387.3,-2.368,1.746,-52.37,32.5,-0.021,0.3806,0.2227,,0
1607,267.0,2.249,1.232,-194.72,22.94,-0.589,0.2686,0.0397,,0
1608,247.9,0.118,1.085,-83.91,20.2,0.4493,0.2366,0.0742,,0
1609,6.6,0.865,1.237,-73.79,23.03,-0.0136,0.2696,0.2004,,0
1610,126.0,3.31,1.095,-117.75,20.38,-0.1511,0.2386,0.09,,0
1611,484.5,1.328,0.457,30.8,8.5,0.2372,0.0996,0.5424,,1
1612,351.7,1.22,0.96,-87.42,17.87,0.2006,0.2093,0.0669,,0
1613,490.1,0.075,1.526,-130.05,28.4,0.6304,0.3325,0.1308,,0
1614,273.9,-0.142,0.867,-70.99,16.14,0.1968,0.1889,0.2085,,0
1615,437.6,4.022,1.208,-231.15,22.48,-0.005,0.2633,0.2155,,0
1616,48.1,1.299,1.717,-99.06,31.96,-0.5654,0.3743,0.1254,,0
1617,256.8,-0.455,1.42,-112.84,26.44,0.0585,0.3096,0.0688,,0
1618,444.7,-0.932,1.289,-88.33,23.99,-0.9001,0.2808,0.0997,,0
1619,190.6,-0.099,0.669,-41.14,12.46,0.508,0.1459,0.2444,,0
1620,281.1,0.623,1.123,-81.95,20.91,0.2718,0.2448,0.1939,,0
1621,225.2,0.61,1.244,-163.49,23.15,-0.3968,0.2711,0.266,,0
1622,168.3,1.811,0.792,-119.63,14.75,-0.0857,0.1727,0.2366,,0
1623,73.9,-0.201,1.171,-92.55,21.8,-0.717,0.2553,0.1737,,0
1624,19.4,1.6,1.126,-78.03,20.96,0.5486,0.2454,0.117,,0
1625,230.6,1.346,1.034,-51.98,19.25,0.5835,0.2254,0.1119,,0
1626,426.5,-0.391,0.792,34.26,14.75,0.3566,0.1727,0.1435,,0
1627,231.0,0.724,1.072,-192.43,19.95,-0.6197,0.2336,0.1621,,0
1628,534.7,0.609,0.654,37.64,12.18,0.4667,0.1426,0.2653,,0
1629,313.4,0.39,0.451,21.8,8.4,0.4723,0.0983,0.5157,,1
1630,38.9,0.636,0.824,-97.11,15.33,-0.4082,0.1795,0.1838,,0
1631,335.3,2.799,1.512,-128.11,28.14,0.2774,0.3295,0.1222,,0
1632,217.4,0.597,1.559,-62.13,29.03,-0.0756,0.3399,0.1484,,0
1633,127.8,1.926,1.112,-166.58,20.7,-0.9456,0.2424,0.0719,,0
1634,364.8,-0.047,0.932,-57.96,17.35,-0.7754,0.2031,0.1338,,0
1635,486.8,-0.844,1.643,-219.95,30.58,-0.706,0.3581,0.2619,,0
1636,148.6,-1.447,0.952,-92.41,17.72,-0.5405,0.2075,0.1088,,0
1637,75.4,0.761,1.112,-87.33,20.7,0.3952,0.2424,0.0966,,0
1638,249.3,2.012,1.46,-186.82,27.17,-1.1607,0.3182,0.1264,,0
1639,342.2,0.546,0.974,-77.25,18.14,0.1666,0.2124,0.0593,,0
1640,161.7,2.377,0.864,-20.64,16.09,0.442,0.1884,0.2971,,0
1641,579.4,-1.512,1.52,5.38,28.29,0.7405,0.3312,0.1432,,0
1642,40.1,0.975,1.053,-83.67,19.61,0.2524,0.2296,0.0812,,0
1643,384.8,0.831,1.097,-208.78,20.42,-0.4348,0.2391,0.1352,,0
1644,257.6,0.264,0.647,50.8,12.04,0.3729,0.1409,0.1151,,0
1645,701.3,-0.182,1.34,-214.41,24.95,-0.2583,0.2921,0.0761,,0
1646,534.5,-0.979,1.309,-2.84,24.36,0.561,0.2852,0.1154,,0
1647,451.3,-3.262,1.873,-24.45,34.86,-0.1099,0.4082,0.046,,0
1648,705.9,0.239,1.432,-211.52,26.66,-0.0657,0.3121,0.0414,,0
1649,218.5,-0.25,0.496,40.93,9.24,0.2483,0.1082,0.4377,,1
1650,161.4,1.376,0.845,-37.57,15.72,0.5945,0.1841,0.1386,,0
1651,632.9,-0.884,1.752,-244.06,32.61,0.2808,0.3818,0.1634,,0
1652,6.0,0.802,0.947,-92.35,17.63,-0.3267,0.2064,0.0172,,0
1653,173.8,1.034,0.959,-131.38,17.85,-0.4576,0.209,0.1571,,0
1654,262.8,-0.162,0.351,36.64,6.53,0.5938,0.0764,0.5747,,1
1655,104.8,0.264,1.435,-112.75,26.71,-0.0204,0.3127,0.1434,,0
1656,482.8,3.402,1.376,-171.62,25.61,0.0512,0.2999,0.0479,,0
1657,280.1,1.97,1.368,-202.92,25.47,-0.898,0.2982,0.1223,,0
1658,355.6,1.612,1.502,-93.73,27.96,-0.417,0.3274,0.2641,,0
1659,855.7,0.161,1.119,54.62,20.84,-0.0255,0.244,0.2861,,0
1660,477.1,1.259,1.524,-299.17,28.37,-0.8956,0.3322,0.1835,,0
1661,419.2,1.15,0.552,46.36,10.28,0.4783,0.1204,0.3888,,1
1662,313.9,0.953,0.963,-89.25,17.93,0.2129,0.2099,0.0845,,0
1663,1.3,1.263,1.646,-89.1,30.64,-0.3564,0.3587,0.098,,0
1664,123.3,-0.994,1.058,-65.66,19.7,0.208,0.2307,0.0181,,0
1665,254.6,-0.774,0.906,-106.4,16.86,-0.6523,0.1974,0.2198,,0
1666,125.4,0.268,0.991,-69.65,18.44,-0.1853,0.216,0.183,,0
1667,578.7,2.184,1.32,-178.07,24.58,0.5384,0.2878,0.1275,,0
1668,874.6,-1.419,1.44,-247.96,26.8,0.0562,0.3138,0.1294,,0
1669,137.5,0.639,1.282,-59.45,23.87,-0.53,0.2795,0.0746,,0
1670,157.9,1.789,1.257,-74.76,23.41,-0.3148,0.2741,0.1155,,0
1671,342.3,-1.284,0.823,26.34,15.32,0.3382,0.1794,0.2034,,0
1672,601.6,0.499,0.743,40.54,13.83,0.3578,0.1619,0.097,,0
1673,110.3,0.855,0.795,-20.41,14.79,0.3217,0.1732,0.2218,,0
1674,267.5,-0.34,0.663,20.07,12.34,0.3897,0.1444,0.2104,,0
1675,203.6,1.906,0.814,-115.19,15.16,-0.1109,0.1775,0.168,,0
1676,567.4,-1.586,1.044,-260.73,19.43,-0.406,0.2275,0.0664,,0
1677,436.8,0.643,0.942,52.46,17.54,0.3877,0.2054,0.2377,,0
1678,84.1,1.834,1.162,-133.0,21.64,-0.5162,0.2533,0.1322,,0
1679,23.8,0.149,1.466,-92.53,27.28,0.0034,0.3194,0.1196,,0
1680,315.2,-0.981,1.025,32.39,19.08,0.2333,0.2234,0.2608,,0
1681,149.0,0.513,1.024,-4.85,19.05,0.0746,0.2231,0.0326,,0
1682,463.2,-1.101,1.716,-51.14,31.95,-0.061,0.3741,0.0895,,0
1683,206.7,0.56,1.107,-100.09,20.61,-0.1339,0.2413,0.0879,,0
1684,330.6,0.519,0.714,35.0,13.3,0.7862,0.1557,0.1175,,0
1685,886.6,0.28,1.435,-281.63,26.71,-0.0943,0.3127,0.0958,,0
1686,527.0,1.241,0.373,57.99,6.95,0.616,0.0813,0.4884,,1
1687,105.0,-0.074,1.51,-61.99,28.11,0.043,0.3291,0.0788,,0
1688,400.7,0.952,1.369,-206.56,25.48,-0.6767,0.2984,0.1193,,0
1689,79.3,1.549,0.906,-121.92,16.86,-0.5006,0.1974,0.0891,,0
1690,223.3,-1.306,0.407,11.81,7.57,0.3917,0.0886,0.409,,1
1691,565.7,1.606,0.467,44.69,8.7,0.4884,0.1018,0.2062,,0
1692,344.1,0.743,1.016,-183.7,18.91,-0.3989,0.2214,0.1808,,0
1693,26.1,0.951,1.027,-29.61,19.11,0.1214,0.2238,0.2063,,0
1694,229.1,1.837,0.99,-83.28,18.42,0.2603,0.2157,0.1206,,0
1695,149.5,1.395,1.387,-95.91,25.81,-0.4424,0.3023,0.0571,,0
1696,497.8,0.142,1.083,-55.33,20.17,-0.7873,0.2361,0.0589,,0
1697,19.7,2.438,1.147,-106.5,21.35,-0.2295,0.25,0.0973,,0
1698,29.2,2.438,1.146,-106.53,21.34,-0.2303,0.2498,0.101,,0
1699,347.3,-0.45,0.578,45.91,10.76,0.3377,0.1259,0.4191,,1
1700,2.0,0.64,1.095,-84.43,20.38,-0.1634,0.2386,0.1264,,0
1701,273.6,-1.909,0.731,26.52,13.61,0.4059,0.1594,0.3246,,0
1702,369.9,2.557,1.591,-261.51,29.62,-0.9923,0.3468,0.0817,,0
1703,16.0,3.196,0.985,-129.36,18.33,-0.5427,0.2147,0.2854,,0
1704,331.7,-1.092,1.347,-82.1,25.07,-0.8264,0.2935,0.1141,,0
1705,305.0,1.785,1.344,-145.61,25.01,0.098,0.2929,0.1071,,0
1706,301.0,1.085,1.077,-68.51,20.05,0.279,0.2348,0.0333,,0
1707,458.1,-1.302,1.569,-60.64,29.2,0.3697,0.3419,0.0243,,0
1708,50.8,1.901,0.828,-123.5,15.41,-0.5556,0.1805,0.2781,,0
1709,271.6,0.617,1.064,-77.13,19.81,0.3772,0.2319,0.1862,,0
1710,32.0,0.394,1.408,-102.44,26.2,-0.1362,0.3068,0.1434,,0
1711,377.6,1.903,1.414,-145.19,26.32,-0.1539,0.3081,0.1132,,0
1712,367.3,4.322,0.949,-180.09,17.67,-0.2404,0.2069,0.0206,,0
1713,177.9,2.102,0.981,-113.57,18.27,-0.1801,0.2139,0.2483,,0
1714,181.5,0.584,0.704,-22.98,13.1,0.572,0.1534,0.2503,,0
1715,516.0,-1.294,1.376,-292.14,25.62,-0.6707,0.3,0.072,,0
1716,149.5,-0.267,1.108,-57.95,20.62,0.2453,0.2414,0.1911,,0
1717,860.3,-0.279,1.052,77.21,19.59,0.2757,0.2294,0.1844,,0
1718,5.1,0.532,0.655,-38.44,12.19,0.5433,0.1428,0.209,,0
1719,823.2,-0.305,1.244,57.13,23.15,-0.0125,0.2711,0.199,,0
1720,131.8,0.395,0.602,6.82,11.2,0.5379,0.1312,0.2245,,0
1721,750.0,-1.29,1.537,-245.04,28.6,-0.3931,0.3349,0.0875,,0
1722,278.6,1.595,0.651,-68.63,12.13,0.0921,0.142,0.1258,,0
1723,261.0,2.208,0.807,-147.37,15.02,-0.2866,0.1758,0.1175,,0
1724,397.6,-0.573,1.77,-107.84,32.95,-0.5353,0.3859,0.1409,,0
1725,184.8,-0.136,0.889,-16.31,16.55,-0.3625,0.1938,0.0896,,0
1726,226.6,1.283,1.153,-131.23,21.46,-0.3479,0.2512,0.1338,,0
1727,134.0,-0.699,1.123,-38.15,20.9,-0.0417,0.2447,0.1185,,0
1728,153.8,2.872,0.85,-104.36,15.83,-0.0867,0.1853,0.0525,,0
1729,24.5,0.974,1.593,-93.41,29.66,-0.3609,0.3473,0.0793,,0
1730,381.6,2.743,1.401,-204.92,26.08,-0.7513,0.3053,0.1251,,0
1731,531.7,1.089,0.668,25.89,12.43,0.0283,0.1456,0.6013,,1
1732,141.5,-0.179,0.821,-55.7,15.29,0.0334,0.179,0.1003,,0
1733,224.1,1.022,1.167,-151.4,21.73,-0.2476,0.2544,0.06,,0
1734,712.3,-1.811,1.496,113.79,27.84,0.3994,0.326,0.085,,0
1735,113.7,-1.25,0.878,-30.23,16.35,0.2021,0.1914,0.0629,,0
1736,608.8,-0.092,1.602,-0.35,29.81,-0.2035,0.3491,0.2357,,0
1737,757.8,0.026,0.657,65.47,12.23,0.5632,0.1431,0.1751,,0
1738,324.2,0.886,0.611,34.98,11.38,0.737,0.1333,0.2761,,0
1739,930.0,-2.253,1.321,78.78,24.6,0.0859,0.288,0.0253,,0
1740,743.2,-0.626,0.935,57.16,17.41,-0.0936,0.2038,0.2269,,0
1741,186.4,-0.453,0.905,-94.7,16.85,-0.998,0.1973,0.1464,,0
1742,182.7,1.087,0.996,-75.22,18.53,0.169,0.217,0.0979,,0
1743,441.3,0.707,0.559,71.11,10.41,0.6521,0.1219,0.3727,,1
1744,59.2,0.499,1.188,-89.38,22.11,0.698,0.2589,0.1602,,0
1745,130.4,1.51,1.382,-61.42,25.72,-0.5392,0.3012,0.1573,,0
1746,473.6,-3.103,1.535,-91.96,28.57,-0.6725,0.3345,0.1378,,0
1747,394.2,1.998,1.389,-144.1,25.85,-0.5354,0.3027,0.2295,,0
1748,232.6,-0.12,0.922,24.67,17.16,0.2111,0.2009,0.2301,,0
1749,842.3,-0.417,1.266,66.75,23.56,-0.1301,0.2759,0.1612,,0
1750,172.3,0.323,1.153,-82.11,21.47,-0.1612,0.2514,0.0318,,0
1751,229.2,-1.618,0.747,12.23,13.91,0.6191,0.1629,0.1909,,0
1752,662.4,1.073,0.589,36.01,10.96,0.3251,0.1283,0.5339,,1
1753,318.6,2.168,0.682,44.7,12.7,0.4807,0.1487,0.2226,,0
1754,571.3,0.271,1.222,-286.28,22.74,-0.433,0.2663,0.1546,,0
1755,265.2,2.214,0.857,-19.5,15.95,0.3317,0.1867,0.2124,,0
1756,190.5,0.118,0.85,-107.32,15.82,-0.811,0.1852,0.1085,,0
1757,263.7,2.492,1.304,-183.56,24.28,-0.7988,0.2843,0.0724,,0
1758,427.6,1.677,1.168,-209.34,21.74,-0.069,0.2545,0.097,,0
1759,139.0,0.425,1.035,-99.69,19.26,-0.3984,0.2255,0.0882,,0
1760,270.6,1.14,0.844,-168.67,15.72,-0.4873,0.184,0.0142,,0
1761,333.7,2.565,1.214,-157.56,22.6,0.19,0.2646,0.1603,,0
1762,307.2,2.004,1.248,-179.36,23.23,-0.1209,0.272,0.1148,,0
1763,335.6,-1.716,1.214,-71.06,22.59,-0.9379,0.2646,0.2069,,0
1764,556.8,5.253,1.17,-214.46,21.77,-0.4879,0.2549,0.0451,,0
1765,153.5,-0.717,0.619,-12.64,11.52,0.3268,0.1349,0.2944,,0
1766,759.3,-0.261,1.384,-272.04,25.76,-0.1239,0.3016,0.083,,0
1767,141.1,-0.641,0.9,-96.56,16.75,-0.6018,0.1961,0.0898,,0
1768,565.5,0.404,1.292,-277.16,24.06,-0.5628,0.2817,0.1604,,0
1769,158.3,2.293,1.087,-100.89,20.24,-0.0157,0.237,0.1175,,0
1770,111.1,0.863,0.748,-30.39,13.93,0.5836,0.1631,0.1038,,0
1771,642.5,1.757,1.744,-290.82,32.46,0.4481,0.38,0.2125,,0
1772,377.8,1.055,1.126,-214.76,20.95,-0.3799,0.2453,0.0605,,0
1773,287.9,1.208,1.244,-114.5,23.15,0.0486,0.2711,0.0574,,0
1774,101.6,1.922,1.139,-96.75,21.2,-0.5971,0.2482,0.1136,,0
1775,219.0,-0.941,0.46,7.24,8.55,0.3389,0.1002,0.4011,,1
1776,626.8,-0.381,1.367,-274.31,25.45,-0.0786,0.298,0.0975,,0
1777,7.7,0.915,1.131,-47.91,21.06,0.2484,0.2465,0.2616,,0
1778,285.4,0.704,0.574,32.66,10.68,0.3188,0.1251,0.4303,,1
1779,594.5,-0.573,1.615,-71.34,30.05,-0.7342,0.3519,0.0957,,0
1780,74.5,1.972,1.045,-117.7,19.45,-0.5572,0.2277,0.1663,,0
1781,584.5,0.437,0.814,6.83,15.15,0.5758,0.1774,0.1771,,0
1782,259.9,0.283,0.88,-52.47,16.39,0.346,0.1919,0.2202,,0
1783,320.9,-2.015,1.047,-35.49,19.5,-0.3571,0.2283,0.1442,,0
1784,222.5,-0.964,0.781,-85.86,14.53,-0.5889,0.1702,0.0432,,0
1785,567.4,-0.125,1.339,-78.13,24.93,-0.9166,0.2919,0.0652,,0
1786,730.6,0.768,1.677,-267.91,31.21,0.1218,0.3654,0.0503,,0
1787,539.7,1.484,0.986,38.08,18.36,0.4352,0.2149,0.1165,,0
1788,413.7,0.965,0.476,51.46,8.86,0.5093,0.1037,0.3882,,1
1789,352.5,3.008,1.111,-53.87,20.69,0.2474,0.2422,0.0546,,0
1790,457.9,0.763,1.263,-205.07,23.52,-0.085,0.2754,0.0382,,0
1791,169.2,2.407,0.716,-26.34,13.33,0.5067,0.156,0.234,,0
1792,489.8,4.599,1.417,-178.31,26.38,0.2222,0.3088,0.0755,,0
1793,225.8,-0.284,0.995,-86.12,18.52,-0.1202,0.2168,0.1478,,0
1794,255.9,0.582,0.568,22.79,10.58,0.4204,0.1239,0.1896,,0
1795,67.9,0.792,0.902,-72.07,16.79,0.0924,0.1966,0.2277,,0
1796,545.0,1.17,1.202,-139.93,22.37,0.6155,0.262,0.1228,,0
1797,740.8,0.544,1.481,-36.09,27.57,-0.6715,0.3228,0.068,,0
1798,516.3,1.457,0.55,60.73,10.23,0.555,0.1198,0.3526,,1
1799,502.2,1.865,1.156,-129.22,21.52,0.9055,0.2519,0.1246,,0
1800,731.3,-1.992,1.599,-256.94,29.77,-0.103,0.3486,0.1256,,0
1801,852.5,1.553,1.122,62.35,20.89,0.4628,0.2446,0.1184,,0
1802,471.5,0.315,1.151,-87.24,21.43,-1.156,0.2509,0.0305,,0
1803,765.7,-2.719,1.436,-25.41,26.74,-0.2112,0.3131,0.1011,,0
1804,233.0,-0.882,1.612,-51.69,30.0,-0.1494,0.3513,0.0583,,0
1805,288.2,2.265,1.024,-13.03,19.05,0.5228,0.2231,0.3203,,0
1806,266.4,0.001,0.704,15.21,13.1,0.7127,0.1534,0.4261,,1
1807,738.2,0.404,0.75,45.41,13.96,0.1514,0.1634,0.2067,,0
1808,244.6,-0.663,0.745,16.39,13.87,0.2315,0.1625,0.2571,,0
1809,535.1,0.679,0.834,23.2,15.53,0.4299,0.1818,0.0692,,0
1810,193.3,0.591,0.6,17.85,11.17,0.6897,0.1308,0.2737,,0
1811,262.7,-3.15,0.984,-81.28,18.32,-0.6719,0.2145,0.0739,,0
1812,408.7,0.694,1.513,-90.23,28.17,-0.0651,0.3299,0.028,,0
1813,525.2,-2.457,1.301,-7.15,24.22,-0.5497,0.2836,0.1167,,0
1814,17.9,1.216,1.57,-72.13,29.22,-0.296,0.3421,0.1777,,0
1815,120.0,-1.078,1.59,-94.88,29.59,0.0135,0.3464,0.0572,,0
1816,317.0,-0.765,0.597,6.83,11.11,0.6406,0.1301,0.1773,,0
1817,165.1,2.488,0.662,-59.8,12.32,0.3047,0.1443,0.1831,,0
1818,545.8,1.249,0.705,41.3,13.12,0.1549,0.1537,0.094,,0
1819,190.9,-0.426,0.743,-6.61,13.84,0.1866,0.162,0.1273,,0
1820,648.0,0.933,0.589,19.65,10.96,0.0957,0.1284,0.276,,0
1821,667.2,-0.451,0.592,36.69,11.01,0.0159,0.129,0.2816,,0
1822,577.5,-1.218,0.908,32.35,16.9,0.7131,0.1979,0.1104,,0
1823,558.2,0.086,1.434,-21.1,26.69,0.4321,0.3125,0.1563,,0
1824,77.6,0.103,1.167,-36.64,21.72,0.399,0.2543,0.0833,,0
1825,569.1,2.268,1.334,-158.87,24.82,0.4395,0.2907,0.1735,,0
1826,820.7,-1.498,1.397,45.54,26.0,0.0033,0.3045,0.1197,,0
1827,125.0,1.13,1.406,-83.27,26.18,0.0111,0.3066,0.1852,,0
1828,532.0,-0.878,1.313,-23.35,24.44,0.3868,0.2862,0.1119,,0
1829,199.7,0.619,1.106,-86.91,20.58,0.0034,0.241,0.0966,,0
1830,167.2,-0.345,0.354,11.67,6.58,0.5062,0.0771,0.5541,,1
1831,830.9,1.097,1.187,52.99,22.1,0.5655,0.2587,0.0349,,0
1832,493.8,-1.623,1.613,-224.96,30.03,-0.6273,0.3516,0.0988,,0
1833,839.7,-1.855,1.465,-264.59,27.28,-0.1692,0.3194,0.1139,,0
1834,669.1,0.81,1.349,51.6,25.11,0.1062,0.294,0.2013,,0
1835,405.7,0.263,1.199,-102.63,22.32,0.5332,0.2613,0.0536,,0
1836,434.4,-1.057,1.473,-59.72,27.41,0.153,0.321,0.2291,,0
1837,661.0,2.396,1.635,-211.28,30.43,-0.0347,0.3563,0.1634,,0
1838,927.9,-0.709,1.171,78.58,21.8,0.0242,0.2553,0.0204,,0
1839,428.5,2.355,1.519,-202.34,28.28,-0.3772,0.3311,0.1293,,0
1840,442.0,1.46,0.911,51.67,16.97,0.1786,0.1986,0.1905,,0
1841,507.5,-2.137,1.678,-223.15,31.23,-0.4604,0.3657,0.1141,,0
1842,216.5,0.817,1.089,-12.54,20.28,0.7613,0.2374,0.1904,,0
1843,3.9,0.42,1.472,-58.62,27.4,0.6348,0.3209,0.1199,,0
1844,280.4,-0.652,0.713,7.23,13.27,0.3486,0.1554,0.2624,,0
1845,29.9,1.061,1.426,-87.72,26.54,-0.0385,0.3107,0.1473,,0
1846,442.2,0.49,1.374,-198.91,25.58,0.0344,0.2995,0.1056,,0
1847,550.4,1.369,0.434,49.88,8.08,0.5016,0.0946,0.3586,,1
1848,208.0,-0.028,0.585,7.37,10.89,0.342,0.1275,0.2079,,0
1849,334.1,3.509,0.985,-175.75,18.34,-0.0248,0.2147,0.1676,,0
1850,103.3,-0.002,1.825,-99.42,33.97,-0.1344,0.3977,0.1287,,0
1851,282.3,0.754,1.174,-218.54,21.85,-0.6662,0.2559,0.1874,,0
1852,363.9,0.393,0.657,46.65,12.23,0.3819,0.1432,0.0298,,0
1853,655.5,-1.564,1.367,-110.63,25.44,-0.5393,0.2979,0.1668,,0
1854,486.1,0.732,0.43,25.32,8.0,0.3984,0.0937,0.3877,,1
1855,535.4,0.131,1.127,-156.42,20.97,0.5923,0.2456,0.1461,,0
1856,736.8,0.115,1.487,-254.93,27.68,-0.2473,0.3241,0.1231,,0
1857,248.1,-0.212,0.507,13.4,9.44,0.5197,0.1106,0.3629,,1
1858,385.8,2.421,1.618,-251.41,30.12,-0.9017,0.3526,0.1292,,0
1859,773.4,-0.85,1.462,-264.07,27.21,-0.0752,0.3186,0.2289,,0
1860,134.8,2.253,1.067,-156.8,19.86,-0.918,0.2326,0.1087,,0
1861,922.9,-1.932,1.297,85.4,24.14,0.2258,0.2826,0.0764,,0
1862,438.0,-0.163,1.504,-32.1,27.99,-0.4273,0.3277,0.2394,,0
1863,683.1,1.116,1.49,-234.23,27.74,-0.1022,0.3247,0.0859,,0
1864,276.9,2.188,1.078,-184.81,20.07,-0.6641,0.235,0.0353,,0
1865,313.5,0.488,1.185,-106.37,22.05,0.1993,0.2582,0.1193,,0
1866,196.7,2.15,1.144,-69.59,21.29,0.2458,0.2493,0.0968,,0
1867,692.5,3.481,1.263,-165.94,23.51,0.5253,0.2753,0.1886,,0
1868,95.2,1.483,1.303,-116.39,24.26,-0.0192,0.2841,0.2954,,0
1869,816.1,-1.154,1.138,46.98,21.19,0.0604,0.2481,0.1262,,0
1870,306.1,0.099,0.746,10.83,13.9,0.4877,0.1627,0.1028,,0
1871,377.0,-0.886,1.433,-184.72,26.67,-0.9182,0.3123,0.0786,,0
1872,216.7,0.58,1.016,-45.42,18.92,0.6925,0.2215,0.1568,,0
1873,367.3,2.734,1.504,-249.83,28.0,-1.0859,0.3278,0.0509,,0
1874,238.3,-0.187,0.729,-112.56,13.58,-0.5697,0.159,0.087,,0
1875,267.0,0.309,1.088,-80.78,20.26,0.2051,0.2372,0.1631,,0
1876,402.8,0.946,0.642,47.64,11.95,0.37,0.1399,0.2711,,0
1877,370.0,0.104,1.478,-169.67,27.5,-0.7543,0.322,0.0342,,0
1878,252.2,-0.422,0.375,24.31,6.97,0.2863,0.0816,0.5488,,1
1879,376.7,-0.468,1.289,-109.7,24.0,-0.9139,0.281,0.0495,,0
1880,638.5,0.298,0.633,25.87,11.79,0.1985,0.138,0.2276,,0
1881,349.3,-1.418,0.551,40.24,10.25,0.3104,0.12,0.2882,,0
1882,35.2,-0.439,1.502,-63.53,27.97,0.0283,0.3274,0.1335,,0
1883,254.8,0.551,0.792,-55.95,14.74,0.3262,0.1726,0.0897,,0
1884,188.0,1.056,0.947,-56.87,17.64,0.2944,0.2065,0.1432,,0
1885,616.3,-0.393,1.603,-231.54,29.84,0.2171,0.3494,0.0954,,0
1886,194.5,2.332,0.766,-131.36,14.26,-0.2066,0.1669,0.1822,,0
1887,750.3,-0.558,0.834,50.6,15.52,0.0019,0.1817,0.2323,,0
1888,141.0,-0.369,0.788,14.3,14.67,0.6511,0.1717,0.2551,,0
1889,328.2,-1.42,0.624,42.59,11.62,0.2801,0.136,0.1406,,0
1890,457.5,3.498,1.078,-212.44,20.06,-0.5033,0.2349,0.0994,,0
1891,287.3,2.77,1.495,-185.26,27.82,-0.8783,0.3258,0.1468,,0
1892,213.8,1.752,1.221,-114.06,22.72,-0.1376,0.2661,0.1219,,0
1893,113.8,2.276,1.261,-66.47,23.47,-0.3701,0.2748,0.1752,,0
1894,525.5,0.894,0.893,30.18,16.61,0.4302,0.1945,0.292,,0
1895,5.2,0.942,1.098,-80.28,20.44,0.4641,0.2393,0.2775,,0
1896,153.2,-1.338,1.439,-91.57,26.78,-0.0403,0.3136,0.1335,,0
1897,121.4,2.656,1.359,-134.18,25.31,-0.1143,0.2963,0.0928,,0
1898,80.1,-0.216,0.945,-25.18,17.6,0.4079,0.2061,0.25,,0
1899,73.0,-0.214,0.944,-25.24,17.57,0.4079,0.2058,0.2523,,0
1900,458.6,-0.293,0.546,45.45,10.16,0.4748,0.1189,0.2533,,0
1901,674.2,-2.598,1.388,-65.76,25.83,-0.3316,0.3025,0.1718,,0
1902,748.1,1.169,1.672,-308.27,31.13,-0.8042,0.3645,0.2712,,0
1903,272.5,0.954,1.405,-65.44,26.15,-0.4651,0.3062,0.057,,0
1904,438.4,3.106,1.003,-186.31,18.66,-0.0481,0.2185,0.0251,,0
1905,289.9,-1.036,0.66,12.14,12.28,0.2102,0.1438,0.2353,,0
1906,236.1,1.972,1.222,-134.1,22.74,-0.5972,0.2663,0.0227,,0
1907,224.5,1.665,1.425,-52.95,26.52,-0.2027,0.3106,0.1634,,0
1908,578.3,0.974,0.447,33.88,8.31,0.4165,0.0973,0.3921,,1
1909,183.2,0.243,0.513,35.34,9.54,0.5786,0.1118,0.3448,,0
1910,357.8,3.727,0.912,-166.67,16.98,-0.2314,0.1988,0.0739,,0
1911,366.2,1.781,1.004,-207.65,18.69,-0.0108,0.2189,0.1069,,0
1912,432.2,1.524,1.109,-233.12,20.64,-0.5843,0.2416,0.0417,,0
1913,211.2,0.522,0.79,-15.96,14.7,0.7255,0.1722,0.0676,,0
1914,487.0,0.837,1.49,-218.9,27.73,-0.2429,0.3247,0.195,,0
1915,221.3,-0.29,0.762,-96.55,14.18,-0.5479,0.166,0.0483,,0
1916,303.1,2.046,0.659,-52.64,12.27,0.157,0.1437,0.2107,,0
1917,636.3,0.173,1.36,-269.57,25.31,-0.1475,0.2964,0.0665,,0
1918,365.9,1.337,1.518,-256.13,28.26,-0.9584,0.3309,0.0786,,0
1919,162.5,2.69,0.907,-44.88,16.89,0.4563,0.1978,0.2463,,0
1920,110.4,0.043,1.737,-127.57,32.34,-0.0732,0.3787,0.0592,,0
1921,268.1,2.093,0.802,-145.19,14.92,-0.3043,0.1747,0.1205,,0
1922,187.0,1.474,0.804,-98.09,14.97,0.0517,0.1753,0.0803,,0
1923,121.4,-0.411,1.47,-102.71,27.36,-0.1307,0.3204,0.047,,0
1924,659.7,-0.556,0.741,42.49,13.79,0.0054,0.1614,0.2517,,0
1925,362.9,-0.16,1.314,-169.99,24.45,-0.886,0.2863,0.1241,,0
1926,783.0,-0.401,1.572,-256.74,29.26,-0.1179,0.3426,0.1373,,0
1927,383.5,3.164,0.982,-150.39,18.28,0.105,0.2141,0.1516,,0
1928,131.7,-0.339,1.757,-65.72,32.71,0.236,0.383,0.1707,,0
1929,451.5,-1.446,1.343,-218.19,25.0,-0.5598,0.2927,0.1526,,0
1930,903.8,-2.467,1.294,47.56,24.1,-0.0423,0.2821,0.134,,0
1931,189.0,2.512,0.876,-56.0,16.31,0.7566,0.1909,0.1406,,0
1932,250.0,3.109,1.167,-69.95,21.71,0.2578,0.2543,0.0692,,0
1933,670.1,-2.096,1.455,-64.8,27.09,-0.489,0.3172,0.1217,,0
1934,120.5,2.172,0.838,-26.81,15.6,0.2803,0.1826,0.2169,,0
1935,271.9,-0.016,1.193,-74.51,22.21,0.3605,0.26,0.0246,,0
1936,591.6,0.992,0.878,-3.61,16.34,0.344,0.1914,0.1183,,0
1937,132.0,-0.114,1.506,-95.96,28.03,0.0855,0.3282,0.1461,,0
1938,420.8,0.564,0.713,13.43,13.28,0.4462,0.1554,0.2529,,0
1939,182.0,2.484,1.072,-104.46,19.95,-0.0057,0.2336,0.0827,,0
1940,737.0,-2.714,1.328,-7.72,24.73,-0.484,0.2896,0.1261,,0
1941,237.5,1.695,1.088,-216.68,20.24,-0.7726,0.237,0.0882,,0
1942,587.5,-0.337,0.675,55.77,12.57,0.1743,0.1472,0.0399,,0
1943,253.5,-0.119,0.8,22.45,14.89,0.7129,0.1744,0.145,,0
1944,537.9,2.438,1.094,27.97,20.36,-0.4376,0.2384,0.0782,,0
1945,216.5,-1.659,0.985,-109.79,18.34,-0.6392,0.2148,0.2019,,0
1946,434.5,-1.78,1.612,-77.34,30.01,-0.9236,0.3514,0.0955,,0
1947,89.2,0.783,0.924,-59.69,17.2,-0.0062,0.2014,0.0268,,0
1948,36.8,1.852,0.863,-50.44,16.06,0.0772,0.188,0.0709,,0
1949,8.9,2.776,0.973,-138.82,18.11,-0.4913,0.212,0.1574,,0
1950,408.5,2.083,1.079,-227.55,20.09,-0.4387,0.2353,0.2907,,0
1951,407.3,1.318,1.459,-216.65,27.16,-0.4234,0.3181,0.1527,,0
1952,546.1,0.244,1.217,-27.45,22.65,0.6065,0.2652,0.0423,,0
1953,433.4,2.826,1.013,-90.48,18.86,-1.08,0.2208,0.0353,,0
1954,263.5,1.492,1.058,-145.57,19.7,-0.218,0.2307,0.1743,,0
1955,418.1,1.27,1.453,-268.56,27.04,-0.9663,0.3166,0.0868,,0
1956,340.7,0.862,0.581,49.74,10.81,0.3244,0.1266,0.3508,,1
1957,307.9,-1.125,1.063,-69.79,19.79,-0.7133,0.2317,0.0551,,0
1958,570.0,-0.987,0.654,42.83,12.17,0.2679,0.1425,0.3669,,1
1959,85.0,1.477,1.127,-145.21,20.97,-0.8882,0.2455,0.1362,,0
1960,280.3,3.073,1.372,-187.69,25.54,-0.8705,0.299,0.0922,,0
1961,407.8,0.8,1.477,-195.63,27.49,-0.5918,0.3218,0.0595,,0
1962,139.9,2.28,0.819,-38.14,15.24,0.2865,0.1785,0.3088,,0
1963,576.6,-0.654,0.602,26.08,11.2,0.1657,0.1311,0.2023,,0
1964,199.2,1.189,1.191,-73.15,22.17,0.2351,0.2596,0.097,,0
1965,618.0,-1.124,1.199,55.23,22.32,-0.0053,0.2613,0.2143,,0
1966,155.7,0.349,0.928,-43.51,17.28,-0.2239,0.2024,0.1462,,0
1967,35.8,1.542,0.981,-60.39,18.26,0.4087,0.2138,0.0372,,0
1968,687.6,0.226,0.767,40.63,14.28,0.0553,0.1672,0.3842,,1
1969,763.0,-1.328,1.799,-216.27,33.49,-0.1971,0.3921,0.0707,,0
1970,191.3,0.869,1.242,-175.65,23.13,-1.3066,0.2708,0.1194,,0
1971,579.5,0.396,0.834,14.37,15.52,0.0594,0.1818,0.0923,,0
1972,447.7,0.334,0.51,26.93,9.49,0.1434,0.1111,0.4672,,1
1973,415.8,1.239,1.635,-249.71,30.44,-0.7039,0.3564,0.1569,,0
1974,521.7,-0.525,0.648,17.81,12.06,-0.1662,0.1412,0.4739,,1
1975,229.5,0.797,1.526,-84.25,28.41,-0.1607,0.3326,0.1579,,0
1976,129.3,1.357,0.697,-23.17,12.98,0.5252,0.152,0.0507,,0
1977,378.3,2.708,1.537,-265.26,28.6,-0.7614,0.3349,0.2263,,0
1978,176.3,0.73,0.723,-38.46,13.45,0.3136,0.1575,0.0787,,0
1979,348.5,2.604,1.622,-99.02,30.2,-0.4002,0.3536,0.1236,,0
1980,258.0,0.275,0.653,-94.56,12.16,-0.6219,0.1424,0.0555,,0
1981,309.8,0.65,0.621,40.09,11.55,0.4238,0.1353,0.4522,,1
1982,78.6,2.274,1.009,-55.07,18.78,0.4623,0.2199,0.1544,,0
1983,701.3,0.952,0.377,42.52,7.01,0.3629,0.0821,0.5741,,1
1984,512.9,-0.731,1.599,-245.61,29.76,-0.5431,0.3485,0.1891,,0
1985,165.1,1.201,0.921,-68.65,17.14,0.4854,0.2007,0.1124,,0
1986,334.3,-0.734,0.684,28.84,12.73,0.3948,0.1491,0.2186,,0
1987,342.7,0.083,0.504,14.76,9.38,0.2053,0.1098,0.3285,,0
1988,637.5,-0.112,1.613,-235.41,30.02,0.0299,0.3515,0.0939,,0
1989,183.9,-0.257,1.301,-42.85,24.21,-0.0828,0.2835,0.04,,0
1990,370.7,2.146,1.133,-217.38,21.09,-0.1628,0.2469,0.1688,,0
1991,204.9,1.247,1.333,-106.33,24.81,-0.3431,0.2905,0.1722,,0
1992,143.0,1.712,0.765,-45.73,14.24,0.5736,0.1667,0.1751,,0
1993,256.0,1.198,0.767,7.24,14.28,0.6169,0.1673,0.1818,,0
1994,122.1,-0.662,1.601,-45.98,29.81,0.1024,0.349,0.2265,,0
1995,753.4,-0.071,1.638,-223.4,30.48,-0.2088,0.3569,0.0306,,0
1996,74.1,2.096,1.064,-57.0,19.81,0.7863,0.232,0.2042,,0
1997,194.9,-0.664,0.713,-12.26,13.27,0.1322,0.1554,0.1294,,0
1998,151.6,-1.284,0.531,7.83,9.89,0.306,0.1158,0.2805,,0
1999,452.5,4.096,0.973,-190.76,18.11,-0.1246,0.212,0.1003,,0
2000,20.1,1.485,0.702,-100.03,13.07,-0.2974,0.153,0.0358,,0
2001,210.3,-1.071,0.797,8.64,14.83,0.414,0.1736,0.1914,,0
2002,177.3,0.468,1.195,-164.22,22.24,-1.1584,0.2604,0.208,,0
2003,326.5,2.536,1.528,-211.19,28.45,-1.0533,0.3331,0.1817,,0
2004,216.0,-0.646,0.746,18.59,13.89,0.5719,0.1627,0.1618,,0
2005,720.3,-1.196,1.192,29.03,22.18,0.1168,0.2597,0.0673,,0
2006,509.9,1.064,1.653,14.26,30.77,-0.0971,0.3602,0.0414,,0
2007,599.2,-1.64,1.6,1.69,29.79,-0.1487,0.3488,0.0716,,0
2008,551.4,-0.059,1.672,-34.94,31.13,-0.2182,0.3645,0.0671,,0
2009,35.9,1.744,1.171,-58.33,21.8,0.0492,0.2552,0.1285,,0
2010,48.4,3.039,1.001,-46.28,18.64,0.168,0.2183,0.0456,,0
2011,839.8,-1.701,1.161,76.36,21.61,0.0195,0.253,0.0602,,0
2012,163.0,0.84,0.814,-47.99,15.15,0.604,0.1774,0.2716,,0
2013,93.0,0.285,0.72,-116.82,13.4,-0.3732,0.1569,0.1197,,0
2014,855.6,-3.993,1.668,23.08,31.05,-0.05,0.3636,0.1134,,0
2015,358.1,1.378,1.513,-125.99,28.16,-0.1801,0.3297,0.2136,,0
2016,203.0,0.278,1.112,-15.48,20.7,-0.3747,0.2424,0.0495,,0
2017,455.1,0.512,1.475,-92.26,27.45,0.8618,0.3214,0.1402,,0
2018,448.1,0.51,1.476,-92.21,27.47,0.8617,0.3216,0.1421,,0
2019,22.7,-0.82,1.397,-96.83,26.01,0.4198,0.3045,0.0868,,0
2020,428.8,1.123,1.529,-245.75,28.47,-1.0648,0.3333,0.1679,,0
2021,5.7,-0.874,1.372,-65.63,25.55,0.3475,0.2991,0.1676,,0
2022,483.2,0.943,0.618,17.47,11.51,0.4153,0.1347,0.0843,,0
2023,90.1,2.345,1.375,-48.81,25.6,-0.8168,0.2998,0.0514,,0
2024,683.8,-0.106,1.37,-54.59,25.5,-0.5701,0.2986,0.1686,,0
2025,372.5,0.035,1.302,-192.57,24.23,-1.2264,0.2837,0.235,,0
2026,509.9,1.4,0.641,42.71,11.93,0.2809,0.1397,0.4165,,1
2027,111.8,-0.16,1.397,-122.12,26.0,0.106,0.3044,0.1746,,0
2028,529.9,0.503,0.481,51.52,8.95,0.4611,0.1048,0.2639,,0
2029,533.6,-0.029,1.713,14.28,31.88,-0.2002,0.3733,0.1472,,0
2030,532.2,-0.24,0.732,40.81,13.62,0.5358,0.1595,0.4107,,1
2031,582.0,-0.399,0.846,22.8,15.75,0.4263,0.1845,0.258,,0
2032,7.1,-1.295,1.24,-71.76,23.08,-0.1049,0.2702,0.0868,,0
2033,196.8,-0.653,0.845,18.38,15.74,0.2534,0.1842,0.0684,,0
2034,25.0,0.519,1.657,-89.82,30.85,-0.3619,0.3612,0.0626,,0
2035,25.5,1.168,1.097,-83.96,20.42,0.0563,0.2392,0.1526,,0
2036,185.8,1.77,0.785,-51.99,14.6,0.3838,0.171,0.1094,,0
2037,11.6,-0.761,1.105,-58.38,20.58,-0.1662,0.2409,0.1895,,0
2038,234.3,-0.478,0.678,14.9,12.62,0.6089,0.1478,0.3795,,1
2039,256.6,-1.061,0.767,-94.07,14.28,-0.6402,0.1672,0.2354,,0
2040,322.2,1.905,1.316,-216.4,24.49,-0.8795,0.2868,0.1686,,0
2041,244.1,1.11,0.968,-50.13,18.03,0.2078,0.2111,0.1779,,0
2042,232.4,3.565,0.998,-75.54,18.57,-0.0739,0.2174,0.0772,,0
2043,234.9,1.031,1.456,-66.64,27.11,-0.3002,0.3174,0.2038,,0
2044,513.5,1.295,0.864,34.1,16.08,0.4946,0.1882,0.3019,,0
2045,279.5,1.328,1.243,-70.89,23.13,-0.246,0.2708,0.1879,,0
2046,833.2,-2.098,1.207,72.08,22.47,-0.0519,0.2631,0.209,,0
2047,388.0,0.133,1.801,-58.38,33.52,-0.0982,0.3925,0.1024,,0
2048,638.5,-0.729,1.264,-75.41,23.53,-0.753,0.2755,0.0338,,0
2049,195.9,0.314,1.365,-147.75,25.41,-1.0885,0.2975,0.1452,,0
2050,85.2,1.709,1.055,-145.21,19.64,-1.0922,0.23,0.142,,0
2051,592.8,2.098,1.426,-153.58,26.55,0.5492,0.3108,0.1713,,0
2052,709.6,2.006,1.352,-226.58,25.17,0.5293,0.2947,0.0951,,0
2053,863.9,-2.919,1.215,76.25,22.62,0.0471,0.2649,0.0731,,0
2054,675.9,3.665,1.285,-180.81,23.91,0.0733,0.28,0.1423,,0
2055,212.2,0.414,1.028,-146.77,19.14,-0.4361,0.2241,0.0695,,0
2056,246.1,-0.259,0.913,-65.44,16.99,0.073,0.1989,0.1635,,0
2057,313.7,0.144,0.803,21.77,14.94,0.5389,0.175,0.2473,,0
2058,570.2,-1.233,1.304,11.79,24.28,0.6027,0.2842,0.0701,,0
2059,110.7,0.278,1.549,-151.87,28.84,-0.4355,0.3377,0.0594,,0
2060,55.8,1.715,1.076,-56.6,20.04,0.4672,0.2346,0.0262,,0
2061,660.9,0.22,1.08,-303.52,20.1,-0.479,0.2354,0.1744,,0
2062,374.5,2.02,1.531,-211.94,28.5,-0.6579,0.3337,0.1995,,0
2063,181.4,-0.462,1.33,-62.62,24.77,0.1358,0.29,0.1441,,0
2064,187.3,-1.045,0.736,11.56,13.7,0.0521,0.1604,0.168,,0
2065,165.1,0.445,1.316,-127.86,24.5,-0.4924,0.2868,0.0352,,0
2066,65.5,1.854,1.085,-130.24,20.2,-0.4257,0.2365,0.1088,,0
2067,183.3,0.371,0.7,-41.42,13.04,0.3914,0.1526,0.1138,,0
2068,288.2,0.721,1.073,-75.84,19.98,0.4835,0.234,0.1646,,0
2069,11.5,0.23,0.865,-31.55,16.1,0.6359,0.1885,0.1941,,0
2070,418.2,2.44,1.631,-85.12,30.37,0.179,0.3556,0.0949,,0
2071,163.5,-0.489,1.2,-161.99,22.33,-0.827,0.2615,0.1186,,0
2072,570.8,-0.588,0.497,33.0,9.26,0.1778,0.1084,0.2344,,0
2073,218.3,0.907,1.578,-63.43,29.38,-0.1194,0.344,0.0739,,0
2074,170.2,-2.028,0.935,-29.98,17.4,-0.0351,0.2038,0.0631,,0
2075,553.8,-0.39,0.955,49.72,17.78,0.4161,0.2082,0.0753,,0
2076,316.1,-1.256,0.48,25.8,8.93,0.1399,0.1046,0.3968,,1
2077,13.7,0.102,1.269,-65.04,23.63,-0.1206,0.2767,0.1066,,0
2078,466.6,-2.435,1.621,-84.6,30.18,-0.5511,0.3534,0.1519,,0
2079,104.4,0.181,0.645,-19.32,12.0,0.4032,0.1405,0.1381,,0
2080,210.1,-0.253,1.221,-36.87,22.73,-0.3567,0.2662,0.1401,,0
2081,462.0,3.985,1.048,-204.68,19.51,-0.2172,0.2285,0.1636,,0
2082,470.6,-0.351,1.449,-269.58,26.97,-1.0243,0.3158,0.1588,,0
2083,186.2,0.418,0.817,23.05,15.21,0.7327,0.1781,0.0213,,0
2084,338.9,3.936,1.554,-103.06,28.93,-0.4963,0.3387,0.0355,,0
2085,776.5,-0.572,1.805,-237.93,33.6,0.2586,0.3934,0.0518,,0
2086,78.0,0.328,0.899,-118.16,16.73,-0.6381,0.1959,0.1895,,0
2087,268.8,-0.513,0.671,31.69,12.49,0.3703,0.1462,0.0564,,0
2088,355.2,1.317,1.492,-244.92,27.77,-1.1232,0.3252,0.1564,,0
2089,197.9,1.306,1.498,-79.48,27.89,-0.0803,0.3265,0.1427,,0
2090,781.0,-1.475,1.407,-242.08,26.18,0.5567,0.3066,0.1773,,0
2091,253.5,1.126,0.977,8.21,18.19,0.7425,0.213,0.0287,,0
2092,196.3,3.197,1.227,-148.44,22.85,-0.7829,0.2675,0.1313,,0
2093,371.9,4.206,1.035,-172.33,19.26,-0.161,0.2255,0.0498,,0
2094,276.4,1.62,1.217,-54.28,22.65,0.1321,0.2652,0.2138,,0
2095,116.3,1.357,1.233,-77.25,22.96,-0.4267,0.2688,0.0897,,0
2096,580.4,0.538,0.586,27.51,10.91,0.3418,0.1278,0.2724,,0
2097,369.4,4.612,1.044,-148.88,19.43,0.1208,0.2275,0.114,,0
2098,376.5,4.615,1.045,-149.0,19.46,0.122,0.2278,0.1142,,0
2099,269.8,0.011,1.157,-194.3,21.54,-0.737,0.2522,0.1967,,0
2100,333.5,-1.981,1.235,-74.59,22.99,-0.6051,0.2692,0.0783,,0
2101,827.8,1.555,1.945,-282.72,36.2,-0.179,0.4239,0.2312,,0
2102,562.9,3.39,1.358,-171.47,25.27,0.0328,0.2959,0.1538,,0
2103,523.0,1.906,0.721,28.34,13.43,0.3713,0.1572,0.0484,,0
2104,227.8,1.513,0.777,-140.01,14.46,-0.2791,0.1693,0.183,,0
2105,570.4,-0.618,0.835,44.58,15.55,0.7003,0.1821,0.1328,,0
2106,932.5,-1.895,1.149,85.71,21.38,0.1179,0.2504,0.1041,,0
2107,444.7,3.308,1.268,-228.65,23.59,-0.1391,0.2763,0.1239,,0
2108,786.5,1.02,1.527,-210.06,28.42,0.0059,0.3327,0.0436,,0
2109,0.5,1.243,1.143,-74.53,21.28,-0.1624,0.2492,0.0617,,0
2110,504.4,-0.213,0.502,12.58,9.34,0.4664,0.1093,0.4448,,1
2111,262.1,1.086,0.789,22.44,14.68,0.7578,0.1719,0.2245,,0
2112,237.1,-1.043,0.868,35.66,16.16,0.1917,0.1892,0.0866,,0
2113,27.4,0.614,1.423,-54.83,26.49,-0.3168,0.3102,0.1015,,0
2114,602.0,0.692,0.594,37.35,11.06,0.5202,0.1295,0.2134,,0
2115,550.0,1.318,1.295,-279.89,24.11,-0.6054,0.2823,0.1573,,0
2116,766.3,-0.897,1.379,-272.94,25.66,0.0204,0.3005,0.1263,,0
2117,710.8,-0.545,1.382,-70.13,25.72,-0.5094,0.3011,0.1611,,0
2118,270.4,-0.276,1.139,-74.01,21.2,0.0204,0.2482,0.1492,,0
2119,277.0,1.751,1.306,-35.46,24.31,-0.029,0.2846,0.1153,,0
2120,856.9,-2.168,1.147,65.94,21.36,-0.1888,0.25,0.2254,,0
2121,505.9,1.149,1.549,-90.36,28.83,0.574,0.3376,0.1445,,0
2122,360.7,2.373,0.942,-178.56,17.54,-0.2569,0.2054,0.116,,0
2123,99.1,0.92,1.249,-99.18,23.25,0.3392,0.2722,0.0302,,0
2124,58.0,3.585,0.804,-74.55,14.97,0.2489,0.1752,0.1674,,0
2125,220.7,-1.112,0.428,11.01,7.96,0.334,0.0932,0.3799,,1
2126,171.3,2.558,0.976,-140.11,18.16,-0.2921,0.2126,0.1001,,0
2127,880.6,-2.852,1.176,81.02,21.9,0.0227,0.2564,0.0622,,0
2128,560.4,-0.55,0.547,21.66,10.19,0.2689,0.1193,0.3072,,0
2129,284.7,0.736,0.626,35.87,11.65,0.3879,0.1364,0.2629,,0
2130,347.7,1.57,0.788,-69.05,14.68,0.2302,0.1718,0.0859,,0
2131,134.7,-1.162,1.136,-125.41,21.15,-0.9609,0.2476,0.0875,,0
2132,51.2,2.153,1.362,-74.07,25.36,0.3718,0.2969,0.1287,,0
2133,233.6,0.875,1.206,-136.87,22.45,-0.4191,0.2628,0.2203,,0
2134,140.5,0.792,0.593,-20.7,11.03,0.2767,0.1292,0.2687,,0
2135,439.1,-1.349,0.644,30.27,11.98,0.3244,0.1403,0.2448,,0
2136,302.3,0.601,1.241,-102.91,23.09,0.3138,0.2704,0.095,,0
2137,238.2,1.079,0.783,-2.91,14.57,0.5214,0.1706,0.1233,,0
2138,195.3,0.146,0.658,19.58,12.24,1.0565,0.1433,0.0204,,0
2139,590.3,-1.986,1.592,-16.35,29.64,-0.7917,0.3471,0.2293,,0
2140,235.0,1.569,0.946,-63.86,17.62,0.5051,0.2063,0.0665,,0
2141,787.4,1.743,1.438,-263.38,26.77,-0.235,0.3135,0.136,,0
2142,125.8,-0.321,1.025,-80.48,19.09,0.2542,0.2235,0.1105,,0
2143,599.1,-1.038,1.547,-66.38,28.8,-0.5871,0.3373,0.1072,,0
2144,589.1,0.494,0.69,46.19,12.84,0.338,0.1503,0.1419,,0
2145,564.1,1.822,1.116,-162.92,20.77,0.4887,0.2432,0.0821,,0
2146,350.9,1.019,1.044,-80.01,19.43,0.2969,0.2275,0.1559,,0
2147,146.6,0.266,1.249,-28.76,23.26,-0.1994,0.2723,0.1359,,0
2148,122.4,-0.858,0.928,-31.38,17.28,-0.0629,0.2023,0.3217,,0
2149,260.2,-0.212,1.471,-50.74,27.39,-0.2263,0.3207,0.1125,,0
2150,45.8,3.999,1.016,-111.67,18.91,-0.1867,0.2215,0.0365,,0
2151,385.1,0.198,0.723,45.84,13.47,0.3486,0.1577,0.3859,,1
2152,565.3,0.101,1.274,-239.35,23.71,-0.3549,0.2776,0.1278,,0
2153,168.3,2.888,0.843,-39.13,15.69,0.4398,0.1837,0.1804,,0
2154,801.5,1.329,1.208,-273.7,22.48,-0.1019,0.2633,0.212,,0
2155,61.8,0.142,0.84,-8.2,15.63,0.4458,0.183,0.2172,,0
2156,581.3,-0.309,1.587,-32.76,29.54,-0.7605,0.3458,0.0969,,0
2157,329.4,4.33,1.426,-101.8,26.54,-0.5728,0.3108,0.0825,,0
2158,127.9,-0.086,1.163,-73.78,21.64,-0.002,0.2534,0.097,,0
2159,680.0,0.76,1.282,-304.32,23.86,-0.584,0.2794,0.1219,,0
2160,699.8,0.101,1.386,67.46,25.81,-0.0258,0.3022,0.1764,,0
2161,545.4,0.267,0.78,-0.74,14.53,-0.1812,0.1701,0.0355,,0
2162,29.7,1.63,0.896,-111.35,16.68,-0.4246,0.1953,0.0136,,0
2163,145.6,1.505,1.091,-123.61,20.31,-0.2885,0.2378,0.124,,0
2164,374.4,4.218,0.941,-171.17,17.52,-0.1879,0.2052,0.1078,,0
2165,541.7,-0.335,0.668,52.05,12.44,0.4171,0.1456,0.22,,0
2166,929.2,1.613,1.393,53.56,25.94,-0.3401,0.3037,0.1039,,0
2167,750.4,0.896,1.744,-37.15,32.47,-0.3859,0.3801,0.0563,,0
2168,241.0,1.852,1.387,-179.98,25.82,-0.5505,0.3024,0.1482,,0
2169,357.9,1.779,0.976,-83.13,18.18,0.2312,0.2128,0.1067,,0
2170,554.9,0.508,1.203,-262.56,22.4,-0.3796,0.2623,0.1585,,0
2171,131.4,2.82,0.793,-64.66,14.75,0.1794,0.1728,0.0844,,0
2172,551.3,0.891,0.896,47.28,16.67,0.6381,0.1952,0.0503,,0
2173,42.3,0.436,1.242,-74.32,23.12,0.0104,0.2707,0.1819,,0
2174,274.4,1.283,1.114,-165.99,20.73,-0.7976,0.2427,0.0364,,0
2175,202.8,-0.118,0.94,-7.39,17.49,0.4429,0.2048,0.0387,,0
2176,631.4,0.255,0.616,16.54,11.47,-0.0007,0.1343,0.2833,,0
2177,133.9,1.303,0.949,-60.62,17.66,-0.1064,0.2068,0.1874,,0
2178,270.7,-0.569,0.916,-88.67,17.05,0.0788,0.1997,0.1303,,0
2179,910.0,2.04,1.837,-301.07,34.2,-0.0022,0.4004,0.1347,,0
2180,667.5,-0.972,1.434,62.27,26.7,-0.0514,0.3126,0.1194,,0
2181,629.6,-0.457,1.705,-253.41,31.74,-0.1416,0.3717,0.0866,,0
2182,384.0,3.57,0.882,-174.54,16.41,-0.123,0.1922,0.1267,,0
2183,261.1,-0.136,1.132,-93.26,21.07,0.1501,0.2467,0.1059,,0
2184,339.2,0.749,1.071,-82.04,19.93,0.257,0.2334,0.171,,0
2185,60.9,2.151,0.989,-95.5,18.41,-0.5544,0.2155,0.0535,,0
2186,27.8,2.407,1.171,-65.09,21.8,-0.297,0.2552,0.1256,,0
2187,516.3,0.688,0.956,-132.24,17.8,1.0099,0.2085,0.0432,,0
2188,346.3,0.919,0.979,-85.94,18.22,0.1953,0.2134,0.185,,0
2189,64.8,0.792,0.738,-22.21,13.73,0.2857,0.1608,0.1062,,0
2190,287.1,1.652,1.202,-191.3,22.38,-0.5494,0.2621,0.2143,,0
2191,132.4,0.153,0.959,-72.86,17.84,-0.1009,0.2089,0.0621,,0
2192,165.4,2.207,0.677,-37.9,12.61,0.5805,0.1476,0.1456,,0
2193,61.6,0.648,0.775,-16.38,14.43,0.4454,0.1689,0.135,,0
2194,555.4,-1.426,0.62,18.6,11.55,0.1592,0.1352,0.2345,,0
2195,147.0,1.264,1.327,-84.14,24.7,-0.3746,0.2892,0.1681,,0
2196,436.4,0.967,1.343,-259.9,25.01,-0.9824,0.2928,0.2089,,0
2197,771.9,-0.108,0.552,46.87,10.27,0.337,0.1203,0.4451,,1
2198,322.3,0.248,1.127,10.62,20.98,0.2173,0.2456,0.1434,,0
2199,645.0,-0.15,1.239,47.59,23.06,0.2102,0.27,0.1295,,0
2200,407.0,2.779,1.437,-282.2,26.75,-1.0361,0.3132,0.1476,,0
2201,682.6,-1.929,1.608,-46.04,29.94,-0.6096,0.3505,0.1094,,0
2202,783.1,-0.968,1.188,47.54,22.12,0.1412,0.259,0.1054,,0
2203,840.3,-1.028,1.069,64.71,19.91,0.1807,0.2331,0.1754,,0
2204,42.9,1.931,0.922,-36.09,17.16,0.5077,0.2009,0.0476,,0
2205,64.6,1.968,1.096,-72.04,20.4,0.1415,0.2389,0.0894,,0
2206,584.4,-0.596,1.318,-270.16,24.53,-0.8267,0.2872,0.1935,,0
2207,17.6,1.996,0.887,-97.62,16.51,-0.0669,0.1933,0.195,,0
2208,334.5,1.9,1.484,-218.61,27.63,-1.1397,0.3236,0.0478,,0
2209,83.6,2.846,0.977,-58.38,18.18,0.3559,0.2129,0.1017,,0
2210,256.2,0.172,1.219,-101.7,22.69,-0.1261,0.2656,0.1133,,0
2211,709.5,0.324,0.59,17.52,10.99,-0.0437,0.1287,0.2905,,0
2212,192.4,0.491,0.97,-45.57,18.06,0.3509,0.2114,0.13,,0
2213,370.4,-0.05,0.712,29.91,13.25,0.3449,0.1551,0.2363,,0
2214,201.4,0.527,0.956,-147.18,17.79,-0.7152,0.2083,0.13,,0
2215,277.7,0.382,0.8,41.6,14.89,0.3417,0.1743,0.1644,,0
2216,51.3,2.681,1.248,-108.93,23.24,-0.4156,0.2721,0.1009,,0
2217,172.9,1.553,0.906,-96.07,16.87,-0.0092,0.1975,0.0637,,0
2218,201.8,-0.726,0.513,30.9,9.56,0.1831,0.1119,0.4853,,1
2219,130.8,-0.075,0.526,17.44,9.79,0.51,0.1147,0.2634,,0
2220,120.4,0.271,0.97,-88.03,18.06,-0.1875,0.2114,0.0598,,0
2221,603.9,0.695,0.675,53.41,12.57,0.4019,0.1471,0.2129,,0
2222,242.8,0.029,0.577,8.88,10.74,0.4401,0.1258,0.2582,,0
2223,269.4,0.594,1.079,-45.84,20.09,0.1761,0.2352,0.0849,,0
2224,356.0,-1.291,1.341,-69.76,24.96,-0.571,0.2922,0.1655,,0
2225,640.4,0.019,1.253,46.03,23.32,0.2558,0.273,0.1849,,0
2226,906.2,-1.554,1.379,-274.73,25.67,0.0878,0.3005,0.1217,,0
2227,328.7,1.985,1.284,-142.13,23.9,0.202,0.2799,0.1732,,0
2228,431.9,-0.683,0.705,40.08,13.13,0.3109,0.1537,0.0736,,0
2229,546.9,-0.951,1.575,-30.52,29.32,-0.0932,0.3433,0.0813,,0
2230,311.0,1.412,0.896,-69.27,16.69,-0.2119,0.1954,0.0487,,0
2231,40.5,2.242,1.063,-133.21,19.78,-0.4976,0.2316,0.2838,,0
2232,429.2,0.987,1.488,-259.31,27.71,-0.9969,0.3244,0.0858,,0
2233,360.4,1.492,1.292,-166.63,24.05,-0.6806,0.2816,0.2134,,0
2234,220.1,1.158,1.281,-89.36,23.85,-0.0021,0.2792,0.2003,,0
2235,614.3,0.651,1.409,-267.72,26.22,0.2093,0.3071,0.0772,,0
2236,174.6,1.309,1.077,-156.55,20.05,-0.7735,0.2347,0.132,,0
2237,239.1,-0.808,0.97,-60.47,18.06,0.1084,0.2114,0.0645,,0
2238,244.5,1.492,1.052,-207.0,19.59,-0.8475,0.2293,0.1761,,0
2239,28.2,0.212,1.246,-56.04,23.19,-0.386,0.2716,0.1205,,0
2240,143.1,1.85,1.051,-137.5,19.57,-0.3509,0.2292,0.1708,,0
2241,532.6,0.362,0.853,25.11,15.89,0.6554,0.186,0.2342,,0
2242,189.2,2.148,1.223,-181.31,22.76,-0.7439,0.2665,0.0523,,0
2243,272.8,0.822,1.001,-74.7,18.64,0.1241,0.2182,0.0246,,0
2244,402.6,4.086,0.925,-175.04,17.22,0.0019,0.2017,0.0944,,0
2245,59.9,2.57,0.946,-56.79,17.61,0.5053,0.2062,0.2344,,0
2246,610.1,-2.599,1.467,-285.35,27.3,-0.1265,0.3197,0.0546,,0
2247,226.9,-0.467,0.544,32.68,10.12,0.5958,0.1185,0.2408,,0
2248,327.4,-1.272,0.998,-88.9,18.58,-0.6117,0.2175,0.1173,,0
2249,190.8,0.873,1.549,-79.47,28.84,-0.1075,0.3377,0.1256,,0
2250,55.0,1.911,1.211,-122.13,22.54,-0.6692,0.2639,0.0894,,0
2251,42.0,1.122,1.471,-50.97,27.38,-0.0877,0.3206,0.2356,,0
2252,289.4,1.026,1.161,-215.72,21.61,-0.8202,0.2531,0.1544,,0
2253,677.5,0.371,1.108,-298.64,20.62,-0.3973,0.2414,0.077,,0
2254,248.6,0.817,0.863,-6.56,16.06,0.4664,0.1881,0.163,,0
2255,57.4,1.11,0.855,-61.78,15.92,0.5277,0.1864,0.1421,,0
2256,208.0,0.43,1.248,-164.26,23.24,-0.7775,0.2721,0.1569,,0
2257,746.3,-0.719,1.808,-220.92,33.66,-0.0907,0.3941,0.08,,0
2258,451.3,0.565,1.263,-105.24,23.51,-0.9193,0.2752,0.1115,,0
2259,138.7,0.38,1.554,-61.94,28.93,-0.0137,0.3387,0.0777,,0
2260,52.3,0.735,0.903,-25.18,16.8,0.271,0.1967,0.1633,,0
2261,44.8,-0.166,0.897,-41.69,16.7,0.2054,0.1955,0.1752,,0
2262,849.4,-0.677,1.34,76.89,24.94,0.0623,0.2921,0.2465,,0
2263,590.7,0.744,0.726,21.75,13.51,-0.0098,0.1582,0.0835,,0
2264,444.0,-0.658,1.597,-210.85,29.73,-0.8265,0.3481,0.1104,,0
2265,417.8,0.636,1.382,-81.54,25.72,0.2598,0.3012,0.0545,,0
2266,254.5,1.085,1.41,-190.31,26.25,-0.9118,0.3074,0.0143,,0
2267,122.8,1.408,1.285,-109.35,23.92,-0.6145,0.2801,0.2727,,0
2268,244.5,0.234,1.57,-53.84,29.22,-0.3485,0.3421,0.1671,,0
2269,206.4,-0.387,1.077,-97.38,20.05,-0.2031,0.2347,0.0244,,0
2270,814.7,2.365,0.658,72.62,12.24,0.4108,0.1433,0.2767,,0
2271,166.1,-0.445,0.662,-5.79,12.33,0.2215,0.1444,0.3925,,1
2272,317.4,2.072,1.397,-230.24,26.0,-0.9426,0.3044,0.095,,0
2273,253.8,0.622,0.989,-42.54,18.4,0.3611,0.2155,0.128,,0
2274,156.6,2.098,1.434,-89.23,26.69,-0.6499,0.3125,0.1912,,0
2275,934.9,-2.582,1.715,-248.91,31.93,0.1763,0.3738,0.1007,,0
2276,748.8,-0.604,1.793,-217.83,33.37,0.169,0.3908,0.0701,,0
2277,487.7,1.469,0.382,21.89,7.11,0.3413,0.0833,0.4964,,1
2278,325.2,-0.786,0.649,35.89,12.09,0.4977,0.1415,0.2343,,0
2279,281.4,0.446,1.058,-45.98,19.7,0.6466,0.2307,0.0293,,0
2280,293.1,3.387,1.217,-196.57,22.66,-0.8279,0.2653,0.0774,,0
2281,71.6,2.054,0.915,-57.38,17.03,0.5271,0.1994,0.2817,,0
2282,267.3,2.362,1.076,-172.12,20.03,-1.0414,0.2345,0.0953,,0
2283,446.6,-0.993,1.737,-39.56,32.34,-0.6603,0.3787,0.1736,,0
2284,318.8,-2.59,1.448,-48.51,26.95,0.4029,0.3156,0.1272,,0
2285,154.2,0.676,0.725,-53.78,13.49,0.3955,0.1579,0.2482,,0
2286,463.6,1.417,0.554,14.29,10.31,0.0849,0.1207,0.4335,,1
2287,213.3,0.83,1.223,-72.24,22.77,-0.0322,0.2666,0.2186,,0
2288,794.4,0.612,1.252,-266.29,23.3,-0.3375,0.2728,0.1425,,0
2289,563.5,1.566,1.836,-253.1,34.18,-0.6742,0.4002,0.0415,,0
2290,893.7,-1.052,1.539,-259.6,28.65,-0.041,0.3354,0.1293,,0
2291,329.9,-1.343,1.208,-38.14,22.48,-0.4094,0.2632,0.0123,,0
2292,348.2,3.639,0.894,-157.37,16.65,0.082,0.1949,0.0824,,0
2293,165.0,0.955,0.826,-102.5,15.37,-0.395,0.18,0.2096,,0
2294,60.8,2.329,1.077,-140.87,20.06,-0.3844,0.2348,0.1189,,0
2295,459.1,0.54,0.608,25.59,11.31,0.6905,0.1325,0.2715,,0
2296,549.4,0.252,1.466,-202.49,27.29,-0.3339,0.3195,0.3062,,0
2297,403.3,-0.845,0.712,14.67,13.26,0.0835,0.1552,0.481,,1
2298,421.0,3.347,1.265,-233.66,23.55,0.1213,0.2757,0.1456,,0
2299,161.7,1.669,0.878,-145.99,16.34,-0.1896,0.1913,0.0994,,0
2300,127.0,-0.189,1.541,-88.53,28.68,-0.0415,0.3358,0.1204,,0
2301,76.2,0.489,0.98,-93.38,18.25,-0.8145,0.2137,0.0783,,0
2302,387.3,3.111,1.53,-263.85,28.49,-0.819,0.3336,0.1086,,0
2303,796.0,0.846,1.061,43.36,19.74,0.5238,0.2312,0.1405,,0
2304,281.7,1.646,1.417,-205.99,26.38,-1.132,0.3088,0.1935,,0
2305,171.8,-0.046,1.238,-57.02,23.05,-0.2594,0.2699,0.167,,0
2306,783.8,1.102,1.533,-329.0,28.54,-0.7301,0.3342,0.0595,,0
2307,179.8,0.154,0.852,26.28,15.87,0.6825,0.1858,0.2005,,0
2308,906.6,-0.941,1.69,-263.39,31.46,-0.2026,0.3684,0.1536,,0
2309,329.5,-0.181,0.669,27.57,12.46,0.305,0.1459,0.0578,,0
2310,350.5,-2.039,1.058,-90.76,19.69,-0.7424,0.2306,0.2529,,0
2311,351.2,0.631,0.478,37.0,8.9,0.4596,0.1042,0.3318,,0
2312,417.7,1.678,1.413,-280.4,26.3,-1.0692,0.308,0.1009,,0
2313,294.5,-0.875,0.688,25.29,12.8,0.3234,0.1499,0.2781,,0
2314,94.1,1.359,1.241,-165.3,23.1,-0.8132,0.2705,0.217,,0
2315,677.8,-0.36,1.746,-248.5,32.5,0.0582,0.3805,0.0793,,0
2316,309.5,0.737,2.051,-88.31,38.17,0.1535,0.4469,0.1463,,0
2317,20.8,1.55,1.164,-65.6,21.67,-0.408,0.2537,0.0362,,0
2318,38.8,3.208,1.121,-105.73,20.87,-0.2139,0.2443,0.1097,,0
2319,168.4,-0.826,0.94,-111.12,17.5,-0.7236,0.2049,0.0775,,0
2320,237.5,-0.546,1.064,-85.09,19.81,0.1893,0.2319,0.1566,,0
2321,51.9,0.235,1.206,-79.93,22.46,-0.2352,0.263,0.1453,,0
2322,353.6,-2.392,1.504,-102.04,28.0,0.1299,0.3278,0.0731,,0
2323,200.4,1.5,1.559,-87.11,29.02,0.4215,0.3398,0.2445,,0
2324,286.0,1.773,1.269,-192.67,23.63,-0.45,0.2767,0.1944,,0
2325,309.3,-0.466,0.704,24.7,13.1,0.4073,0.1533,0.1675,,0
2326,330.1,-0.098,1.518,8.87,28.26,0.2853,0.3309,0.0584,,0
2327,394.6,1.518,0.661,31.18,12.3,0.4592,0.144,0.1322,,0
2328,205.9,2.065,1.124,-190.96,20.93,-0.8082,0.245,0.097,,0
2329,329.0,-0.725,0.525,61.74,9.78,0.7757,0.1145,0.2811,,0
2330,636.4,-0.969,1.294,-92.25,24.09,-0.0623,0.2821,0.0503,,0
2331,137.1,1.478,1.411,-91.06,26.26,-0.4393,0.3075,0.0463,,0
2332,595.4,-0.716,1.637,0.05,30.48,-0.0049,0.3569,0.0684,,0
2333,695.0,2.19,1.21,-166.18,22.52,0.5712,0.2637,0.1544,,0
2334,144.5,-0.995,0.536,0.85,9.98,0.2193,0.1168,0.4903,,1
2335,346.0,2.855,1.371,-107.71,25.52,-0.4624,0.2988,0.0817,,0
2336,295.8,-0.913,0.688,50.86,12.81,0.2472,0.15,0.216,,0
2337,691.8,0.792,1.461,-204.11,27.19,-0.1551,0.3184,0.0826,,0
2338,242.5,0.24,0.974,-84.09,18.13,-0.0151,0.2122,0.1652,,0
2339,158.1,0.857,1.165,-131.33,21.69,-0.6767,0.254,0.2154,,0
2340,149.0,-0.377,0.69,15.82,12.84,0.5046,0.1503,0.1622,,0
2341,437.2,1.917,1.308,-202.13,24.34,-0.1508,0.285,0.1689,,0
2342,403.2,0.578,1.068,-105.07,19.88,0.4144,0.2328,0.0942,,0
2343,140.5,-0.577,0.533,9.83,9.91,0.4704,0.1161,0.3811,,1
2344,273.4,3.302,1.324,-178.93,24.64,-0.5633,0.2885,0.1376,,0
2345,91.9,-0.888,0.839,-90.25,15.62,-0.6919,0.1829,0.156,,0
2346,505.7,2.087,0.577,53.38,10.75,0.4316,0.1258,0.3857,,1
2347,329.2,1.155,1.19,-206.64,22.14,-0.8974,0.2593,0.085,,0
2348,272.9,-0.475,1.223,-78.43,22.77,0.2492,0.2666,0.1788,,0
2349,827.0,-1.139,1.117,41.5,20.79,-0.0034,0.2434,0.2298,,0
2350,480.7,0.506,0.462,19.87,8.61,0.407,0.1008,0.4728,,1
2351,520.1,-0.913,1.411,-300.4,26.26,-0.6861,0.3075,0.0766,,0
2352,514.0,-0.913,1.415,-300.39,26.34,-0.6853,0.3084,0.0792,,0
2353,73.0,1.393,1.25,-94.98,23.27,-0.4098,0.2725,0.1777,,0
2354,142.0,0.046,1.082,-69.69,20.14,-0.1916,0.2358,0.1575,,0
2355,216.3,-0.064,1.005,-98.61,18.71,-0.1795,0.2191,0.1458,,0
2356,453.6,-1.19,1.948,-40.02,36.26,-0.5398,0.4246,0.1354,,0
2357,128.5,2.712,1.348,-131.94,25.1,-0.3143,0.2939,0.2322,,0
2358,12.3,2.062,1.036,-52.15,19.28,0.2002,0.2258,0.2657,,0
2359,249.2,-0.667,1.336,-81.45,24.87,0.0201,0.2912,0.0838,,0
2360,347.0,-1.279,1.413,-52.98,26.29,0.0711,0.3079,0.1192,,0
2361,134.1,0.152,1.685,-100.72,31.37,-0.2333,0.3674,0.133,,0
2362,628.8,-2.427,1.466,-284.81,27.3,0.2036,0.3196,0.2129,,0
2363,284.7,1.94,0.692,-160.1,12.88,-0.4017,0.1508,0.1756,,0
2364,468.1,-0.471,1.414,-239.64,26.32,-0.7773,0.3081,0.1764,,0
2365,155.3,0.755,1.487,-107.28,27.67,0.0591,0.324,0.1633,,0
2366,511.8,0.592,1.225,-130.15,22.8,0.9487,0.267,0.2226,,0
2367,218.4,-0.77,0.896,13.95,16.68,0.2989,0.1953,0.1638,,0
2368,82.5,1.382,1.186,-87.88,22.07,0.4505,0.2584,0.0697,,0
2369,104.8,2.334,0.757,-52.12,14.1,0.2599,0.1651,0.3011,,0
2370,14.6,0.274,1.112,-91.72,20.7,-0.2183,0.2423,0.0937,,0
2371,6.5,2.125,0.911,-94.62,16.95,-0.8133,0.1985,0.1663,,0
2372,556.0,1.821,1.246,-308.21,23.19,-0.5135,0.2716,0.072,,0
2373,767.1,2.147,1.712,-328.06,31.86,-0.6662,0.3731,0.0396,,0
2374,884.1,-1.142,1.371,-256.53,25.51,-0.0423,0.2987,0.0243,,0
2375,190.2,-0.057,0.499,25.67,9.29,0.3004,0.1087,0.4622,,1
2376,21.9,0.985,1.294,-83.23,24.08,0.6521,0.282,0.1198,,0
2377,718.9,0.045,1.366,88.14,25.42,0.231,0.2976,0.0619,,0
2378,198.5,0.133,1.054,-10.93,19.63,-0.2446,0.2298,0.11,,0
2379,771.5,-1.051,1.447,-211.45,26.93,0.3784,0.3153,0.0507,,0
2380,217.1,-0.285,1.298,-22.71,24.16,-0.2648,0.2829,0.2488,,0
2381,256.0,-0.631,0.451,19.83,8.39,0.3627,0.0983,0.2959,,0
2382,379.8,1.201,1.267,-180.07,23.59,-0.5504,0.2762,0.0987,,0
2383,20.0,1.281,1.055,-141.36,19.63,-0.219,0.2299,0.1053,,0
2384,264.4,1.266,0.854,-63.1,15.9,0.1873,0.1862,0.1509,,0
2385,478.7,4.065,1.198,-190.47,22.3,-0.0781,0.2611,0.0734,,0
2386,110.7,0.849,1.225,-58.12,22.8,0.1613,0.267,0.1921,,0
2387,233.3,0.704,1.702,-21.19,31.67,-0.0345,0.3709,0.1467,,0
2388,202.3,0.552,0.656,20.66,12.2,0.2831,0.1429,0.1484,,0
2389,30.5,1.778,0.918,-146.84,17.08,-0.3558,0.2,0.062,,0
2390,679.5,-0.343,1.071,59.26,19.94,0.049,0.2334,0.0778,,0
2391,394.3,-1.667,1.66,-65.59,30.91,0.0705,0.3619,0.0901,,0
2392,397.0,0.54,0.441,17.19,8.2,0.3316,0.096,0.448,,1
2393,163.9,-0.072,0.637,-14.86,11.87,0.1686,0.1389,0.4629,,1
2394,238.9,2.116,1.447,-203.55,26.93,-1.0473,0.3153,0.0924,,0
2395,399.0,2.109,1.295,-244.63,24.11,-0.5311,0.2824,0.212,,0
2396,546.2,0.146,1.552,-269.73,28.89,-1.0686,0.3382,0.174,,0
2397,249.8,-0.927,1.501,-120.26,27.94,-0.0416,0.3272,0.1411,,0
2398,540.0,2.094,0.569,45.82,10.58,0.4117,0.1239,0.3858,,1
2399,911.7,-2.36,1.289,71.31,23.99,-0.118,0.2809,0.0315,,0
2400,551.2,-1.022,1.296,-251.9,24.13,-0.4374,0.2825,0.1502,,0
2401,292.8,1.368,0.983,-87.16,18.29,0.2037,0.2142,0.1689,,0
2402,277.6,1.424,0.758,-162.12,14.12,-0.2158,0.1653,0.0986,,0
2403,161.1,-0.494,1.228,-70.4,22.85,-0.0325,0.2676,0.175,,0
2404,128.2,-0.572,1.369,-57.83,25.49,0.4842,0.2985,0.1304,,0
2405,523.4,-0.284,1.014,-126.48,18.87,0.9188,0.221,0.2047,,0
2406,259.3,1.149,0.66,1.22,12.28,0.3412,0.1438,0.2146,,0
2407,140.0,1.372,1.252,-84.52,23.3,-0.4268,0.2728,0.1414,,0
2408,131.5,0.007,0.972,-113.86,18.09,-0.5991,0.2118,0.0509,,0
2409,734.5,-0.392,0.718,55.36,13.36,0.1903,0.1564,0.2298,,0
2410,790.6,-1.533,1.549,-224.47,28.84,0.3647,0.3376,0.0821,,0
2411,158.0,0.554,0.504,21.12,9.38,0.5931,0.1098,0.2832,,0
2412,356.4,2.585,1.443,-257.6,26.85,-1.0816,0.3144,0.0889,,0
2413,240.7,1.761,1.27,-140.32,23.65,-0.4277,0.2769,0.1153,,0
2414,376.3,2.833,1.53,-251.08,28.49,-0.9447,0.3335,0.1113,,0
2415,323.2,-0.817,0.492,34.14,9.16,0.1117,0.1072,0.358,,1
2416,301.6,-0.586,0.735,21.48,13.69,0.3098,0.1603,0.3012,,0
2417,304.1,-0.564,0.562,27.02,10.46,0.2033,0.1224,0.4652,,1
2418,562.7,0.172,1.213,-16.54,22.58,0.6396,0.2644,0.0703,,0
2419,740.5,-1.672,1.587,-231.32,29.53,-0.3856,0.3458,0.1655,,0
2420,37.4,0.041,1.312,-56.92,24.42,-0.1353,0.286,0.187,,0
2421,351.2,2.636,0.984,-181.57,18.31,-0.2343,0.2144,0.0115,,0
2422,295.4,1.708,0.835,-52.71,15.54,0.0667,0.182,0.1247,,0
2423,460.7,0.31,1.234,-71.89,22.97,-1.1104,0.2689,0.2252,,0
2424,253.6,0.549,1.103,-61.98,20.54,0.0519,0.2405,0.0328,,0
2425,361.0,-0.914,1.496,-49.45,27.85,-0.0934,0.3261,0.1186,,0
2426,263.7,0.055,1.046,34.63,19.47,1.0133,0.228,0.0964,,0
2427,541.6,0.034,1.161,-7.73,21.61,0.4155,0.2531,0.1302,,0
2428,333.4,0.568,1.258,-199.15,23.42,-0.2968,0.2743,0.1363,,0
2429,427.6,0.713,0.573,45.95,10.66,0.3743,0.1249,0.3056,,0
2430,22.6,0.84,0.943,-106.64,17.55,-0.1032,0.2055,0.2122,,0
2431,469.8,1.428,0.435,19.1,8.09,0.2283,0.0948,0.4975,,1
2432,231.6,2.783,1.226,-142.22,22.82,-0.7782,0.2672,0.0884,,0
2433,136.1,1.712,1.526,-76.62,28.4,0.1814,0.3325,0.0677,,0
2434,521.9,1.785,1.555,-187.59,28.94,-0.1545,0.3389,0.1989,,0
2435,306.8,-0.733,0.5,54.73,9.31,0.4219,0.109,0.3308,,0
2436,32.0,0.48,1.67,-87.12,31.09,-0.3819,0.364,0.0667,,0
2437,157.9,1.039,0.64,16.34,11.91,0.4667,0.1395,0.33,,0
2438,790.1,-1.481,1.14,44.17,21.23,0.3975,0.2486,0.2793,,0
2439,167.6,2.758,1.034,-36.23,19.24,0.2314,0.2253,0.1305,,0
2440,149.8,1.23,1.433,-42.16,26.68,0.3689,0.3124,0.0647,,0
2441,303.5,-0.243,0.602,22.4,11.21,0.3969,0.1312,0.2717,,0
2442,375.0,-1.067,1.189,-86.63,22.13,0.4363,0.2592,0.2353,,0
2443,384.9,2.28,1.535,-288.61,28.57,-0.8361,0.3345,0.2527,,0
2444,231.3,1.33,1.08,-96.62,20.1,0.2357,0.2353,0.1415,,0
2445,846.2,0.789,1.009,64.43,18.79,-0.0817,0.22,0.1485,,0
2446,581.0,0.868,1.699,3.99,31.62,0.0625,0.3703,0.1227,,0
2447,503.7,0.116,1.435,-232.7,26.7,-0.6838,0.3127,0.0591,,0
2448,618.3,-1.285,1.763,27.0,32.82,0.1627,0.3843,0.0372,,0
2449,134.2,1.92,0.674,-1.72,12.55,0.6531,0.1469,0.1503,,0
2450,322.0,0.292,1.637,-59.49,30.47,-0.3532,0.3568,0.0485,,0
2451,880.7,1.774,1.226,40.26,22.82,0.182,0.2671,0.1374,,0
2452,146.6,1.346,0.792,-6.88,14.74,0.638,0.1725,0.1012,,0
2453,43.0,2.607,1.235,-58.41,22.99,0.1359,0.2691,0.1382,,0
2454,542.2,0.671,0.733,39.74,13.64,0.8106,0.1597,0.0849,,0
2455,604.2,1.525,1.501,0.45,27.94,-0.2677,0.3272,0.0687,,0
2456,496.9,0.839,0.85,24.28,15.83,0.6721,0.1853,0.237,,0
2457,257.5,0.133,1.079,-75.66,20.09,0.2782,0.2352,0.1504,,0
2458,39.9,-0.81,1.172,-48.74,21.81,-0.1722,0.2554,0.0591,,0
2459,810.9,0.723,1.212,58.08,22.56,0.2325,0.2641,0.1809,,0
2460,200.9,0.397,1.133,-38.69,21.09,0.0276,0.2469,0.1679,,0
2461,663.4,1.924,1.299,-294.98,24.17,-0.489,0.2831,0.2229,,0
2462,262.5,0.388,0.741,8.65,13.8,0.3432,0.1615,0.1199,,0
2463,338.8,2.152,1.349,-210.43,25.1,-0.7538,0.2939,0.2045,,0
2464,32.2,2.188,1.004,-55.84,18.69,0.5078,0.2189,0.1054,,0
2465,228.9,0.877,1.041,26.6,19.38,0.5534,0.2269,0.174,,0
2466,410.3,1.155,0.994,-109.83,18.5,0.3978,0.2166,0.0946,,0
2467,619.8,-0.619,1.293,-106.68,24.07,-0.3358,0.2818,0.0983,,0
2468,17.8,1.052,1.449,-78.39,26.97,-0.2309,0.3158,0.077,,0
2469,170.4,1.333,0.894,-88.16,16.64,-0.0213,0.1948,0.1838,,0
2470,320.1,2.02,1.002,-70.35,18.66,0.2807,0.2185,0.0819,,0
2471,379.2,-0.796,1.263,-92.17,23.5,-0.958,0.2752,0.2984,,0
2472,729.8,-1.946,1.152,38.38,21.45,0.0561,0.2512,0.1871,,0
2473,568.8,1.533,0.369,29.15,6.87,0.4651,0.0804,0.5245,,1
2474,338.6,1.957,1.34,-225.43,24.95,-1.0672,0.2921,0.1333,,0
2475,209.5,0.035,0.85,-95.67,15.82,-0.3826,0.1853,0.0771,,0
2476,15.8,2.047,1.341,-79.61,24.96,-0.1426,0.2923,0.1713,,0
2477,260.3,1.024,1.229,-183.94,22.87,-0.95,0.2678,0.0819,,0
2478,26.3,1.752,0.77,-26.9,14.33,0.4561,0.1678,0.2217,,0
2479,864.4,-0.409,1.061,65.35,19.75,-0.0959,0.2312,0.1016,,0
2480,240.3,-1.319,0.783,-91.07,14.58,-0.7409,0.1707,0.1395,,0
2481,271.9,0.478,0.638,23.56,11.89,0.4251,0.1392,0.076,,0
2482,350.7,0.073,1.661,-84.39,30.93,-0.1557,0.3621,0.0773,,0
2483,173.1,-0.462,1.29,-47.75,24.01,0.0332,0.2811,0.1139,,0
2484,522.2,0.475,1.316,-158.53,24.5,0.3823,0.2869,0.229,,0
2485,247.3,-1.424,0.941,-74.24,17.52,-0.5124,0.2051,0.0419,,0
2486,87.5,1.568,1.294,-68.93,24.09,0.2069,0.2821,0.1498,,0
2487,148.6,0.16,0.854,-50.12,15.91,-0.052,0.1862,0.1374,,0
2488,452.0,-1.355,1.88,-64.48,35.0,-0.522,0.4098,0.0965,,0
2489,290.5,1.328,1.365,-86.2,25.4,-0.5782,0.2974,0.21,,0
2490,473.3,-1.526,1.54,-29.11,28.66,-0.4216,0.3355,0.1704,,0
2491,128.1,1.735,0.784,-27.48,14.6,0.4509,0.1709,0.2998,,0
2492,892.6,-0.82,1.172,75.9,21.81,-0.1255,0.2554,0.1064,,0
2493,513.2,1.919,1.394,-252.17,25.95,-0.1693,0.3038,0.0261,,0
2494,544.2,-1.418,1.665,-71.05,30.99,-0.8957,0.3629,0.125,,0
2495,182.1,-0.13,0.769,-107.86,14.32,-0.7324,0.1677,0.0657,,0
2496,401.2,-1.1,1.446,-64.56,26.92,0.1654,0.3153,0.1569,,0
2497,783.9,1.02,0.631,47.75,11.75,0.3932,0.1375,0.3955,,1
2498,43.8,2.457,0.859,-123.34,16.0,-0.4317,0.1873,0.1141,,0
2499,309.2,1.002,1.153,-175.32,21.46,-0.0097,0.2513,0.1669,,0
2500,629.9,1.073,0.568,32.71,10.57,0.6088,0.1237,0.2551,,0
2501,285.3,0.11,0.863,-32.14,16.07,0.5025,0.1882,0.1316,,0
2502,331.2,2.147,1.139,-152.95,21.21,0.1833,0.2484,0.2419,,0
2503,239.5,1.697,0.849,-47.9,15.8,0.5203,0.185,0.2556,,0
2504,460.2,-2.223,0.704,25.21,13.11,-0.0481,0.1535,0.1574,,0
2505,528.0,0.573,0.656,37.05,12.21,0.3012,0.143,0.2051,,0
2506,132.6,1.196,1.427,-38.99,26.56,-0.5566,0.311,0.3433,,0
2507,597.6,0.347,1.401,-267.25,26.09,0.0167,0.3054,0.1628,,0
2508,411.4,0.886,0.511,26.41,9.51,0.1565,0.1113,0.4787,,1
2509,95.1,1.037,1.226,-71.7,22.81,-0.3566,0.2671,0.1008,,0
2510,673.5,0.727,1.516,-217.29,28.22,0.0598,0.3304,0.0656,,0
2511,93.8,-0.092,1.895,-89.57,35.27,-0.076,0.413,0.0659,,0
2512,166.3,0.914,0.489,13.77,9.11,0.6743,0.1067,0.3877,,1
2513,108.6,1.118,1.177,-84.3,21.91,0.2505,0.2565,0.0912,,0
2514,337.8,1.648,0.906,48.35,16.87,0.4011,0.1975,0.1449,,0
2515,837.8,-0.412,1.118,58.59,20.82,0.1293,0.2437,0.2043,,0
2516,261.8,0.437,0.763,17.36,14.2,0.6312,0.1663,0.2015,,0
2517,805.1,1.741,0.673,48.26,12.52,0.4569,0.1466,0.1563,,0
2518,580.3,0.12,1.328,-138.61,24.72,0.882,0.2895,0.0732,,0
2519,226.2,0.72,1.559,-5.11,29.01,-0.0974,0.3397,0.1052,,0
2520,650.0,1.122,1.115,54.57,20.75,0.028,0.243,0.1982,,0
2521,429.5,-0.614,1.497,-59.24,27.86,-0.7439,0.3263,0.0987,,0
2522,37.7,0.318,1.202,-57.81,22.38,-0.1191,0.2621,0.0816,,0
2523,658.9,0.765,0.651,56.36,12.12,0.2639,0.1419,0.1358,,0
2524,339.3,1.314,0.9,24.67,16.75,0.7267,0.1962,0.14,,0
2525,144.2,2.202,1.192,-70.52,22.18,-0.06,0.2597,0.1615,,0
2526,147.0,-0.669,1.2,-59.49,22.33,0.4726,0.2615,0.2161,,0
2527,124.2,0.49,0.446,6.43,8.31,0.4359,0.0973,0.3679,,1
2528,682.9,3.857,1.185,-203.46,22.05,0.2706,0.2582,0.1652,,0
2529,480.3,3.965,1.301,-175.76,24.22,0.0756,0.2836,0.0761,,0
2530,705.3,-1.571,1.475,100.04,27.46,0.2132,0.3216,0.1633,,0
2531,393.1,3.729,0.959,-165.75,17.85,0.1401,0.209,0.1199,,0
2532,52.6,0.723,1.142,-68.79,21.26,-0.1426,0.2489,0.1681,,0
2533,318.4,1.24,1.126,-144.64,20.96,0.1117,0.2454,0.1845,,0
2534,713.8,0.117,1.271,-223.29,23.65,-0.1692,0.277,0.1279,,0
2535,224.9,-0.329,0.752,-100.09,14.0,-0.4682,0.164,0.1498,,0
2536,602.8,1.414,1.362,-159.31,25.35,0.6752,0.2968,0.0862,,0
2537,475.7,0.795,0.806,28.11,15.0,0.4809,0.1757,0.238,,0
2538,140.5,2.163,0.944,-57.91,17.57,0.5391,0.2057,0.0454,,0
2539,124.4,2.938,0.988,-69.0,18.38,0.05,0.2153,0.1387,,0
2540,683.2,0.039,1.373,55.38,25.57,0.0366,0.2994,0.1823,,0
2541,448.6,-0.29,0.701,12.23,13.05,0.2759,0.1528,0.1546,,0
2542,216.9,-0.446,1.128,-126.21,21.0,-1.0602,0.2459,0.2437,,0
2543,275.9,1.741,1.003,15.72,18.67,0.7917,0.2186,0.1804,,0
2544,201.8,-0.276,0.77,-103.38,14.34,-0.6784,0.1679,0.0212,,0
2545,165.3,1.315,1.177,-86.36,21.92,-0.11,0.2566,0.1569,,0
2546,420.6,1.476,1.237,-210.5,23.03,0.2155,0.2696,0.1357,,0
2547,303.6,-0.151,1.294,-60.56,24.09,0.2192,0.2821,0.0824,,0
2548,339.8,-1.554,0.598,13.84,11.12,0.2965,0.1303,0.1507,,0
2549,722.5,0.617,1.465,-200.09,27.26,-0.0979,0.3192,0.0955,,0
2550,71.2,1.015,0.664,-29.71,12.36,0.3575,0.1448,0.2658,,0
2551,700.0,1.793,1.217,-214.81,22.65,0.7733,0.2652,0.1102,,0
2552,859.7,-0.461,1.685,5.44,31.36,-0.4087,0.3672,0.0966,,0
2553,774.3,2.335,1.534,-315.0,28.55,-1.0257,0.3343,0.1691,,0
2554,255.1,-0.319,0.669,19.13,12.46,0.7167,0.1459,0.2599,,0
2555,70.5,0.876,1.121,-36.7,20.86,0.4386,0.2443,0.1247,,0
2556,318.8,0.954,1.257,-172.62,23.41,-0.0761,0.274,0.142,,0
2557,338.1,-2.472,1.141,-41.18,21.24,-0.4098,0.2487,0.1011,,0
2558,734.1,-0.23,1.38,-217.62,25.69,-0.0109,0.3008,0.1475,,0
2559,320.2,2.124,0.906,-58.71,16.86,0.1052,0.1975,0.1439,,0
2560,700.5,-1.912,1.711,-26.65,31.85,-0.3397,0.373,0.2776,,0
2561,0.2,1.276,1.111,-65.72,20.68,0.4651,0.2421,0.1029,,0
2562,272.3,0.523,1.074,-224.86,19.99,-0.6931,0.2341,0.1651,,0
2563,359.5,0.577,1.556,-244.54,28.96,-1.1516,0.3391,0.1302,,0
2564,148.4,-0.937,0.671,-5.75,12.49,0.3391,0.1463,0.1807,,0
2565,532.1,-0.593,1.525,-247.16,28.39,-0.8539,0.3325,0.1476,,0
2566,426.0,1.0,1.486,-247.85,27.66,-1.1447,0.3238,0.1107,,0
2567,118.6,-0.347,1.117,-51.71,20.78,0.4044,0.2434,0.1621,,0
2568,432.6,0.909,1.382,-207.13,25.73,-0.2488,0.3012,0.1764,,0
2569,377.6,-1.492,1.589,-70.62,29.57,-0.1645,0.3462,0.0999,,0
2570,759.1,-0.015,1.33,-245.34,24.75,-0.1613,0.2898,0.1052,,0
2571,723.8,-1.676,1.621,-273.12,30.18,-0.2906,0.3533,0.1077,,0
2572,246.6,2.421,1.312,-189.75,24.42,-0.9294,0.2859,0.2421,,0
2573,319.8,3.205,1.371,-86.88,25.53,-0.4826,0.2989,0.1164,,0
2574,607.2,-0.283,1.394,-261.01,25.94,0.0538,0.3037,0.2816,,0
2575,50.6,1.886,0.984,-128.27,18.32,-0.6055,0.2145,0.221,,0
2576,26.8,2.095,1.114,-43.14,20.73,0.0185,0.2427,0.1917,,0
2577,115.4,-1.286,1.037,-20.65,19.3,0.1251,0.226,0.2206,,0
2578,594.0,0.182,1.013,-309.87,18.86,-1.2276,0.2208,0.0429,,0
2579,209.7,-0.374,0.883,32.06,16.44,0.5117,0.1925,0.1365,,0
2580,769.5,0.787,1.499,-0.47,27.9,-0.6767,0.3267,0.1277,,0
2581,137.9,-1.564,0.671,26.8,12.49,0.5517,0.1462,0.2043,,0
2582,155.7,-0.713,1.22,-93.13,22.71,0.0736,0.266,0.2341,,0
2583,495.3,0.365,0.826,63.82,15.38,0.7174,0.1801,0.1495,,0
2584,161.0,0.063,0.89,-17.87,16.56,0.3847,0.1939,0.2106,,0
2585,600.4,3.139,0.546,49.11,10.16,0.2318,0.1189,0.3333,,0
2586,255.4,-1.374,0.96,-6.62,17.87,-0.4101,0.2092,0.237,,0
2587,351.0,2.073,1.365,-115.11,25.41,-0.3842,0.2975,0.1783,,0
2588,758.6,-2.441,1.464,-31.66,27.25,-0.2557,0.3191,0.0905,,0
2589,311.1,1.92,1.542,-111.35,28.71,-0.0893,0.3362,0.1677,,0
2590,415.7,1.288,1.483,-70.7,27.6,0.161,0.3232,0.0706,,0
2591,198.4,1.894,1.116,-146.24,20.77,-0.6075,0.2432,0.1157,,0
2592,326.5,-0.457,1.603,-60.37,29.85,0.2246,0.3495,0.1243,,0
2593,167.9,3.037,1.167,-110.21,21.73,0.1383,0.2544,0.1102,,0
2594,252.1,0.35,0.556,29.57,10.35,0.3825,0.1211,0.4217,,1
2595,205.8,0.236,0.662,-0.06,12.33,0.4783,0.1443,0.4123,,1
2596,249.4,0.009,1.141,-95.33,21.24,-0.5367,0.2486,0.2063,,0
2597,778.5,-0.747,1.443,-185.79,26.86,0.4268,0.3145,0.0195,,0
2598,69.1,1.982,1.089,-57.65,20.27,0.5614,0.2373,0.1499,,0
2599,365.3,3.256,1.579,-257.8,29.39,-1.008,0.3441,0.0177,,0
2600,552.9,0.633,1.353,-156.85,25.18,0.6555,0.2948,0.161,,0
2601,91.1,0.938,1.193,-146.36,22.21,-0.9354,0.26,0.1594,,0
2602,500.4,0.436,1.752,-9.73,32.62,-0.0876,0.382,0.1354,,0
2603,19.9,0.669,1.764,-81.94,32.84,-0.3498,0.3845,0.1795,,0
2604,472.9,-3.094,1.743,-42.58,32.45,-0.3059,0.38,0.1027,,0
2605,431.0,1.337,1.33,-207.08,24.76,-0.4006,0.2899,0.1026,,0
2606,54.3,-0.533,0.863,-37.92,16.07,0.3663,0.1882,0.2193,,0
2607,505.6,1.401,1.348,-160.44,25.09,0.411,0.2938,0.2091,,0
2608,678.2,0.318,1.128,37.55,21.0,-0.0304,0.2459,0.0864,,0
2609,582.4,-1.039,1.545,-75.04,28.76,-0.5625,0.3368,0.2329,,0
2610,387.5,0.299,0.655,51.26,12.19,0.4686,0.1428,0.3717,,1
2611,477.0,1.559,1.39,-203.55,25.87,-0.2165,0.3029,0.0735,,0
2612,439.7,1.475,1.366,-213.92,25.42,-0.2919,0.2977,0.1083,,0
2613,74.0,1.265,0.866,-103.84,16.13,-0.5082,0.1888,0.1409,,0
2614,11.0,3.678,1.063,-127.29,19.79,-0.6024,0.2317,0.2039,,0
2615,153.0,1.954,1.154,-184.88,21.49,-1.4219,0.2516,0.1581,,0
2616,222.1,1.564,0.795,7.05,14.79,0.9125,0.1732,0.0586,,0
2617,195.9,0.044,0.615,-3.17,11.45,0.2756,0.1341,0.2139,,0
2618,152.8,1.35,0.549,-6.28,10.22,0.3926,0.1197,0.2742,,0
2619,577.3,0.07,1.164,-275.63,21.67,-0.4353,0.2538,0.1157,,0
2620,569.1,-0.426,1.077,40.36,20.05,0.0454,0.2347,0.2364,,0
2621,42.1,1.053,1.179,-73.27,21.94,0.4587,0.2569,0.1252,,0
2622,32.3,-0.253,1.408,-78.48,26.21,0.1993,0.3068,0.042,,0
2623,725.4,-0.301,1.208,-216.49,22.48,-0.119,0.2633,0.0235,,0
2624,646.0,-1.001,1.542,-86.73,28.7,-0.4162,0.3361,0.1157,,0
2625,480.0,-0.062,1.467,-234.06,27.31,-0.2667,0.3198,0.2279,,0
2626,803.8,-0.273,1.227,57.11,22.84,0.1656,0.2675,0.2583,,0
2627,421.7,-0.15,0.548,56.27,10.21,0.6254,0.1195,0.1879,,0
2628,319.7,0.877,1.198,-218.52,22.31,-0.4249,0.2612,0.2553,,0
2629,13.9,0.462,1.052,-60.33,19.58,0.2863,0.2292,0.2947,,0
2630,364.6,0.822,0.621,20.9,11.55,0.4493,0.1353,0.2835,,0
2631,270.0,0.914,1.281,-51.87,23.84,-0.1594,0.2791,0.3082,,0
2632,629.4,-0.76,1.316,-94.09,24.5,-0.2075,0.2868,0.1568,,0
2633,59.8,1.644,1.229,-49.46,22.88,-0.2917,0.2679,0.2625,,0
2634,713.2,-1.845,1.248,35.54,23.23,0.011,0.272,0.1666,,0
2635,820.2,0.84,1.48,-220.21,27.56,-0.3908,0.3227,0.1798,,0
2636,813.1,0.838,1.481,-220.14,27.57,-0.3916,0.3228,0.1775,,0
2637,167.4,0.451,0.534,12.94,9.94,0.3883,0.1164,0.2525,,0
2638,82.1,2.488,1.149,-149.16,21.39,-0.6583,0.2504,0.1576,,0
2639,62.6,-0.39,1.764,-64.28,32.84,0.7789,0.3845,0.0678,,0
2640,500.9,-0.4,1.547,-223.84,28.8,-0.574,0.3372,0.0424,,0
2641,345.5,1.651,1.399,-229.31,26.04,-1.0695,0.3049,0.168,,0
2642,54.2,1.831,1.087,-78.41,20.24,0.257,0.237,0.0982,,0
2643,351.9,2.221,1.465,-149.58,27.28,0.1101,0.3194,0.1258,,0
2644,380.8,2.237,1.413,-264.67,26.3,-0.6549,0.308,0.1114,,0
2645,309.4,0.7,1.03,-95.16,19.17,0.3096,0.2244,0.1128,,0
2646,593.2,-0.508,0.654,37.52,12.17,0.2829,0.1425,0.2211,,0
2647,356.6,1.349,1.218,-188.36,22.67,0.3319,0.2654,0.0788,,0
2648,25.5,0.888,1.073,-83.31,19.97,0.5451,0.2338,0.1247,,0
2649,124.8,2.066,0.961,-78.4,17.89,0.1403,0.2095,0.1276,,0
2650,391.6,-1.29,1.167,-92.97,21.71,0.3425,0.2543,0.069,,0
2651,527.9,1.553,1.281,-120.51,23.85,0.6593,0.2793,0.0766,,0
2652,747.1,0.797,1.257,-251.33,23.39,-0.2459,0.2739,0.1389,,0
2653,4.9,-0.215,1.275,-65.47,23.73,-0.0019,0.2779,0.0912,,0
2654,328.6,1.476,1.028,-75.8,19.13,0.0829,0.224,0.2061,,0
2655,92.6,-1.035,0.956,-25.23,17.8,0.542,0.2084,0.1695,,0
2656,913.7,-1.414,1.769,-247.76,32.92,-0.0048,0.3855,0.2176,,0
2657,498.2,-2.327,1.559,-275.09,29.02,-0.8194,0.3397,0.1817,,0
2658,355.9,0.485,1.299,-168.3,24.19,-1.0322,0.2832,0.0769,,0
2659,263.8,0.273,0.577,34.37,10.73,0.3947,0.1257,0.1898,,0
2660,194.1,1.887,1.03,-108.13,19.18,0.01,0.2245,0.0266,,0
2661,222.9,0.985,0.954,-51.5,17.76,0.0702,0.208,0.1013,,0
2662,774.1,2.504,1.732,-315.13,32.24,-0.608,0.3775,0.0911,,0
2663,124.5,0.16,0.864,-104.78,16.08,-0.7633,0.1883,0.0907,,0
2664,60.4,2.424,1.104,-111.58,20.56,-0.4272,0.2407,0.082,,0
2665,453.2,-1.523,0.529,36.83,9.85,0.1459,0.1153,0.4515,,1
2666,374.8,3.373,1.547,-259.22,28.8,-0.8638,0.3372,0.1976,,0
2667,115.4,-0.253,1.381,-87.47,25.7,0.2575,0.301,0.1768,,0
2668,888.5,-1.223,1.052,44.69,19.57,-0.1071,0.2292,0.2417,,0
2669,560.1,-0.292,1.003,-262.7,18.68,-0.097,0.2187,0.0486,,0
2670,277.4,-0.916,1.295,-56.16,24.1,-0.3328,0.2822,0.1231,,0
2671,546.9,-1.568,1.675,-251.17,31.18,-0.4344,0.365,0.1314,,0
2672,664.7,0.758,0.706,26.48,13.14,0.041,0.1538,0.1011,,0
2673,427.0,-0.022,1.299,-94.21,24.18,-1.1623,0.2831,0.1621,,0
2674,837.6,-1.274,1.432,18.34,26.66,-0.8152,0.3121,0.1645,,0
2675,729.7,-0.606,1.655,-234.54,30.8,-0.1811,0.3606,0.0652,,0
2676,68.2,1.209,0.897,-37.02,16.7,0.0478,0.1955,0.068,,0
2677,757.7,2.362,1.567,-316.68,29.17,-0.9499,0.3416,0.1679,,0
2678,424.0,2.041,1.435,-222.28,26.72,-0.5166,0.3128,0.1447,,0
2679,451.0,-0.644,1.527,-62.3,28.42,0.3016,0.3328,0.1547,,0
2680,199.1,-0.199,1.321,-144.83,24.59,-0.795,0.2879,0.2018,,0
2681,163.3,2.166,0.931,-106.43,17.33,-0.0619,0.2029,0.0721,,0
2682,119.8,0.079,1.002,-113.1,18.65,-0.7472,0.2184,0.0498,,0
2683,491.8,-0.315,1.582,-263.69,29.45,-0.893,0.3449,0.1073,,0
2684,86.9,1.066,0.671,-20.38,12.49,0.4261,0.1462,0.3049,,0
2685,715.9,-0.171,1.279,-197.74,23.81,-0.0543,0.2788,0.0818,,0
2686,297.2,1.1,0.728,2.74,13.54,0.5313,0.1586,0.0621,,0
2687,122.9,1.02,1.124,-68.0,20.93,-0.0827,0.2451,0.1335,,0
2688,98.4,2.286,1.09,-149.09,20.28,-1.2201,0.2375,0.3618,,1
2689,184.2,1.059,0.891,-34.41,16.58,0.4226,0.1941,0.2414,,0
2690,407.0,1.791,1.512,-93.37,28.14,0.6339,0.3295,0.0989,,0
2691,303.0,1.845,1.226,-190.72,22.82,-0.6169,0.2672,0.1109,,0
2692,730.9,-2.08,1.696,-263.37,31.56,-0.4174,0.3696,0.1243,,0
2693,422.9,-0.081,0.762,30.76,14.18,0.4865,0.166,0.1527,,0
2694,88.2,2.234,0.818,-59.76,15.22,0.486,0.1783,0.309,,0
2695,512.6,1.573,1.186,-163.34,22.07,0.552,0.2585,0.11,,0
2696,224.6,0.211,0.935,-9.32,17.4,-0.2449,0.2037,0.3064,,0
2697,540.4,1.436,1.315,1.24,24.48,-0.4146,0.2867,0.0892,,0
2698,251.7,0.49,0.9,20.52,16.75,1.0653,0.1962,0.0689,,0
2699,596.6,0.822,0.508,28.75,9.46,0.3102,0.1108,0.3576,,1
2700,110.8,0.195,1.165,-66.57,21.69,-0.3501,0.2539,0.1248,,0
2701,154.1,0.604,1.284,-71.9,23.9,-0.3824,0.2799,0.1151,,0
2702,889.6,-2.57,1.476,-266.3,27.47,0.1528,0.3217,0.2045,,0
2703,283.9,2.277,1.171,-182.92,21.8,-0.7568,0.2553,0.1095,,0
2704,696.3,1.177,0.542,39.92,10.09,0.4219,0.1182,0.4578,,1
2705,97.8,1.179,1.213,-155.01,22.58,-0.999,0.2643,0.026,,0
2706,320.6,-1.649,1.045,-42.17,19.45,-0.5246,0.2277,0.1238,,0
2707,174.3,0.291,0.74,19.39,13.77,0.5125,0.1613,0.0274,,0
2708,520.0,1.365,1.583,-90.89,29.46,0.3762,0.345,0.0436,,0
2709,298.7,-0.579,0.693,42.62,12.89,0.6787,0.1509,0.1646,,0
2710,175.3,-1.059,1.131,-129.68,21.06,-0.6795,0.2466,0.1746,,0
2711,873.5,-1.706,1.128,65.74,21.0,-0.2911,0.2459,0.0711,,0
2712,185.0,-0.607,0.743,-109.35,13.83,-0.7105,0.1619,0.1994,,0
2713,294.4,1.217,1.034,-85.75,19.24,0.3192,0.2253,0.1046,,0
2714,343.7,3.981,1.098,-176.87,20.44,-0.0953,0.2393,0.1184,,0
2715,62.4,0.945,0.626,-28.06,11.65,0.4955,0.1364,0.3215,,0
2716,474.5,1.723,1.231,-211.84,22.92,-0.3252,0.2683,0.1462,,0
2717,80.2,1.493,0.898,-101.45,16.72,-0.5148,0.1958,0.0901,,0
2718,551.1,-0.345,1.416,-18.79,26.35,0.6026,0.3086,0.0779,,0
2719,487.6,0.558,1.479,-113.68,27.53,0.533,0.3224,0.1242,,0
2720,653.9,1.004,0.462,48.79,8.61,0.3142,0.1008,0.4396,,1
2721,280.3,0.312,0.994,-106.47,18.5,0.1646,0.2167,0.2371,,0
2722,115.0,1.554,0.779,-24.93,14.5,0.4984,0.1698,0.1589,,0
2723,222.4,1.233,1.649,-83.29,30.69,-0.0812,0.3594,0.1586,,0
2724,490.1,-1.577,1.248,-52.76,23.24,-0.5985,0.2721,0.1505,,0
2725,219.9,1.444,1.577,-68.39,29.35,0.2197,0.3437,0.2979,,0
2726,106.7,0.368,0.745,-100.89,13.87,-0.3373,0.1624,0.0668,,0
2727,227.9,1.252,1.513,-60.66,28.16,-0.1038,0.3297,0.1789,,0
2728,213.9,-0.23,0.428,21.29,7.97,0.2686,0.0933,0.5366,,1
2729,355.5,-1.532,0.935,9.67,17.41,0.184,0.2039,0.2001,,0
2730,367.9,-0.523,1.111,-83.05,20.67,0.1118,0.2421,0.2564,,0
2731,326.7,2.039,1.152,-218.02,21.44,-0.455,0.251,0.1243,,0
2732,184.1,1.092,0.838,-44.67,15.59,0.335,0.1826,0.1791,,0
2733,400.7,-0.088,1.065,-94.6,19.82,0.708,0.2321,0.1842,,0
2734,260.7,0.828,1.551,-46.86,28.87,0.0758,0.3381,0.1601,,0
2735,332.1,-0.468,1.613,5.34,30.03,-0.3188,0.3516,0.0698,,0
2736,307.9,3.194,0.929,-150.67,17.29,-0.2869,0.2025,0.0833,,0
2737,365.1,-1.663,0.793,29.12,14.76,-0.0748,0.1728,0.3743,,1
2738,269.2,0.962,0.599,-60.22,11.15,0.2311,0.1306,0.1516,,0
2739,728.5,0.17,1.519,-284.71,28.28,-0.2302,0.3311,0.1234,,0
2740,356.3,1.693,1.548,-12.58,28.82,-0.0434,0.3375,0.091,,0
2741,549.1,-0.422,1.456,16.94,27.1,0.1488,0.3173,0.0502,,0
2742,192.3,-0.201,1.292,-72.06,24.05,-0.013,0.2816,0.0563,,0
2743,292.1,1.47,1.147,-183.07,21.34,-0.7673,0.2499,0.3274,,0
2744,597.2,1.588,1.64,-6.36,30.53,-0.127,0.3574,0.0253,,0
2745,73.2,0.797,0.746,-14.18,13.88,0.3912,0.1626,0.0856,,0
2746,130.2,1.209,1.284,-73.61,23.89,0.0469,0.2797,0.0272,,0
2747,759.8,0.435,0.819,61.88,15.25,0.1375,0.1786,0.0854,,0
2748,241.4,0.516,0.883,-11.98,16.44,0.7032,0.1924,0.3531,,1
2749,148.7,0.537,1.54,-80.76,28.66,-0.4279,0.3356,0.0585,,0
2750,36.4,3.162,0.902,-105.38,16.79,-0.4117,0.1966,0.0872,,0
2751,460.8,-3.239,1.789,-37.53,33.3,0.0696,0.3899,0.0691,,0
2752,496.3,-0.917,1.667,-236.22,31.03,-0.7464,0.3634,0.1281,,0
2753,311.3,2.044,0.99,-51.9,18.42,0.1589,0.2157,0.0923,,0
2754,571.4,1.582,1.681,-10.47,31.29,0.1257,0.3663,0.0921,,0
2755,588.2,1.885,1.419,-177.61,26.41,0.6396,0.3092,0.0185,,0
2756,685.4,3.951,1.265,-180.29,23.54,0.5072,0.2757,0.1263,,0
2757,527.4,-0.451,1.33,-18.78,24.77,0.5787,0.29,0.1016,,0
2758,407.8,0.024,1.134,-92.02,21.11,0.9799,0.2472,0.0727,,0
2759,918.4,-1.503,1.225,81.15,22.79,0.0784,0.2669,0.193,,0
2760,339.3,-0.885,1.228,-71.63,22.85,-0.3549,0.2676,0.0345,,0
2761,819.3,-0.61,1.682,-230.15,31.32,-0.0234,0.3667,0.1411,,0
2762,706.3,0.033,1.308,-221.78,24.34,-0.263,0.285,0.1235,,0
2763,677.7,1.416,1.396,-198.79,25.98,-0.1965,0.3043,0.0477,,0
2764,179.3,-1.071,0.797,-84.52,14.84,-0.841,0.1738,0.107,,0
2765,595.6,-0.379,1.287,-262.7,23.96,-0.3687,0.2806,0.2203,,0
2766,715.7,-1.446,1.184,32.13,22.04,0.1491,0.258,0.2305,,0
2767,453.4,0.34,1.106,-200.15,20.59,-0.0035,0.241,0.097,,0
2768,416.9,0.796,1.394,-197.63,25.95,-0.5378,0.3039,0.1587,,0
2769,162.8,-0.766,1.313,-74.21,24.43,0.085,0.2861,0.1571,,0
2770,410.4,-0.705,0.732,6.88,13.62,-0.0475,0.1595,0.3519,,1
2771,288.1,1.96,0.797,-88.18,14.84,0.1248,0.1738,0.1409,,0
2772,12.7,0.348,1.298,-72.89,24.17,0.4453,0.283,0.1429,,0
2773,716.5,-0.37,1.583,-264.36,29.46,-0.0277,0.345,0.0284,,0
2774,335.0,1.077,0.752,28.76,14.01,0.4546,0.164,0.2538,,0
2775,112.9,-2.382,0.928,-35.9,17.27,0.2269,0.2023,0.0848,,0
2776,467.3,-2.567,0.642,17.57,11.95,-0.0593,0.1399,0.3319,,0
2777,910.3,0.208,1.52,-271.54,28.3,0.037,0.3314,0.1535,,0
2778,324.4,1.073,1.341,-241.68,24.97,-0.5309,0.2924,0.1135,,0
2779,570.8,1.798,0.535,23.72,9.95,0.6598,0.1165,0.2616,,0
2780,732.5,-1.799,1.472,-36.94,27.4,-0.4151,0.3208,0.0793,,0
2781,133.5,2.598,0.919,-51.18,17.11,0.6148,0.2003,0.1202,,0
2782,619.7,-1.751,1.373,-277.29,25.55,-0.2062,0.2992,0.0857,,0
2783,147.4,0.801,0.971,-140.69,18.07,-0.9901,0.2116,0.0699,,0
2784,588.0,0.043,1.814,-0.52,33.77,0.2192,0.3954,0.0417,,0
2785,598.2,1.221,1.358,-181.49,25.28,0.3511,0.296,0.1348,,0
2786,722.8,-1.363,1.193,37.48,22.21,-0.0263,0.26,0.3298,,0
2787,205.1,0.988,1.044,-49.5,19.43,0.3059,0.2275,0.2695,,0
2788,214.0,0.6,1.072,-43.71,19.95,0.2464,0.2335,0.1008,,0
2789,498.9,0.718,0.774,39.84,14.42,0.235,0.1688,0.0934,,0
2790,33.1,-0.471,1.263,-89.54,23.51,-0.0916,0.2753,0.1764,,0
2791,337.7,-0.442,0.635,38.11,11.82,0.3391,0.1384,0.3635,,1
2792,315.1,0.339,1.373,-197.46,25.55,-0.5242,0.2992,0.1456,,0
2793,464.8,-0.487,0.708,-12.46,13.18,0.038,0.1544,0.2603,,0
2794,338.2,-0.688,1.505,-54.33,28.02,-0.583,0.328,0.1553,,0
2795,562.3,0.986,1.497,-6.97,27.87,-0.059,0.3264,0.0831,,0
2796,127.4,0.696,1.085,-81.83,20.2,-0.356,0.2366,0.0117,,0
2797,169.8,-1.167,0.908,-107.0,16.9,-0.8782,0.1979,0.1237,,0
2798,586.4,-0.975,1.44,10.51,26.81,0.6412,0.3139,0.1598,,0
2799,107.3,-0.01,1.386,-126.34,25.79,0.0006,0.302,0.2047,,0
2800,128.1,0.783,0.77,-13.9,14.33,0.6408,0.1678,0.3645,,1
2801,123.9,2.623,0.991,-91.51,18.45,-0.3906,0.216,0.2593,,0
2802,471.3,0.292,1.464,-207.22,27.25,-0.4421,0.3191,0.1481,,0
2803,524.4,0.841,0.627,41.81,11.67,0.6156,0.1366,0.0946,,0
2804,215.5,-1.837,0.631,25.53,11.74,0.3,0.1374,0.4133,,1
2805,331.6,2.799,1.239,-147.87,23.06,-0.0664,0.2699,0.197,,0
2806,229.9,0.407,1.688,-48.09,31.42,-0.1065,0.3679,0.092,,0
2807,70.4,1.583,1.099,-155.71,20.46,-0.4525,0.2395,0.2022,,0
2808,930.3,-1.041,1.56,-269.35,29.03,-0.2246,0.3399,0.1024,,0
2809,458.2,-0.223,0.809,21.09,15.06,-0.0292,0.1763,0.0821,,0
2810,36.3,0.686,0.933,-26.35,17.36,0.4493,0.2033,0.0633,,0
2811,623.4,-1.104,1.518,-233.08,28.26,0.092,0.3309,0.1908,,0
2812,443.1,0.373,1.388,-204.94,25.83,-0.4718,0.3025,0.1145,,0
2813,252.8,1.854,1.244,-138.78,23.16,-0.7573,0.2712,0.1379,,0
2814,707.1,2.014,1.216,-210.57,22.64,0.6229,0.2651,0.1356,,0
2815,48.0,2.42,1.028,-74.69,19.14,0.02,0.2241,0.2182,,0
2816,321.5,0.162,0.588,26.9,10.95,0.0468,0.1282,0.498,,1
2817,403.9,-2.985,1.675,-85.13,31.19,-0.1771,0.3652,0.141,,0
2818,695.7,0.023,1.452,-256.79,27.03,-0.2257,0.3165,0.0681,,0
2819,702.8,0.025,1.453,-256.89,27.05,-0.2249,0.3167,0.0716,,0
2820,97.2,1.574,1.195,-56.84,22.24,-0.5697,0.2604,0.0879,,0
2821,376.1,-0.897,1.388,-33.33,25.84,-0.6281,0.3025,0.1098,,0
2822,858.2,1.764,1.245,45.47,23.18,-0.0192,0.2714,0.2623,,0
2823,195.4,0.898,1.125,-168.91,20.94,-1.151,0.2452,0.1592,,0
2824,81.4,0.472,0.757,-28.22,14.08,0.4427,0.1649,0.1157,,0
2825,219.1,0.615,1.175,-182.28,21.87,-0.6735,0.256,0.1086,,0
2826,178.6,0.782,1.387,-34.1,25.81,-0.3436,0.3022,0.0313,,0
2827,491.0,-0.225,0.677,20.85,12.6,0.1938,0.1475,0.3542,,1
2828,832.2,0.27,1.283,-273.24,23.88,-0.4076,0.2796,0.1357,,0
2829,10.9,0.164,1.451,-65.34,27.0,0.5725,0.3162,0.14,,0
2830,715.8,-0.938,1.483,-30.71,27.6,-0.3818,0.3232,0.2032,,0
2831,879.2,-3.823,1.602,29.45,29.82,0.104,0.3491,0.1548,,0
2832,431.3,3.357,1.089,-177.63,20.28,0.0801,0.2375,0.0837,,0
2833,202.9,0.847,0.965,-30.52,17.96,0.7381,0.2103,0.1114,,0
2834,768.7,0.034,1.47,-258.99,27.36,-0.3461,0.3204,0.1561,,0
2835,8.6,-0.926,1.36,-86.23,25.31,0.4232,0.2964,0.1223,,0
2836,311.1,-0.6,0.503,22.86,9.35,0.1786,0.1095,0.4992,,1
2837,411.6,0.636,0.65,44.93,12.11,0.3073,0.1417,0.279,,0
2838,633.5,-0.976,0.799,35.27,14.88,0.4145,0.1743,0.1259,,0
2839,288.8,0.691,1.275,-113.84,23.72,-0.5437,0.2778,0.0959,,0
2840,176.2,0.906,1.481,-108.82,27.56,0.0994,0.3227,0.2096,,0
2841,137.9,-0.96,0.928,2.57,17.28,0.3219,0.2023,0.2762,,0
2842,298.1,0.834,0.856,28.81,15.93,0.4138,0.1865,0.3123,,0
2843,354.1,3.06,1.138,-186.88,21.19,0.021,0.2481,0.0621,,0
2844,944.4,-1.658,1.77,-260.44,32.94,0.1335,0.3857,0.0896,,0
2845,340.2,-0.3,0.521,31.52,9.7,0.3315,0.1136,0.4948,,1
2846,467.6,-0.904,1.58,-229.22,29.42,-0.5277,0.3444,0.1167,,0
2847,306.7,0.051,1.441,-60.34,26.82,0.2114,0.3141,0.2466,,0
2848,53.3,1.227,1.118,-100.54,20.82,-0.3948,0.2437,0.1266,,0
2849,648.0,-2.328,1.215,-73.94,22.63,-0.7928,0.2649,0.1665,,0
2850,225.2,0.901,1.402,-87.79,26.1,0.3926,0.3055,0.0704,,0
2851,528.3,1.051,1.053,31.84,19.59,-0.4557,0.2294,0.1399,,0
2852,41.6,1.348,1.735,-83.42,32.29,-0.1249,0.3781,0.1562,,0
2853,72.0,1.035,1.156,-104.53,21.52,-0.2836,0.2519,0.3325,,0
2854,677.9,-1.737,1.195,35.39,22.24,0.2862,0.2604,0.1857,,0
2855,288.5,-0.251,1.15,-56.1,21.41,0.4339,0.2507,0.1505,,0
2856,161.4,-0.186,1.235,-135.97,22.99,-0.975,0.2692,0.0769,,0
2857,655.1,0.722,1.074,-179.74,19.99,0.2682,0.234,0.1843,,0
2858,162.5,0.902,1.112,-165.29,20.7,-1.1435,0.2423,0.1534,,0
2859,376.8,1.025,0.596,30.97,11.1,0.3616,0.13,0.0444,,0
2860,125.2,-0.006,1.382,-59.97,25.73,0.295,0.3013,0.2535,,0
2861,194.3,-1.037,0.933,4.83,17.37,0.0342,0.2033,0.0942,,0
2862,444.4,-0.575,1.298,-240.64,24.17,-0.7957,0.283,0.0797,,0
2863,671.1,0.21,1.085,50.52,20.2,0.1678,0.2365,0.2316,,0
2864,316.3,2.579,1.087,-173.09,20.23,-0.0159,0.2368,0.1119,,0
2865,322.6,1.638,0.996,-71.33,18.54,0.1149,0.217,0.1354,,0
2866,512.2,-0.396,0.724,17.14,13.48,-0.0854,0.1579,0.2587,,0
2867,264.5,0.953,1.51,-188.55,28.12,-1.0819,0.3292,0.0565,,0
2868,524.7,1.742,1.359,-157.76,25.31,-0.0866,0.2963,0.2025,,0
2869,466.3,-1.942,1.589,-38.27,29.59,-0.393,0.3464,0.094,,0
2870,708.6,-2.907,1.137,44.57,21.17,0.2543,0.2478,0.0962,,0
2871,185.2,-0.662,0.606,12.58,11.27,0.3997,0.132,0.5319,,1
2872,87.6,1.736,1.077,-150.08,20.05,-1.1358,0.2348,0.1146,,0
2873,251.8,0.427,0.96,-110.9,17.86,-0.5827,0.2091,0.0248,,0
2874,808.5,0.601,1.261,-255.12,23.47,-0.2271,0.2749,0.1133,,0
2875,302.6,0.334,0.971,-59.63,18.07,0.3485,0.2115,0.1723,,0
2876,687.9,2.689,1.246,-190.39,23.19,0.6372,0.2715,0.244,,0
2877,423.3,-0.314,1.537,-46.43,28.62,-0.442,0.3351,0.0758,,0
2878,849.5,1.767,1.282,76.89,23.87,0.2196,0.2795,0.087,,0
2879,277.8,-0.073,0.951,-109.67,17.7,-0.0686,0.2073,0.1593,,0
2880,318.3,-1.406,1.475,-106.4,27.46,0.7334,0.3216,0.0401,,0
2881,195.2,-0.147,0.745,-103.27,13.86,-0.4024,0.1623,0.0286,,0
2882,633.8,-1.874,1.386,-283.18,25.8,0.0483,0.3021,0.0217,,0
2883,300.0,1.788,1.422,-131.77,26.48,0.0914,0.31,0.1922,,0
2884,224.4,2.195,1.171,-193.61,21.8,-0.6161,0.2552,0.0823,,0
2885,456.5,-1.473,1.494,-266.12,27.81,-0.7649,0.3256,0.1212,,0
2886,40.2,0.109,1.073,-83.4,19.98,-0.2294,0.234,0.1476,,0
2887,581.1,1.11,0.633,42.67,11.78,0.5154,0.1379,0.1452,,0
2888,254.0,1.306,1.73,-39.61,32.2,-0.3149,0.3771,0.0924,,0
2889,193.4,-0.052,0.94,-89.91,17.49,-1.0377,0.2048,0.0827,,0
2890,587.9,1.633,0.491,32.07,9.13,0.3408,0.107,0.3914,,1
2891,499.7,-0.746,1.208,-133.82,22.49,0.5988,0.2633,0.0847,,0
2892,449.5,3.986,1.247,-154.53,23.21,0.0868,0.2718,0.1714,,0
2893,550.4,-0.95,1.841,-24.21,34.27,-0.8261,0.4012,0.1489,,0
2894,477.6,-0.738,1.402,-270.91,26.1,-1.0363,0.3056,0.1925,,0
2895,529.5,0.695,1.536,-86.75,28.59,0.451,0.3348,0.0786,,0
2896,318.5,0.474,0.794,33.8,14.79,0.2739,0.1731,0.181,,0
2897,589.5,-0.767,1.435,-81.11,26.72,-0.7724,0.3129,0.0585,,0
2898,650.8,-1.114,1.668,62.43,31.05,-0.1983,0.3636,0.0532,,0
2899,652.0,-0.17,1.32,37.31,24.57,0.153,0.2877,0.0943,,0
2900,102.9,1.268,0.771,-31.09,14.35,0.4943,0.168,0.272,,0
2901,200.8,1.155,0.826,-56.5,15.37,0.4031,0.18,0.0632,,0
2902,849.7,-2.407,1.478,15.57,27.52,-0.8369,0.3222,0.1385,,0
2903,251.4,0.012,0.574,-2.61,10.69,0.2673,0.1252,0.1815,,0
2904,170.6,-1.493,1.265,-99.72,23.54,-0.0816,0.2757,0.0468,,0
2905,862.0,2.182,0.984,77.73,18.33,0.3425,0.2146,0.1013,,0
2906,753.7,-0.465,1.462,-218.48,27.22,0.1209,0.3188,0.0914,,0
2907,248.5,2.668,1.087,-117.5,20.24,0.1408,0.237,0.0915,,0
2908,451.3,1.95,1.25,-227.32,23.28,-0.143,0.2725,0.1613,,0
2909,244.5,0.718,0.807,18.08,15.02,0.7569,0.1759,0.366,,1
2910,145.8,-0.562,1.662,-55.01,30.93,0.0468,0.3621,0.0406,,0
2911,104.2,-0.01,0.851,-28.67,15.84,0.0749,0.1855,0.1263,,0
2912,562.0,-1.277,0.762,7.83,14.18,-0.0356,0.166,0.0668,,0
2913,314.9,0.118,1.544,-75.21,28.73,-0.043,0.3364,0.2119,,0
2914,516.0,1.563,0.865,27.95,16.09,0.3295,0.1885,0.0916,,0
2915,691.6,1.941,1.148,-321.83,21.37,-0.4121,0.2502,0.1769,,0
2916,596.1,-1.469,0.699,42.21,13.02,0.2914,0.1524,0.2346,,0
2917,250.7,1.258,1.467,-50.03,27.31,0.1031,0.3198,0.1333,,0
2918,357.1,2.444,0.981,-58.16,18.26,0.0917,0.2138,0.1642,,0
2919,261.2,2.396,1.272,-190.68,23.68,-0.6647,0.2772,0.2014,,0
2920,365.1,1.15,1.44,-91.08,26.81,-0.0911,0.3139,0.1305,,0
2921,251.4,-0.061,0.528,16.25,9.83,0.2516,0.1151,0.3562,,1
2922,69.5,0.208,0.63,-36.38,11.73,0.397,0.1373,0.3081,,0
2923,375.0,1.188,0.61,21.78,11.36,0.3432,0.133,0.1484,,0
2924,53.3,2.223,1.338,-113.89,24.91,0.1627,0.2917,0.1057,,0
2925,894.2,-1.839,1.459,38.77,27.16,0.1336,0.318,0.0712,,0
2926,595.3,2.395,1.268,-196.7,23.6,0.5726,0.2763,0.0789,,0
2927,878.5,-0.878,1.068,80.17,19.88,-0.0488,0.2327,0.1064,,0
2928,47.7,0.727,1.319,-100.09,24.55,-0.4579,0.2874,0.1455,,0
2929,166.3,0.495,1.423,-176.38,26.49,-0.7098,0.3102,0.0636,,0
2930,354.3,0.148,0.592,29.15,11.03,0.4839,0.1291,0.4655,,1
2931,72.6,-1.694,1.577,-76.62,29.36,0.012,0.3438,0.0952,,0
2932,374.9,0.817,0.437,53.22,8.14,0.4823,0.0953,0.5117,,1
2933,506.3,-0.484,1.226,-29.62,22.83,0.6625,0.2673,0.1306,,0
2934,36.8,2.05,0.939,-141.13,17.49,-0.5549,0.2047,0.1034,,0
2935,289.2,1.087,0.741,-4.99,13.8,0.3229,0.1616,0.2467,,0
2936,636.0,-0.307,0.793,43.69,14.77,0.1408,0.1729,0.4403,,1
2937,697.8,-0.409,1.462,-279.04,27.22,-0.1916,0.3188,0.0973,,0
2938,563.5,-1.677,1.578,-28.66,29.37,-0.8343,0.3439,0.1014,,0
2939,299.0,-0.516,1.061,-59.72,19.74,0.0524,0.2312,0.1467,,0
2940,350.0,1.259,1.021,-41.21,19.0,0.1616,0.2225,0.1342,,0
2941,937.5,-1.372,1.258,66.24,23.42,-0.118,0.2742,0.1001,,0
2942,357.7,-0.344,1.745,-82.54,32.48,0.0984,0.3803,0.0683,,0
2943,174.0,-2.299,0.71,5.86,13.22,0.2554,0.1548,0.1611,,0
2944,316.0,-2.667,0.912,-78.89,16.97,-0.6076,0.1987,0.0949,,0
2945,441.0,0.868,1.296,-110.86,24.12,0.6759,0.2824,0.0261,,0
2946,618.2,0.97,0.858,43.4,15.98,0.3045,0.1871,0.1249,,0
2947,380.5,0.709,0.44,39.34,8.18,0.4899,0.0958,0.4926,,1
2948,752.3,1.018,0.686,41.28,12.76,0.3409,0.1494,0.2179,,0
2949,222.3,2.168,0.955,-49.73,17.78,0.311,0.2081,0.1931,,0
2950,53.1,1.902,1.735,-86.64,32.29,-0.2097,0.3781,0.1141,,0
2951,369.9,0.616,0.414,29.1,7.71,0.38,0.0903,0.4544,,1
2952,934.4,-1.53,1.57,-273.63,29.23,-0.13,0.3422,0.2583,,0
2953,790.9,1.639,1.634,-334.1,30.42,-0.6198,0.3561,0.1101,,0
2954,239.4,0.785,1.049,-134.17,19.52,-0.0499,0.2286,0.1297,,0
2955,937.4,-1.894,1.755,-273.46,32.66,-0.0325,0.3825,0.1564,,0
2956,120.1,2.265,1.156,-156.46,21.52,-1.053,0.252,0.0498,,0
2957,348.4,1.983,1.338,-210.35,24.91,-0.7667,0.2916,0.1195,,0
2958,291.0,1.097,1.108,-176.9,20.62,-0.7008,0.2414,0.1394,,0
2959,704.6,2.691,1.214,-177.06,22.59,0.7055,0.2645,0.1752,,0
2960,479.1,2.983,1.451,-294.39,27.01,-0.9871,0.3162,0.1086,,0
2961,186.4,-0.035,1.2,-36.39,22.34,-0.2857,0.2616,0.167,,0
2962,310.4,2.797,1.138,-154.91,21.18,-0.224,0.248,0.1777,,0
2963,494.1,1.521,1.56,-236.84,29.04,-0.4165,0.3401,0.1208,,0
2964,212.8,-0.068,1.356,-150.43,25.25,-0.5016,0.2956,0.1712,,0
2965,294.2,0.793,0.911,-170.55,16.95,-0.1962,0.1985,0.2818,,0
2966,335.9,1.727,1.268,-55.71,23.61,0.1397,0.2765,0.1298,,0
2967,79.1,-0.607,0.637,-24.81,11.86,0.438,0.1389,0.4058,,1
2968,247.3,-0.76,1.494,-96.93,27.81,0.0954,0.3256,0.1311,,0
2969,227.2,1.245,1.266,-97.85,23.57,-0.4304,0.2759,0.1182,,0
2970,253.7,-0.298,0.346,24.65,6.43,0.3062,0.0753,0.5876,,1
2971,352.8,3.641,1.126,-135.99,20.97,-0.0792,0.2455,0.103,,0
2972,345.7,3.563,1.109,-139.61,20.65,-0.0119,0.2418,0.0958,,0
2973,308.7,0.098,0.528,37.1,9.83,0.3235,0.115,0.2483,,0
2974,45.8,-0.046,1.259,-115.2,23.43,-0.1673,0.2744,0.0533,,0
2975,784.7,0.703,0.98,30.2,18.24,0.1014,0.2135,0.0993,,0
2976,611.0,-0.265,1.174,45.82,21.86,-0.0691,0.2559,0.1679,,0
2977,203.8,-0.2,1.122,-59.69,20.88,0.3008,0.2445,0.1225,,0
2978,317.9,0.379,1.415,-77.01,26.35,-0.6716,0.3085,0.0611,,0
2979,122.5,-2.27,1.699,-91.87,31.62,0.1861,0.3702,0.1507,,0
2980,354.3,2.94,1.535,-246.79,28.56,-0.9964,0.3345,0.11,,0
2981,277.0,4.343,1.279,-198.89,23.81,-0.9657,0.2788,0.1967,,0
2982,243.8,1.63,1.098,-29.95,20.43,0.7101,0.2392,0.1447,,0
2983,40.9,2.273,1.106,-67.62,20.59,0.166,0.2411,0.1714,,0
2984,30.2,1.356,0.959,-87.04,17.85,-0.5501,0.209,0.1236,,0
2985,417.7,1.831,0.706,37.47,13.14,0.3531,0.1539,0.3056,,0
2986,265.4,0.003,1.223,-91.1,22.76,-0.3956,0.2665,0.1002,,0
2987,1.7,2.364,1.237,-63.26,23.02,0.0008,0.2696,0.0632,,0
2988,41.2,0.497,1.362,-117.42,25.35,-0.0989,0.2969,0.1052,,0
2989,171.0,1.056,1.485,-43.49,27.64,0.218,0.3237,0.0798,,0
2990,251.5,-1.1,0.941,-67.0,17.51,-0.2506,0.205,0.1855,,0
2991,79.0,1.09,1.445,-104.09,26.91,0.1272,0.3151,0.1813,,0
2992,382.0,0.91,1.438,-204.84,26.77,-1.0324,0.3134,0.0949,,0
2993,353.8,1.101,1.422,6.1,26.48,0.2193,0.31,0.1099,,0
2994,793.4,2.218,1.643,-334.71,30.59,-0.7046,0.3581,0.0636,,0
2995,460.6,-0.236,1.654,-218.66,30.79,-0.6301,0.3605,0.2619,,0
2996,687.9,-0.397,0.774,22.49,14.41,0.0882,0.1687,0.0392,,0
2997,69.1,0.811,1.008,-86.39,18.76,-0.4833,0.2196,0.1388,,0
2998,537.5,0.981,1.246,-131.24,23.2,0.689,0.2716,0.1098,,0
2999,281.0,1.85,0.82,-83.42,15.26,0.0636,0.1787,0.102,,0
3000,318.2,1.787,1.385,-109.69,25.78,-0.2318,0.3019,0.1149,,0
3001,16.7,0.876,1.291,-91.22,24.03,-0.0545,0.2814,0.1008,,0
3002,266.1,-0.565,1.082,-102.92,20.15,-0.1204,0.2359,0.0123,,0
3003,684.1,-1.253,1.337,46.59,24.89,0.0435,0.2914,0.1666,,0
3004,301.6,2.95,1.507,-105.63,28.05,-0.2363,0.3284,0.0938,,0
3005,30.1,0.395,0.926,-22.46,17.24,-0.0925,0.2018,0.1701,,0
3006,335.9,-0.708,0.552,53.3,10.28,0.1933,0.1203,0.4989,,1
3007,265.7,0.558,0.934,-60.88,17.38,0.1845,0.2035,0.1568,,0
3008,390.3,-0.748,1.098,-110.81,20.44,-0.8995,0.2393,0.0972,,0
3009,44.6,0.958,1.306,-49.65,24.3,0.4827,0.2846,0.0806,,0
3010,822.2,0.968,1.093,36.96,20.34,0.585,0.2381,0.2241,,0
3011,460.4,1.307,1.167,-213.54,21.73,-0.2325,0.2544,0.1401,,0
3012,386.0,0.578,0.423,27.01,7.87,0.365,0.0921,0.4336,,1
3013,313.0,0.058,0.622,19.74,11.59,0.0602,0.1357,0.3344,,0
3014,296.4,1.661,1.048,-92.07,19.5,-0.0045,0.2283,0.0618,,0
3015,844.4,3.013,1.793,-298.18,33.37,0.12,0.3907,0.0119,,0
3016,883.9,0.096,1.156,53.16,21.52,-0.033,0.252,0.2458,,0
3017,172.5,2.851,1.004,-81.03,18.69,0.0901,0.2188,0.1004,,0
3018,197.3,1.733,0.99,-60.58,18.42,0.1473,0.2157,0.1156,,0
3019,400.0,0.869,1.377,-105.15,25.63,0.6554,0.3001,0.0804,,0
3020,496.6,1.19,1.428,-238.63,26.59,-0.5259,0.3113,0.031,,0
3021,126.9,1.57,0.895,-57.98,16.66,0.0857,0.1951,0.0609,,0
3022,293.9,0.376,1.001,-75.54,18.64,0.269,0.2183,0.0488,,0
3023,195.4,0.544,1.477,-92.3,27.5,-0.0617,0.322,0.1179,,0
3024,710.3,-1.383,1.393,52.96,25.94,0.2298,0.3037,0.1969,,0
3025,724.3,-1.092,1.676,-266.64,31.2,-0.1288,0.3653,0.0802,,0
3026,297.3,1.983,1.169,-191.88,21.76,-0.7777,0.2548,0.1607,,0
3027,112.7,0.406,0.562,18.29,10.45,0.4223,0.1224,0.2056,,0
3028,177.3,1.472,0.984,-158.39,18.31,-0.681,0.2144,0.1255,,0
3029,319.9,-0.592,0.694,32.27,12.93,0.6643,0.1513,0.2126,,0
3030,187.2,-0.916,1.134,-47.85,21.11,0.2878,0.2472,0.0908,,0
3031,519.3,0.977,0.616,31.59,11.47,0.257,0.1343,0.3548,,1
3032,115.8,-0.52,0.801,-35.36,14.9,-0.1205,0.1745,0.1683,,0
3033,910.1,-1.34,1.284,55.4,23.9,0.2646,0.2798,0.1414,,0
3034,150.1,1.805,0.846,-126.39,15.75,-0.3031,0.1844,0.1282,,0
3035,407.5,-0.386,1.219,-103.5,22.69,-0.836,0.2656,0.0614,,0
3036,359.0,2.803,1.509,-262.11,28.09,-1.1187,0.3289,0.1435,,0
3037,299.6,0.237,0.553,17.0,10.29,0.2505,0.1204,0.3449,,0
3038,805.6,0.516,1.08,43.28,20.11,0.6385,0.2354,0.37,,1
3039,237.4,0.162,1.521,-51.43,28.31,-0.5454,0.3315,0.1106,,0
3040,341.1,-0.668,1.743,-73.61,32.44,0.1753,0.3799,0.1834,,0
3041,375.3,1.115,1.18,-199.81,21.97,-0.3456,0.2573,0.125,,0
3042,331.5,-1.064,1.242,-75.33,23.11,-0.5893,0.2706,0.0286,,0
3043,615.6,0.375,1.23,-273.36,22.89,-0.916,0.268,0.2232,,0
3044,253.8,1.006,1.409,-188.8,26.24,-0.4822,0.3072,0.2093,,0
3045,45.7,1.25,1.341,-62.9,24.96,-0.2628,0.2922,0.1904,,0
3046,313.5,0.204,0.646,38.21,12.03,0.4127,0.1409,0.0868,,0
3047,718.2,-1.9,1.006,11.37,18.73,0.1101,0.2193,0.0713,,0
3048,217.9,1.001,1.085,-58.79,20.2,0.3519,0.2365,0.1698,,0
3049,162.3,0.214,1.624,-92.15,30.23,0.115,0.3539,0.0496,,0
3050,416.6,0.944,1.629,-97.9,30.31,0.8559,0.355,0.0963,,0
3051,567.9,0.814,0.922,31.88,17.16,0.773,0.2009,0.1545,,0
3052,134.5,-1.1,0.877,-46.43,16.33,0.1312,0.1912,0.0635,,0
3053,295.3,0.511,1.159,-74.72,21.58,0.3078,0.2527,0.0992,,0
3054,334.0,2.8,1.274,-227.26,23.71,-1.0711,0.2776,0.2712,,0
3055,177.5,2.163,0.929,-103.14,17.29,0.064,0.2025,0.1308,,0
3056,256.2,1.055,1.396,-189.65,25.98,-0.4996,0.3042,0.1532,,0
3057,304.7,-2.653,0.918,-84.53,17.09,-0.6325,0.2001,0.0363,,0
3058,472.8,-0.24,0.556,55.51,10.35,0.3156,0.1212,0.1176,,0
3059,596.2,2.354,1.101,-192.63,20.5,0.2026,0.24,0.1142,,0
3060,940.3,-0.481,1.739,-270.82,32.38,-0.0416,0.3791,0.1667,,0
3061,829.5,1.147,1.133,57.05,21.09,-0.0822,0.2469,0.1316,,0
3062,605.3,0.423,1.364,-181.94,25.39,0.2752,0.2973,0.2279,,0
3063,282.8,-0.634,1.333,-90.31,24.81,-0.0043,0.2904,0.2248,,0
3064,828.5,0.545,1.522,-304.33,28.33,-0.435,0.3318,0.2508,,0
3065,910.9,-1.096,1.438,38.31,26.77,0.1667,0.3135,0.1933,,0
3066,495.1,0.784,1.305,-126.98,24.3,0.8862,0.2845,0.1668,,0
3067,264.7,-1.358,0.839,41.11,15.61,0.7739,0.1828,0.1683,,0
3068,219.0,-1.403,0.639,15.79,11.89,0.6128,0.1392,0.4204,,1
3069,716.6,1.879,1.204,-207.17,22.42,0.6369,0.2625,0.167,,0
3070,847.5,1.503,1.175,32.11,21.87,0.1438,0.2561,0.0762,,0
3071,126.4,1.321,0.921,-142.54,17.15,-0.4695,0.2008,0.0646,,0
3072,227.8,3.34,1.347,-191.95,25.08,-0.6774,0.2937,0.1287,,0
3073,334.8,-0.27,0.609,35.06,11.34,0.1884,0.1328,0.2216,,0
3074,151.0,1.382,0.972,-125.64,18.09,-0.4266,0.2118,0.0813,,0
3075,207.6,0.069,1.281,-39.7,23.84,-0.1015,0.2792,0.1937,,0
3076,874.4,-1.387,1.011,60.04,18.82,0.0881,0.2204,0.0682,,0
3077,183.7,1.201,1.592,-83.34,29.64,0.1115,0.347,0.0714,,0
3078,623.8,1.535,0.534,45.23,9.95,0.3933,0.1165,0.1739,,0
3079,458.3,-2.571,2.029,-61.55,37.77,-0.0995,0.4422,0.1648,,0
3080,14.7,0.54,1.11,-87.46,20.67,-0.2006,0.242,0.0897,,0
3081,5.3,-1.598,1.523,-97.36,28.34,-0.3752,0.3319,0.1335,,0
3082,386.7,1.527,1.371,-126.68,25.53,-0.0706,0.2989,0.236,,0
3083,832.7,-1.859,1.406,-264.72,26.17,-0.392,0.3065,0.1736,,0
3084,156.1,0.095,1.196,-46.61,22.27,-0.1842,0.2607,0.047,,0
3085,234.5,0.847,1.122,-81.45,20.88,0.1992,0.2445,0.1753,,0
3086,197.3,-0.229,0.597,25.9,11.1,0.2992,0.13,0.3825,,1
3087,447.1,2.818,0.464,9.8,8.64,0.196,0.1012,0.3152,,0
3088,452.3,2.817,0.465,9.85,8.65,0.1961,0.1013,0.3148,,0
3089,767.2,1.518,1.5,-321.23,27.92,-0.6029,0.3269,0.1491,,0
3090,259.5,0.475,1.47,-44.57,27.36,-0.1697,0.3203,0.0556,,0
3091,348.4,2.004,1.025,-81.54,19.07,0.1237,0.2233,0.0574,,0
3092,800.7,-1.543,1.694,5.12,31.54,-0.2821,0.3693,0.0804,,0
3093,415.3,0.598,1.39,-104.95,25.87,0.3031,0.3029,0.0551,,0
3094,414.2,-1.048,1.791,-84.61,33.34,-0.5846,0.3903,0.1159,,0
3095,290.6,2.097,1.349,-164.02,25.12,-0.0829,0.2941,0.0321,,0
3096,51.4,1.819,1.096,-92.12,20.41,-0.7984,0.239,0.1794,,0
3097,291.3,0.42,0.717,12.84,13.35,0.2397,0.1563,0.2282,,0
3098,186.0,0.865,1.194,-183.68,22.22,-0.879,0.2602,0.0715,,0
3099,520.5,0.13,0.971,45.12,18.07,0.329,0.2116,0.2446,,0
3100,210.0,-0.111,1.3,-144.67,24.21,-0.8063,0.2834,0.1537,,0
3101,46.1,1.751,0.939,-130.5,17.47,-0.606,0.2046,0.1245,,0
3102,561.7,0.967,0.627,37.21,11.67,0.2808,0.1366,0.417,,1
3103,174.5,1.428,1.374,-77.37,25.58,-0.4549,0.2995,0.1657,,0
3104,570.3,-0.405,1.361,-273.89,25.33,-0.4084,0.2966,0.232,,0
3105,647.1,-1.034,1.715,-259.94,31.93,0.1347,0.3738,0.1834,,0
3106,621.0,0.425,1.411,9.44,26.26,-0.1262,0.3075,0.1971,,0
3107,344.2,0.729,1.142,-111.14,21.26,0.452,0.2489,0.0912,,0
3108,383.0,0.164,0.571,45.51,10.62,0.4965,0.1244,0.2368,,0
3109,492.3,4.337,1.313,-167.51,24.43,0.2626,0.2861,0.0455,,0
3110,204.7,-0.247,0.862,-112.44,16.04,-0.5389,0.1878,0.0217,,0
3111,920.9,-0.012,1.278,75.49,23.79,0.0866,0.2785,0.1516,,0
3112,708.2,-1.348,1.297,61.26,24.13,0.0059,0.2826,0.1673,,0
3113,53.8,2.769,1.191,-149.94,22.18,-0.466,0.2597,0.1265,,0
3114,24.6,0.596,1.407,-115.12,26.19,-0.128,0.3066,0.2169,,0
3115,869.8,0.641,1.015,58.76,18.88,0.07,0.2211,0.1635,,0
3116,274.4,1.115,1.137,-46.25,21.16,0.3699,0.2477,0.0241,,0
3117,137.3,0.356,1.353,-62.21,25.19,0.048,0.295,0.1824,,0
3118,338.8,1.707,0.803,-85.93,14.95,0.2316,0.175,0.1276,,0
3119,48.3,3.265,0.942,-111.49,17.54,-0.3976,0.2053,0.1289,,0
3120,385.5,2.196,0.645,30.38,12.01,0.2326,0.1406,0.1303,,0
3121,818.8,0.342,1.105,44.88,20.58,0.2302,0.2409,0.053,,0
3122,760.4,-0.419,1.296,15.33,24.12,0.0926,0.2824,0.1195,,0
3123,483.1,0.462,1.609,-137.92,29.96,0.063,0.3508,0.0795,,0
3124,329.3,1.004,1.326,-61.17,24.68,-0.668,0.289,0.1392,,0
3125,330.0,2.454,1.349,-211.92,25.12,-1.1955,0.2941,0.2082,,0
3126,388.2,1.348,0.433,47.24,8.05,0.461,0.0943,0.4056,,1
3127,523.3,1.098,0.513,27.35,9.54,0.4475,0.1117,0.2416,,0
3128,177.1,1.211,1.469,-78.94,27.34,0.2227,0.3201,0.1689,,0
3129,664.0,1.144,1.525,-224.94,28.38,0.0737,0.3323,0.1582,,0
3130,503.9,0.164,0.973,24.7,18.11,0.53,0.2121,0.1295,,0
3131,699.7,0.009,1.366,-232.87,25.43,-0.3567,0.2978,0.1022,,0
3132,185.8,0.18,1.521,-78.18,28.31,-0.1503,0.3315,0.1079,,0
3133,305.6,0.613,1.187,-202.59,22.1,-0.7323,0.2587,0.1317,,0
3134,591.4,2.361,0.535,36.75,9.96,0.4411,0.1167,0.1392,,0
3135,211.3,1.448,1.161,-176.27,21.61,-0.418,0.253,0.1669,,0
3136,574.9,-0.666,1.184,-275.73,22.03,-0.5133,0.258,0.2894,,0
3137,240.4,1.52,1.736,1.4,32.32,-0.1912,0.3785,0.2255,,0
3138,24.7,1.619,0.982,-52.21,18.28,0.1738,0.2141,0.1992,,0
3139,902.6,-1.802,1.272,72.34,23.68,0.0506,0.2773,0.3978,,1
3140,601.7,-0.392,1.574,25.16,29.3,-0.0964,0.3431,0.2036,,0
3141,593.2,0.409,1.393,-138.84,25.92,0.7944,0.3035,0.1326,,0
3142,905.0,-1.175,1.818,-254.66,33.84,0.2092,0.3962,0.0508,,0
3143,110.1,-0.426,1.582,-83.96,29.45,-0.213,0.3449,0.1477,,0
3144,358.9,-0.334,0.703,55.08,13.08,0.1997,0.1532,0.0733,,0
3145,107.4,0.967,1.036,10.14,19.29,0.5898,0.2259,0.1372,,0
3146,349.8,0.586,0.684,27.5,12.73,0.1486,0.1491,0.4099,,1
3147,327.2,1.592,0.983,-68.11,18.3,0.4147,0.2143,0.2402,,0
3148,79.1,2.206,1.076,-22.2,20.04,0.4073,0.2346,0.209,,0
3149,84.5,1.568,0.963,-55.78,17.93,0.1467,0.21,0.052,,0
3150,91.6,1.57,0.962,-55.85,17.91,0.1468,0.2097,0.0517,,0
3151,166.1,-0.677,0.576,8.93,10.73,0.1641,0.1256,0.2165,,0
3152,129.9,-0.07,1.161,-84.56,21.62,-0.0625,0.2531,0.1915,,0
3153,680.7,0.278,1.082,56.83,20.13,0.0792,0.2357,0.1339,,0
3154,4.2,-1.151,1.619,-97.45,30.13,-0.5029,0.3528,0.1222,,0
3155,146.1,0.292,0.884,-117.87,16.45,-0.5982,0.1926,0.1365,,0
3156,22.3,0.425,1.528,-81.88,28.44,0.4156,0.333,0.1251,,0
3157,212.3,1.523,0.856,0.49,15.93,0.3777,0.1866,0.247,,0
3158,262.3,0.669,1.196,-45.02,22.27,0.068,0.2608,0.0852,,0
3159,447.2,2.707,1.165,-234.64,21.69,-0.182,0.254,0.138,,0
3160,371.3,1.267,1.509,-212.22,28.09,-0.8775,0.329,0.0983,,0
3161,536.1,0.646,1.579,6.31,29.4,0.123,0.3442,0.2053,,0
3162,834.5,0.983,1.266,48.24,23.56,0.0886,0.2759,0.1182,,0
3163,74.6,2.556,0.991,-68.1,18.44,0.1946,0.2159,0.1865,,0
3164,319.2,-0.064,1.753,-15.97,32.64,-0.0107,0.3821,0.1872,,0
3165,509.5,-0.717,1.511,-303.19,28.12,-0.7048,0.3293,0.1143,,0
3166,719.1,0.331,0.752,53.41,14.0,0.1417,0.1639,0.136,,0
3167,530.1,1.725,0.822,23.62,15.3,0.4547,0.1791,0.1857,,0
3168,147.6,0.261,1.142,-125.6,21.25,-0.7284,0.2488,0.035,,0
3169,382.6,-0.08,0.611,32.52,11.36,0.4109,0.1331,0.305,,0
3170,225.4,0.908,1.681,-79.82,31.29,-0.2369,0.3664,0.0903,,0
3171,278.6,0.579,1.113,-75.82,20.72,0.0772,0.2426,0.0688,,0
3172,579.6,4.456,1.279,-184.1,23.8,0.2078,0.2787,0.3509,,1
3173,669.7,2.908,1.312,-191.49,24.42,0.2478,0.286,0.1262,,0
3174,566.0,-0.153,1.502,-231.47,27.95,-0.4087,0.3273,0.1854,,0
3175,53.6,1.202,0.668,-31.6,12.43,0.5208,0.1456,0.2938,,0
3176,569.8,-0.247,1.39,-2.63,25.88,0.5183,0.303,0.2181,,0
3177,129.2,2.271,0.702,-48.98,13.07,0.1993,0.153,0.18,,0
3178,62.7,0.871,1.662,-64.4,30.93,-0.3815,0.3622,0.2564,,0
3179,214.9,2.102,0.956,-51.01,17.8,0.3181,0.2084,0.2429,,0
3180,153.7,0.413,1.355,-79.58,25.22,-0.9002,0.2953,0.1508,,0
3181,450.4,2.846,0.959,-203.98,17.86,-0.3668,0.2091,0.098,,0
3182,334.7,1.195,0.825,40.49,15.36,0.7892,0.1799,0.1267,,0
3183,82.1,0.585,1.015,-50.49,18.9,-0.0553,0.2213,0.0496,,0
3184,521.5,4.492,1.166,-194.96,21.7,-0.4316,0.2541,0.0873,,0
3185,487.6,1.005,0.634,52.58,11.8,0.4193,0.1382,0.5568,,1
3186,43.3,2.622,1.141,-83.49,21.24,-0.2546,0.2487,0.0812,,0
3187,470.0,2.262,1.258,-207.44,23.42,-0.1546,0.2742,0.0192,,0
3188,115.1,-0.254,1.653,-69.55,30.77,-0.2325,0.3603,0.1471,,0
