{
  "median": 0.5255103160451076,
  "mad": 0.051599077342754984,
  "p50": 0.5255103160451076,
  "p97_5": 0.6405667232920996,
  "p99": 0.6561188092244266,
  "abnormal_high": 0.8091203933611636,
  "lo": 0.29427172839255544,
  "hi": 0.6787773224179989,
  "n": 1440,
  "metric": "cri_point_max",
  "source": "synthetic_healthy",
  "regime": {
    "noise_mm": 10.0,
    "span_days": 552.0,
    "n_epochs": 24
  }
}