{"eastings": 209461.0841913188, "northings": 529560.5180256731, "orthogonal_height": 0.0, "x_axis_abscissa": -0.20590919480707612, "x_axis_ordinate": 0.9785711029321792, "scale": 1.0, "target_crs": "EPSG:5186", "source": "manual"}